code,date,open,high,low,close,adjusted_close
NVDA,2004-11-02,14.69,15.3,14.6204,14.99,1.1457
AAPL,2004-11-04,55.0312,55.552,54.3704,54.4488,0.822
NVDA,2004-11-01,14.66,14.79,14.48,14.78,1.1297
AAPL,2004-10-04,39.1776,39.1776,38.752,38.7912,0.5857
AAPL,2004-10-08,39.5584,39.7712,38.8416,39.06,0.5897
NVDA,2004-10-13,14.75,14.94,14.1104,14.2304,1.0876
AAPL,2004-10-01,39.1216,39.1888,38.5784,38.668,0.5838
AAPL,2004-10-12,38.5,38.5784,37.6488,38.2872,0.578
NVDA,2004-10-20,13.53,13.79,13.4504,13.73,1.0494
AAPL,2004-10-11,38.8024,39.06,38.1976,38.5896,0.5826
AAPL,2004-10-22,47.5384,47.6672,47.0176,47.4096,0.7158
NVDA,2004-10-29,14.5904,14.79,14.34,14.4704,1.106
NVDA,2004-10-19,14,14.1104,13.47,13.5704,1.0372
NVDA,2004-10-21,13.82,14.22,13.76,14.04,1.0731
NVDA,2004-10-26,14.66,15.1904,14.1704,14.49,1.1075
AAPL,2004-10-05,38.5616,39.6704,38.3992,39.368,0.5944
NVDA,2004-10-18,13.34,13.8,13.23,13.6604,1.0441
NVDA,2004-10-27,14.4,15.1604,14.2304,14.8904,1.1381
NVDA,2004-10-25,13.17,13.6304,13.14,13.34,1.0196
NVDA,2004-10-28,14.69,15,14.5904,14.73,1.1259
AAPL,2004-09-29,37.9288,38.8584,37.8224,38.6792,0.584
AAPL,2004-10-20,47.18,47.6,46.648,47.4712,0.7167
NVDA,2004-10-07,15.54,15.89,15.27,15.35,1.1733
AAPL,2004-10-13,38.8696,39.76,38.7408,39.7488,0.6001
NVDA,2004-10-15,13.83,13.85,13.08,13.4204,1.0257
NVDA,2004-10-14,14.36,14.36,13.7,13.8,1.0548
NVDA,2004-11-04,15.11,15.6,14.9204,15.41,1.1778
AAPL,2004-10-21,47.4824,48.132,47.3592,47.9416,0.7238
NVDA,2004-10-12,14.04,14.43,13.8104,14.3204,1.0945
AAPL,2004-10-06,39.5024,40.7624,39.4688,40.6392,0.6136
NVDA,2004-10-04,15.44,15.75,15.2204,15.5504,1.1885
AAPL,2004-10-19,48.0984,48.3504,47.3088,47.4208,0.7159
AAPL,2004-09-28,37.4584,38.2872,37.4472,38.0408,0.5743
NVDA,2004-10-08,15.24,15.2504,14.3804,14.51,1.109
AAPL,2004-10-18,44.6992,47.7512,44.6992,47.7512,0.7209
NVDA,2004-10-01,14.5904,15.2,14.52,15.12,1.1557
AAPL,2004-10-15,44.8784,45.612,44.1896,45.5,0.6869
AAPL,2004-09-27,36.9488,37.9792,36.8312,37.5312,0.5666
NVDA,2004-10-11,14.5304,14.82,14.27,14.5304,1.1106
NVDA,2004-10-22,14.1704,14.2004,13.2404,13.28,1.015
AAPL,2004-10-14,43.1928,45.752,42.5488,44.9792,0.6791
AAPL,2004-09-30,38.9984,39.2728,38.4496,38.752,0.5851
NVDA,2004-10-05,15.29,15.57,15.06,15.2,1.1618
AAPL,2004-10-07,40.5384,40.9304,39.4576,39.62,0.5982
NVDA,2004-09-24,14.5512,14.57,13.8404,14.0504,1.0739
NVDA,2004-09-21,14.88,15.18,14.82,15.06,1.1511
NVDA,2004-09-29,13.9904,14.7404,13.8104,14.34,1.0961
NVDA,2004-09-22,14.6804,15.02,14.2904,14.36,1.0976
AAPL,2004-09-03,35.0112,35.9184,35.0112,35.2296,0.5319
NVDA,2004-10-06,15.17,15.33,14.82,15.26,1.1664
NVDA,2004-09-10,13.44,14.1404,13.28,14.07,1.0754
NVDA,2004-09-09,12.62,13.77,12.56,13.55,1.0357
AAPL,2004-09-01,34.3,35.9912,34.188,35.8624,0.5414
AAPL,2004-09-02,35.4984,35.812,34.832,35.6608,0.5384
AAPL,2004-09-07,35.3976,36.1928,35.2296,35.7616,0.5399
AAPL,2004-09-08,35.7,36.568,35.6776,36.3496,0.5488
AAPL,2004-09-23,37.0384,37.4976,36.932,37.268,0.5627
AAPL,2004-09-15,35.3584,35.4816,34.7984,35.2016,0.5315
NVDA,2004-09-28,13.76,14.12,13.58,14,1.0701
AAPL,2004-09-21,37.7496,38.8696,37.4584,38.0072,0.5738
NVDA,2004-09-17,14.22,14.766,14.1,14.69,1.1228
AAPL,2004-09-24,37.4472,38.0016,37.1504,37.2904,0.563
NVDA,2004-09-27,13.94,14.1,13.55,13.8,1.0548
AAPL,2004-09-22,38.1024,38.1416,36.8088,36.9208,0.5574
NVDA,2004-09-16,13.83,14.25,13.7804,14.1104,1.0785
NVDA,2004-09-30,14.5004,14.85,14.2304,14.52,1.1098
NVDA,2004-09-20,14.4,15.09,14.22,14.67,1.1213
NVDA,2004-09-13,14.0504,14.6204,14.03,14.34,1.0961
AAPL,2004-09-17,36.5512,37.38,36.4,37.1392,0.5607
NVDA,2004-09-03,12.8204,13.08,12.71,12.8204,0.9799
AAPL,2004-08-27,34.6808,34.7592,33.9976,34.3504,0.5186
NVDA,2004-09-14,14.21,14.5004,14.1,14.4,1.1006
AAPL,2004-09-10,35.6608,36.232,35.4592,35.868,0.5415
AAPL,2004-09-09,36.0976,36.2992,35.28,35.7,0.539
AAPL,2004-09-16,35.2016,36.7584,35.0784,36.3496,0.5488
AAPL,2004-08-26,33.04,35.1792,32.7376,34.6584,0.5233
NVDA,2004-09-01,12.3,12.8804,12.14,12.7004,0.9707
NVDA,2004-09-02,12.7692,13.32,12.6404,13.22,1.0105
AAPL,2004-09-20,36.8816,37.9792,36.8704,37.7104,0.5693
NVDA,2004-09-07,12.9104,13.17,12.41,12.5804,0.9615
AAPL,2004-08-30,33.9976,34.72,33.9584,34.1208,0.5151
NVDA,2004-09-08,12.5804,12.7004,12.29,12.32,0.9417
NVDA,2004-09-23,14.5304,14.57,14.1104,14.49,1.1075
NVDA,2004-09-15,13.95,14,13.4204,13.6004,1.0395
AAPL,2004-09-14,35.2408,35.5488,34.7816,35.4928,0.5359
AAPL,2004-08-25,31.8696,33.152,31.7296,33.0512,0.499
AAPL,2004-09-13,35.8792,36.0696,35.3192,35.588,0.5373
AAPL,2004-08-31,34.0704,34.9496,33.9976,34.4904,0.5207
AAPL,2004-08-04,31.192,32.1216,31.1696,31.7912,0.48
AAPL,2004-08-24,31.2592,31.948,31.192,31.948,0.4823
NVDA,2004-08-11,10.4204,10.49,10.25,10.32,0.7888
AAPL,2004-08-06,30.9008,31.1024,29.7024,29.7808,0.4496
AAPL,2004-08-05,31.808,32.3008,31.248,31.388,0.4739
AAPL,2004-08-03,31.4496,31.7184,31.1472,31.2872,0.4724
NVDA,2004-08-10,10.44,10.73,10.23,10.6304,0.8125
NVDA,2004-08-18,11.0204,11.7,10.9304,11.7,0.8943
AAPL,2004-08-13,30.5984,31.2816,30.4024,30.8392,0.4656
AAPL,2004-08-23,30.8616,31.2704,30.5984,31.08,0.4692
NVDA,2004-08-19,11.58,11.84,11.48,11.66,0.8912
NVDA,2004-08-12,10.35,10.38,10.0604,10.08,0.7704
NVDA,2004-08-27,12.71,13.1204,12.7004,12.9404,0.989
NVDA,2004-08-09,9.68,10.07,9.51,9.8504,0.7529
NVDA,2004-08-26,12.63,12.78,12.5504,12.7004,0.9707
AAPL,2004-08-18,30.5088,31.8528,30.492,31.7408,0.4792
NVDA,2004-08-30,12.89,12.96,12.4992,12.51,0.9562
AAPL,2004-08-11,31.1024,31.1304,30.2624,31.0072,0.4681
AAPL,2004-08-19,31.5112,31.8584,30.3576,30.7104,0.4637
NVDA,2004-08-25,12.42,12.7604,12.1904,12.6704,0.9684
NVDA,2004-08-20,11.6,12.5204,11.5604,12.35,0.944
AAPL,2004-08-10,30.3912,31.5392,30.352,31.5224,0.4759
AAPL,2004-08-12,30.4472,30.8504,30.2792,30.3688,0.4585
AAPL,2004-08-09,29.848,30.4472,29.8088,30.3016,0.4575
NVDA,2004-08-17,10.6304,11.03,10.53,10.97,0.8385
NVDA,2004-08-16,10.38,10.6604,10.32,10.4,0.7949
AAPL,2004-07-30,32.648,33.0008,31.9984,32.34,0.4883
AAPL,2004-07-29,32.4688,32.8216,32.1328,32.6424,0.4928
NVDA,2004-08-04,14.8004,15.11,14.63,14.97,1.1442
NVDA,2004-08-05,15.05,15.2,14.3,14.5604,1.1129
NVDA,2004-08-31,12.56,12.62,12.0704,12.4604,0.9524
NVDA,2004-08-06,10.19,10.2,9.3,9.4304,0.7208
AAPL,2004-07-28,32.312,32.4128,31.1584,32.2728,0.4872
AAPL,2004-08-20,30.7104,30.9904,30.492,30.8,0.465
NVDA,2004-08-03,15.69,15.7004,14.69,14.81,1.132
AAPL,2004-07-27,31.8024,32.7488,31.5728,32.4296,0.4896
NVDA,2004-08-24,12.8,12.86,11.91,12.15,0.9287
AAPL,2004-07-26,30.8504,31.4496,30.7776,31.2592,0.4719
NVDA,2004-08-13,10.3004,10.5704,10.23,10.5,0.8026
AAPL,2004-08-17,30.5816,31.1304,30.352,30.8672,0.466
AAPL,2004-08-16,31.0016,31.7184,30.6376,30.7776,0.4647
NVDA,2004-08-23,12.62,12.75,12.48,12.62,0.9646
AAPL,2004-08-02,31.1808,32.2,31.1304,31.5784,0.4768
NVDA,2004-07-12,16.43,16.9004,16.29,16.5104,1.2619
AAPL,2004-07-01,32.0992,32.48,31.8976,32.3008,0.4877
AAPL,2004-07-09,30.268,30.4976,30.0272,30.0272,0.4533
AAPL,2004-06-30,32.5584,32.9728,31.892,32.5416,0.4913
NVDA,2004-07-20,15.3404,15.72,15.1904,15.66,1.1969
AAPL,2004-07-13,29.2488,29.6016,29.0192,29.2208,0.4412
NVDA,2004-07-30,15.23,15.7004,15.03,15.42,1.1786
NVDA,2004-07-29,14.54,15.62,14.4404,15.2504,1.1656
AAPL,2004-07-23,31.528,31.752,30.4808,30.6992,0.4635
AAPL,2004-06-29,32.0712,32.9896,31.4104,32.5024,0.4907
AAPL,2004-07-06,31.2704,31.4216,30.8,30.9512,0.4673
AAPL,2004-07-22,31.248,31.7296,31.0576,31.6792,0.4783
NVDA,2004-07-08,18.05,18.35,17.63,17.66,1.3498
AAPL,2004-07-20,31.948,32.2,31.5504,32.2,0.4861
NVDA,2004-07-28,14.6504,14.7,13.9004,14.31,1.0938
NVDA,2004-07-07,18.36,18.74,18.1304,18.2204,1.3926
NVDA,2004-07-27,14.06,14.72,13.8404,14.6804,1.122
NVDA,2004-07-26,14.8004,14.94,14.07,14.21,1.0861
NVDA,2004-07-21,15.9,15.92,14.66,14.7104,1.1243
AAPL,2004-07-21,32.4184,32.7096,31.3376,31.6176,0.4773
NVDA,2004-07-19,15.4004,15.5204,15.0104,15.35,1.1733
AAPL,2004-07-12,30.0216,30.0384,28.9296,29.1424,0.44
NVDA,2004-07-16,16.1,16.14,15.18,15.18,1.1603
AAPL,2004-07-02,30.4808,31.1808,29.7304,31.08,0.4692
AAPL,2004-07-19,32.0096,32.2224,31.6624,31.9704,0.4827
AAPL,2004-06-25,33.068,33.7008,33.0008,33.7008,0.5088
AAPL,2004-06-28,34.1824,34.188,32.2112,32.4912,0.4905
NVDA,2004-07-15,15.9104,16.08,15.54,15.6404,1.1954
NVDA,2004-07-14,15.9,16.34,15.4304,15.75,1.2038
AAPL,2004-07-08,30.128,30.6824,29.9488,30.1392,0.455
AAPL,2004-07-16,32.7992,32.9224,32.1216,32.2,0.4861
AAPL,2004-07-07,30.8504,31.36,30.128,30.3912,0.4588
NVDA,2004-07-13,16.71,17,16.3004,16.4804,1.2596
NVDA,2004-07-01,20.7,20.73,19.5,19.53,1.4927
NVDA,2004-07-09,17.6504,17.66,16.5704,16.9004,1.2917
NVDA,2004-06-30,20.22,20.79,20.22,20.4704,1.5646
NVDA,2004-08-02,15.39,15.68,15.17,15.62,1.1939
NVDA,2004-06-29,20.2004,20.8004,20.12,20.7704,1.5875
AAPL,2004-07-15,32.6592,33.628,32.1104,32.928,0.4971
NVDA,2004-07-06,19.23,19.23,17.9204,18.1304,1.3857
AAPL,2004-07-14,28.8624,29.9712,28.7392,29.5792,0.4466
NVDA,2004-07-23,15.12,15.14,14.52,14.6204,1.1175
AAPL,2004-06-24,33.5104,33.7008,32.9784,33.18,0.5009
NVDA,2004-07-22,14.79,15.1004,14.4,15.02,1.148
AAPL,2004-06-23,33.0008,33.8296,32.8888,33.7008,0.5088
NVDA,2004-07-02,19.7292,19.7504,19.11,19.26,1.4721
AAPL,2004-06-10,30.2008,30.968,30.2008,30.7384,0.4641
AAPL,2004-06-21,33.1184,33.4992,32.1216,32.3288,0.4881
NVDA,2004-06-17,20.03,20.49,19.6304,19.73,1.508
NVDA,2004-06-16,20.39,20.52,20.0504,20.13,1.5386
AAPL,2004-06-09,30.0888,30.7104,29.9992,30.2008,0.456
NVDA,2004-06-22,19.5,20.0504,19.3904,19.9604,1.5256
NVDA,2004-06-18,19.8104,20.31,19.5,19.76,1.5103
AAPL,2004-05-28,28.0784,28.2688,27.7984,28.0616,0.4237
AAPL,2004-05-27,28.4592,28.5992,27.8208,28.168,0.4253
NVDA,2004-06-28,20.54,20.61,20,20.0804,1.5348
NVDA,2004-06-25,20.0204,20.49,20.0204,20.25,1.5478
AAPL,2004-06-17,32.5584,33.1296,32.2112,32.8104,0.4954
NVDA,2004-06-07,22.25,22.6904,21.99,22.44,1.7152
AAPL,2004-06-08,29.988,30.4416,29.8312,30.352,0.4582
AAPL,2004-06-16,30.66,33.32,30.5312,32.7376,0.4943
AAPL,2004-06-22,32.3008,33.0904,32.2896,33.0008,0.4982
AAPL,2004-06-18,32.6592,33.4096,32.4296,32.9112,0.4969
NVDA,2004-06-24,20.84,20.91,19.97,20.12,1.5378
NVDA,2004-06-15,20.5004,20.76,20.2604,20.45,1.5631
NVDA,2004-06-04,22.6304,22.6304,21.89,21.9104,1.6747
AAPL,2004-05-25,27.5016,28.5096,27.2888,28.4088,0.4289
NVDA,2004-06-23,19.9004,20.3804,19.85,20.3,1.5516
NVDA,2004-06-01,23.1104,23.67,23.0204,23.43,1.7908
NVDA,2004-06-03,23.2604,23.31,22.0604,22.13,1.6915
NVDA,2004-06-02,24,24.11,23.2304,23.25,1.7771
AAPL,2004-06-07,29.0416,29.9824,28.812,29.8088,0.45
AAPL,2004-06-15,30.5424,31.1416,30.2624,30.688,0.4633
AAPL,2004-06-14,30.6488,30.6824,29.5008,30.1224,0.4548
NVDA,2004-06-14,20.69,20.69,19.9904,20.15,1.5401
NVDA,2004-06-10,21.2,21.39,20.61,20.8004,1.5898
AAPL,2004-06-04,28.56,29.2488,28.5096,28.7784,0.4345
AAPL,2004-05-26,28.3304,28.7784,28,28.5096,0.4304
NVDA,2004-05-28,22.8,23.58,22.67,23.45,1.7924
NVDA,2004-06-21,19.79,20.1,19.28,19.41,1.4836
NVDA,2004-05-27,22.8704,23.21,22.5404,22.5704,1.7251
AAPL,2004-05-24,27.2888,27.8992,27.1096,27.3392,0.4128
AAPL,2004-06-01,27.7928,28.2016,27.608,28.0616,0.4237
NVDA,2004-06-09,22.17,22.2,20.94,21.0104,1.6059
AAPL,2004-06-03,28.7224,28.9912,28.2912,28.3976,0.4287
AAPL,2004-06-02,28.028,29.1704,27.7984,28.9184,0.4366
AAPL,2004-05-20,26.628,26.9976,26.4712,26.712,0.4033
NVDA,2004-06-08,22.35,22.35,21.71,22.04,1.6846
NVDA,2004-05-25,21.2204,22.1504,20.79,22.05,1.6854
NVDA,2004-05-14,21.6,21.98,21.4004,21.51,1.6441
NVDA,2004-05-06,21.5,22.08,21.05,21.9104,1.6747
AAPL,2004-05-18,26.9696,27.2888,26.8016,27.0592,0.4085
NVDA,2004-05-04,20.55,21.81,20.5004,21.5504,1.6471
AAPL,2004-05-10,26.2696,26.6,25.9392,26.2808,0.3968
AAPL,2004-05-17,26.7008,27.0592,26.3592,26.6392,0.4022
AAPL,2004-05-19,27.4008,27.5016,26.4208,26.4712,0.3997
NVDA,2004-05-13,21.26,21.9,21.2,21.51,1.6441
NVDA,2004-05-26,21.9704,22.8,21.92,22.5,1.7198
AAPL,2004-05-21,26.9024,27.1992,26.7288,27.1096,0.4093
AAPL,2004-05-14,27.2496,27.3224,26.4488,27.0592,0.4085
AAPL,2004-05-07,26.5496,27.5688,26.5496,26.6672,0.4026
AAPL,2004-04-27,27.2384,27.44,26.6896,26.9416,0.4068
NVDA,2004-05-03,20.7404,20.9504,19.9004,20.2604,1.5485
AAPL,2004-05-13,27.0984,27.72,26.9024,27.188,0.4105
NVDA,2004-05-05,21.57,21.92,21.39,21.7304,1.6609
AAPL,2004-05-06,26.3984,26.7512,25.9,26.5776,0.4013
AAPL,2004-05-04,25.9728,26.5496,25.5024,26.1408,0.3947
NVDA,2004-05-12,21.6404,21.65,20.69,21.44,1.6387
NVDA,2004-05-24,21.1604,21.3704,20.88,21.1304,1.615
NVDA,2004-05-20,21.42,21.78,21.0404,21.15,1.6166
NVDA,2004-05-11,21.4904,21.95,21.4004,21.74,1.6617
NVDA,2004-04-30,21.42,21.45,20.4404,20.52,1.5684
AAPL,2004-04-28,26.8184,27.0088,26.3424,26.4488,0.3993
NVDA,2004-04-29,21.93,22.07,21.15,21.44,1.6387
AAPL,2004-05-12,26.7904,27.3392,26.2416,27.3,0.4122
AAPL,2004-04-21,27.6024,28.1176,27.3728,27.7312,0.4187
AAPL,2004-05-03,26.0008,26.3312,25.7376,26.068,0.3936
AAPL,2004-05-05,26.2024,26.7512,25.9616,26.6504,0.4024
NVDA,2004-05-18,21.36,21.7604,21.2804,21.51,1.6441
NVDA,2004-05-10,21.5204,21.72,20.75,21.2204,1.6219
AAPL,2004-04-22,27.5576,28.1792,27.1096,27.7816,0.4194
NVDA,2004-05-17,21.2,21.48,20.85,21.17,1.6181
AAPL,2004-05-11,26.3984,27.188,26.3984,27.1376,0.4097
AAPL,2004-04-30,26.712,26.9584,25.4912,25.7824,0.3893
NVDA,2004-05-19,21.99,22.3004,21.35,21.4604,1.6403
NVDA,2004-04-27,22.5104,23.19,22.0604,22.14,1.6922
AAPL,2004-04-20,28.2128,28.4088,27.5576,27.7312,0.4187
AAPL,2004-04-26,27.58,27.6416,26.9976,27.132,0.4096
AAPL,2004-04-19,28.1176,28.7504,27.832,28.3528,0.4281
AAPL,2004-04-23,27.6976,28,27.048,27.6976,0.4182
NVDA,2004-05-21,21.4004,21.4304,20.91,21.2,1.6204
AAPL,2004-04-29,26.4488,26.9976,25.9784,26.768,0.4041
NVDA,2004-05-07,22.55,22.97,21.96,22.08,1.6877
NVDA,2004-04-28,22.1504,22.49,21.8804,22.05,1.6854
AAPL,2004-04-16,29.148,29.3104,28.4984,29.1816,0.4406
AAPL,2004-03-31,27.9216,27.9776,26.9472,27.0424,0.4083
NVDA,2004-04-07,26.2904,26.3504,25.5404,26,1.9873
AAPL,2004-04-05,27.4792,28.3696,27.44,28.3192,0.4276
NVDA,2004-04-15,25.41,25.52,24.3,24.41,1.8657
NVDA,2004-04-21,22.64,23.4,22.44,22.61,1.7282
NVDA,2004-04-22,22.49,23.12,21.93,22.74,1.7381
NVDA,2004-04-06,26.7,26.8904,26,26.1404,1.998
AAPL,2004-03-26,26.9976,27.3616,26.908,27.0424,0.4083
NVDA,2004-04-20,23.64,23.9,22.5704,22.58,1.7259
AAPL,2004-03-24,25.2672,25.7488,25.2672,25.5024,0.385
NVDA,2004-03-30,25.2348,26.28,25.2104,26.16,1.9995
AAPL,2004-03-23,25.8776,26.0008,25.2224,25.2896,0.3818
AAPL,2004-03-22,25.368,26.1688,25.2504,25.8608,0.3904
AAPL,2004-04-02,27.748,27.9328,27.2328,27.5016,0.4152
NVDA,2004-04-13,26.48,26.5004,25.5,25.6304,1.959
AAPL,2004-04-01,26.8912,27.272,26.6224,27.1096,0.4093
NVDA,2004-04-12,26.9504,27.0704,26.0804,26.24,2.0056
AAPL,2004-04-07,27.608,27.6976,26.9192,27.3112,0.4123
NVDA,2004-04-19,23.6204,23.75,23.16,23.58,1.8023
AAPL,2004-04-15,28.8176,29.5792,28.1624,29.2992,0.4423
NVDA,2004-04-23,23.0204,23.63,22.95,23.24,1.7763
NVDA,2004-04-08,26.58,27,26.3804,26.7404,2.0438
AAPL,2004-04-06,27.7088,28.1512,27.4288,27.832,0.4202
NVDA,2004-03-31,26.2904,26.6804,26.15,26.4,2.0178
AAPL,2004-03-19,25.5584,26.9416,25.5416,25.8608,0.3904
NVDA,2004-04-26,23.2904,23.39,22.2704,22.3304,1.7068
AAPL,2004-03-18,25.9392,26.0624,25.592,25.6704,0.3876
NVDA,2004-04-14,25.5,26.24,25.2104,25.76,1.9689
AAPL,2004-04-13,27.9776,28.028,26.8408,26.9304,0.4066
NVDA,2004-04-16,24.23,24.32,23.5604,23.61,1.8046
NVDA,2004-04-05,26.42,27.35,26.16,27.24,2.082
NVDA,2004-03-26,24.35,24.7304,24.02,24.35,1.8612
AAPL,2004-04-12,27.5016,28.1008,27.4904,28.0392,0.4233
AAPL,2004-03-29,27.3728,27.9888,27.1992,27.9104,0.4214
AAPL,2004-04-08,27.8824,28,27.1992,27.5296,0.4156
AAPL,2004-03-17,25.9616,26.3816,25.7824,26.1912,0.3954
AAPL,2004-03-25,26.1408,26.908,25.8888,26.8688,0.4057
NVDA,2004-03-24,22.05,23.45,22.0004,23.0804,1.7641
AAPL,2004-03-30,27.7424,27.9496,27.3392,27.9216,0.4215
AAPL,2004-04-14,26.74,27.0704,26.3088,26.6392,0.4022
NVDA,2004-04-02,26.5004,26.67,25.7,26.3,2.0102
NVDA,2004-04-01,26.69,26.97,25.2704,25.9304,1.9819
NVDA,2004-03-23,22.3004,22.5404,21.84,22.0904,1.6884
NVDA,2004-03-22,21.83,22.17,21.5,22.0004,1.6815
NVDA,2004-03-19,22.3604,22.5404,22.04,22.17,1.6945
NVDA,2004-03-02,22.59,22.77,22.07,22.16,1.6938
NVDA,2004-03-16,20.9804,21.75,20.88,21.65,1.6548
NVDA,2004-03-15,21.09,21.2,20.6324,20.76,1.5868
NVDA,2004-03-12,21.0104,21.5,20.85,21.24,1.6234
AAPL,2004-03-04,23.9288,25.2224,23.912,25.1608,0.3799
AAPL,2004-03-10,27.0424,28.14,26.9416,27.6808,0.4179
NVDA,2004-03-18,22.0604,22.7,22.0004,22.43,1.7144
NVDA,2004-03-11,20.6804,21.42,20.6804,20.8004,1.5898
NVDA,2004-03-09,21.6,21.62,20.91,21.27,1.6257
NVDA,2004-03-05,21.8504,22.7,21.77,22.19,1.6961
NVDA,2004-03-08,22.19,22.5,21.2504,21.42,1.6372
NVDA,2004-03-29,24.66,25.73,24.65,25.4,1.9414
NVDA,2004-02-27,22.7,22.7204,21.9104,22.25,1.7006
NVDA,2004-03-25,23.34,24.54,23.3,24.42,1.8665
NVDA,2004-02-26,22.83,22.8704,22.37,22.65,1.7312
NVDA,2004-03-17,22.0004,22.3904,21.9104,22.1804,1.6953
AAPL,2004-03-16,26.5496,26.6112,25.3904,25.8216,0.3898
NVDA,2004-02-25,22.41,22.9304,22.26,22.5,1.7198
NVDA,2004-03-03,22.1,22.1,21.51,21.87,1.6716
AAPL,2004-03-15,27.0312,27.3504,26.2584,26.4488,0.3993
AAPL,2004-03-12,27.3224,27.7816,27.1712,27.5576,0.4161
AAPL,2004-03-11,27.272,28.0392,27.0872,27.1488,0.4099
AAPL,2004-03-02,24.0016,24.1024,23.772,23.8112,0.3595
AAPL,2004-03-05,24.948,27.4904,24.8976,26.74,0.4037
NVDA,2004-03-04,22.0904,22.3904,21.9104,22.35,1.7083
AAPL,2004-03-08,26.6224,26.7904,25.7992,26.0008,0.3925
AAPL,2004-02-27,22.96,24.0184,22.9488,23.9176,0.3611
NVDA,2004-03-10,21.27,21.6404,20.81,20.96,1.602
AAPL,2004-02-20,22.5008,22.512,22.2096,22.4,0.3382
NVDA,2004-02-24,22.9004,23.19,22.1204,22.37,1.7098
NVDA,2004-03-01,22.19,22.62,22.16,22.58,1.7259
AAPL,2004-03-09,25.9,27.2328,25.7488,27.0984,0.4091
AAPL,2004-02-19,23.3296,23.6376,22.4112,22.4728,0.3393
AAPL,2004-03-03,23.5984,24.192,23.5984,23.9176,0.3611
AAPL,2004-02-17,23.1,23.492,23.1,23.1616,0.3497
AAPL,2004-02-18,23.1784,23.4416,23.0496,23.2624,0.3512
AAPL,2004-02-26,22.8816,23.1784,22.7976,23.0384,0.3478
AAPL,2004-02-25,22.2824,22.8984,22.2096,22.8088,0.3444
AAPL,2004-02-12,23.6096,23.9904,23.5984,23.7328,0.3583
AAPL,2004-02-24,22.1424,22.7416,22.0024,22.3608,0.3376
AAPL,2004-02-13,23.8504,24.1024,22.8312,22.9992,0.3472
NVDA,2004-02-20,23.51,24.2,23.3804,24.14,1.8451
AAPL,2004-03-01,24.1024,24.2984,23.8728,24.0184,0.3626
AAPL,2004-02-05,21.8176,22.9096,21.812,22.4224,0.3385
AAPL,2004-02-23,22.3384,22.4616,21.8904,22.1928,0.3351
AAPL,2004-02-09,22.6184,22.8592,22.5008,22.6688,0.3422
AAPL,2004-02-03,22.2992,22.4,22.0024,22.26,0.3361
NVDA,2004-02-02,22.43,23.0504,22.2,22.61,1.7282
AAPL,2004-02-10,22.6184,23.1224,22.4392,22.9824,0.347
NVDA,2004-02-19,23.85,24.27,23.5004,23.55,1.8
NVDA,2004-02-17,23.4,23.63,23.07,23.5604,1.8008
NVDA,2004-01-29,22.64,22.7504,21.15,21.9104,1.6747
NVDA,2004-01-28,22.9004,23.28,22.4504,22.5704,1.7251
NVDA,2004-01-27,23.52,23.9,22.4504,22.6304,1.7297
NVDA,2004-01-26,23.24,24.1004,23.06,24,1.8344
NVDA,2004-01-30,21.8628,22.7504,21.7304,22.25,1.7006
AAPL,2004-02-11,23.0888,23.8728,23.0496,23.8,0.3593
NVDA,2004-02-18,23.5904,23.75,23.4,23.5604,1.8008
AAPL,2004-01-23,22.4224,22.7416,22.2488,22.5624,0.3406
AAPL,2004-01-20,22.6688,22.7976,22.2488,22.7304,0.3432
AAPL,2004-01-22,22.5624,22.8312,22.1816,22.1816,0.3349
AAPL,2004-02-02,22.4616,22.8088,22.0808,22.3216,0.337
NVDA,2004-02-12,24.12,24.2504,23.1512,23.52,1.7977
NVDA,2004-02-06,22.5404,23.0804,22.4204,22.76,1.7396
AAPL,2004-01-29,22.6296,22.7976,22.1928,22.68,0.3424
NVDA,2004-02-04,22.2104,22.3904,21.888,21.92,1.6754
AAPL,2004-01-28,22.8424,23.38,22.4112,22.5176,0.34
AAPL,2004-01-27,23.0384,23.2512,22.7976,23.072,0.3483
AAPL,2004-01-26,22.4616,23.0608,22.428,23.0104,0.3474
AAPL,2004-01-30,22.652,22.8704,22.4224,22.5624,0.3406
NVDA,2004-02-05,22.04,22.5,21.9,22.25,1.7006
NVDA,2004-02-03,22.55,22.94,22.23,22.53,1.722
AAPL,2004-01-14,24.3992,24.5392,23.7776,24.1976,0.3653
AAPL,2004-01-16,22.8872,23.0384,22.6128,22.7192,0.343
NVDA,2004-02-13,22.95,23.8904,22.7,23.3,1.7809
NVDA,2004-02-23,24.1004,24.14,22.98,23.3,1.7809
AAPL,2004-01-15,22.9096,23.4024,22.5008,22.848,0.3449
AAPL,2004-02-06,22.4504,22.8872,22.4,22.708,0.3428
AAPL,2004-01-12,23.2512,24.0016,23.1,23.7328,0.3583
NVDA,2004-01-23,23.5004,23.97,23.04,23.09,1.7648
NVDA,2004-01-22,24.2504,24.7004,23.33,23.6204,1.8054
AAPL,2004-02-04,22.0024,22.092,21.7,21.7896,0.329
NVDA,2004-01-20,24.9552,25.3904,24.68,25.35,1.9376
NVDA,2004-02-09,22.85,23.3,22.59,22.6004,1.7274
AAPL,2004-01-21,22.7024,22.9712,22.428,22.6128,0.3414
NVDA,2004-02-10,22.6604,23.45,22.6604,23.43,1.7908
NVDA,2004-02-11,23.73,24.33,23.6504,24.2504,1.8535
AAPL,2004-01-09,23.2288,24.1304,22.792,22.9992,0.3472
AAPL,2003-12-29,20.9104,21.1624,20.86,21.1512,0.3193
AAPL,2003-12-16,20.188,20.4904,20.0088,20.1208,0.3038
AAPL,2003-12-24,19.7176,20.5912,19.6504,20.412,0.3082
AAPL,2003-12-15,21.4872,21.4872,20.0704,20.1712,0.3045
AAPL,2004-01-07,22.0976,22.8312,21.9296,22.5904,0.3411
NVDA,2004-01-05,23.43,23.99,23.22,23.8304,1.8214
NVDA,2004-01-14,24.6,24.9,24.02,24.2504,1.8535
NVDA,2004-01-16,24.59,24.87,24.3104,24.66,1.8848
NVDA,2004-01-02,23.57,23.8904,23.0804,23.0804,1.7641
NVDA,2004-01-15,24.06,24.4904,23.64,24.2868,1.8563
AAPL,2004-01-13,24.7016,24.8416,23.8616,24.1192,0.3641
NVDA,2004-01-12,25.56,25.8404,25.32,25.76,1.9689
AAPL,2003-12-18,19.9024,20.1824,19.9024,20.0424,0.3026
NVDA,2003-12-31,23.7404,23.85,22.82,23.2004,1.7733
NVDA,2004-01-08,25.3304,25.4504,24.87,25.11,1.9192
NVDA,2003-12-22,20.76,21.15,20.55,21.1004,1.6127
AAPL,2004-01-06,22.2488,22.4224,21.7112,22.092,0.3335
AAPL,2003-12-23,19.9192,19.9472,19.6,19.8072,0.299
NVDA,2003-12-30,23.45,24.2,23.43,23.75,1.8153
NVDA,2004-01-21,25.1504,25.2404,24.14,24.18,1.8482
NVDA,2004-01-09,24.9404,25.7804,24.74,25.47,1.9468
AAPL,2003-12-12,21.3192,21.3192,20.6976,20.888,0.3154
AAPL,2003-12-19,20.188,20.4176,19.6224,19.7008,0.2974
NVDA,2003-12-17,20.532,20.6,19.9604,20.3,1.5516
NVDA,2003-12-29,23.1704,23.78,23.06,23.7,1.8115
NVDA,2003-12-26,21.9704,22.8704,21.8804,22.7412,1.7382
NVDA,2003-12-16,20.3,20.8304,19.94,20.7,1.5822
NVDA,2003-12-24,21.95,22.02,21.74,21.8,1.6662
AAPL,2004-01-05,21.42,22.3888,21.42,22.1704,0.3347
NVDA,2004-01-07,24.5204,25.14,24.35,25.02,1.9124
AAPL,2003-12-31,21.3472,21.532,21.1792,21.3696,0.3226
AAPL,2004-01-02,21.5488,21.7504,21.1792,21.28,0.3213
NVDA,2003-12-15,21.45,21.4832,20.36,20.42,1.5608
AAPL,2003-12-22,19.6504,19.8912,19.2528,19.852,0.2997
AAPL,2004-01-08,22.8424,23.7328,22.652,23.3576,0.3526
NVDA,2004-01-13,25.6304,25.88,24.1604,24.4304,1.8673
NVDA,2003-12-23,21.02,22.17,21.0104,21.96,1.6785
NVDA,2004-01-06,23.76,25.13,23.6504,24.8,1.8955
AAPL,2003-12-30,21.1792,21.4984,21.1512,21.28,0.3213
AAPL,2003-12-17,20.0816,20.132,19.7904,19.88,0.3001
AAPL,2003-12-26,20.3504,20.9104,20.3392,20.7816,0.3138
NVDA,2003-12-04,21.29,21.6704,20.61,21.11,1.6135
NVDA,2003-12-12,21.23,21.3704,20.5004,20.84,1.5929
AAPL,2003-12-11,20.2496,21.3416,20.2104,21.2072,0.3202
NVDA,2003-12-18,20.34,20.97,20.3148,20.76,1.5868
AAPL,2003-11-26,20.888,21.1512,20.2496,20.72,0.3128
NVDA,2003-11-21,19.92,19.95,19.38,19.76,1.5103
NVDA,2003-11-20,19.9004,20.34,19.6004,19.68,1.5042
NVDA,2003-12-19,21.2804,21.6,20.84,21.0704,1.6105
AAPL,2003-12-08,20.7816,21.0784,20.412,21.0504,0.3178
AAPL,2003-12-09,21.168,21.252,20.4008,20.4512,0.3088
NVDA,2003-12-05,20.61,21.2,20.2604,20.43,1.5615
NVDA,2003-12-01,21.47,21.69,21.2204,21.53,1.6456
AAPL,2003-11-24,20.5016,21.2688,20.4512,21.1512,0.3193
AAPL,2003-11-14,22.4784,22.6128,21.28,21.4592,0.324
AAPL,2003-12-02,21.5992,21.9016,21.4088,21.5376,0.3252
NVDA,2003-11-28,21.32,21.38,21.05,21.23,1.6227
AAPL,2003-12-03,21.5376,21.84,20.9608,21.028,0.3175
AAPL,2003-12-10,20.4512,20.608,19.9584,20.3784,0.3077
AAPL,2003-11-25,21.2296,21.252,20.608,20.6808,0.3122
NVDA,2003-11-18,20.45,20.7,19.6004,19.67,1.5034
NVDA,2003-11-19,19.8104,20.3,19.74,20.22,1.5455
AAPL,2003-11-21,20.3392,20.58,19.852,20.2776,0.3061
NVDA,2003-11-17,19.79,20.2004,19.604,19.9604,1.5256
NVDA,2003-12-11,19.9308,21.2,19.89,20.9504,1.6013
AAPL,2003-12-04,20.9384,21.168,20.7704,21.1512,0.3193
AAPL,2003-11-20,20.0984,21.0784,20.0984,20.3784,0.3077
NVDA,2003-11-26,21.66,21.7304,20.93,21.33,1.6303
AAPL,2003-12-05,20.8992,21.1512,20.7312,20.8488,0.3148
NVDA,2003-12-08,20.43,20.79,20.25,20.58,1.573
NVDA,2003-12-09,20.54,20.7404,19.5,19.5104,1.4912
AAPL,2003-12-01,21.0392,21.8512,21,21.7112,0.3278
AAPL,2003-11-12,21.4816,22.7192,21.4816,22.3328,0.3372
AAPL,2003-11-11,21.9016,22.0192,21.4816,21.5376,0.3252
AAPL,2003-11-18,21.2072,21.3416,20.3504,20.412,0.3082
AAPL,2003-11-19,20.5576,20.6528,20.2608,20.4176,0.3083
AAPL,2003-11-17,21.3472,21.3696,20.9496,21.1288,0.319
AAPL,2003-11-13,22.0696,22.5624,21.9184,22.4224,0.3385
NVDA,2003-12-02,21.4004,21.8804,21.3104,21.44,1.6387
NVDA,2003-11-24,19.95,21,19.8104,20.9504,1.6013
NVDA,2003-11-14,21.5,21.5,20.1104,20.1732,1.5419
AAPL,2003-11-07,23.1896,23.24,22.4504,22.5008,0.3397
AAPL,2003-11-10,22.4504,22.652,21.84,21.9016,0.3307
AAPL,2003-11-05,22.82,23.128,22.4728,23.0272,0.3477
AAPL,2003-11-06,22.9096,23.1504,22.652,23.1224,0.3491
AAPL,2003-11-04,23.072,23.1,22.5904,22.9096,0.3459
AAPL,2003-11-28,20.7816,21.0672,20.5184,20.9104,0.3157
NVDA,2003-11-25,21.0404,21.4904,20.8004,21.3104,1.6288
NVDA,2003-12-03,21.5,22.2,21.17,21.2204,1.6219
NVDA,2003-12-10,19.5104,20.0504,19.5,19.9352,1.5237
NVDA,2003-10-31,18.1004,18.2504,17.4,17.6804,1.3513
AAPL,2003-10-21,23.3072,23.4024,22.7528,23.1784,0.3499
AAPL,2003-11-03,22.8312,23.3016,22.7808,23.1504,0.3495
NVDA,2003-11-12,21.08,21.5,20.9804,21.4304,1.638
NVDA,2003-11-11,21.2,21.57,20.7704,21.15,1.6166
AAPL,2003-10-22,22.9376,23.2008,22.68,22.7584,0.3436
AAPL,2003-10-14,24.3208,24.7408,24.192,24.5504,0.3707
AAPL,2003-10-13,23.7328,24.4104,23.7216,24.3488,0.3676
NVDA,2003-10-29,17.7404,18.5,17.73,18.2804,1.3972
AAPL,2003-10-10,23.4976,23.8112,23.3688,23.6824,0.3575
AAPL,2003-10-09,23.3016,23.6712,22.792,23.4472,0.354
NVDA,2003-11-13,21.4304,21.74,21.3104,21.44,1.6387
AAPL,2003-10-20,22.6016,23.3408,22.3776,23.2176,0.3505
NVDA,2003-10-28,17.43,18.38,17.3504,18.2804,1.3972
NVDA,2003-11-07,21.66,22.0604,21.2,21.75,1.6624
NVDA,2003-11-10,21.8204,22.1204,21.56,21.69,1.6578
NVDA,2003-11-05,17.7,18.32,17.4104,18.14,1.3865
NVDA,2003-11-06,18.41,18.5,17.84,18.17,1.3888
NVDA,2003-11-04,18.4004,18.45,17.9504,18.0704,1.3812
AAPL,2003-10-31,23.3016,23.352,22.7808,22.8872,0.3455
NVDA,2003-10-17,17.1,17.43,16.64,16.6604,1.2734
NVDA,2003-10-16,17.01,17.2604,16.7504,17.2004,1.3147
AAPL,2003-10-07,22.0528,23.408,21.9128,23.2176,0.3505
NVDA,2003-10-23,17,17.5004,16.97,17.1704,1.3124
NVDA,2003-10-30,18.75,18.7604,17.91,17.94,1.3712
NVDA,2003-10-27,17.2004,17.4,17.0804,17.2004,1.3147
NVDA,2003-10-24,17,17.2604,16.8404,17.1104,1.3078
NVDA,2003-10-21,17.34,17.88,17.1,17.55,1.3414
NVDA,2003-10-22,17.28,17.6804,17.16,17.25,1.3185
NVDA,2003-10-14,16.7204,17.2604,16.62,17.21,1.3154
NVDA,2003-10-13,16.92,17.25,16.79,16.9004,1.2917
AAPL,2003-10-08,23.2512,23.5424,22.7304,23.0608,0.3482
NVDA,2003-10-10,16.7,16.85,16.5,16.73,1.2787
AAPL,2003-10-29,23.5088,23.9008,23.3408,23.688,0.3576
NVDA,2003-11-03,17.5904,18.35,17.51,18.0104,1.3766
AAPL,2003-10-28,22.5624,23.772,22.4,23.7216,0.3581
AAPL,2003-10-17,23.38,23.492,22.428,22.7528,0.3435
AAPL,2003-10-16,23.8,23.8392,22.4112,23.2512,0.351
AAPL,2003-10-23,22.7304,23.1504,22.5904,22.988,0.3471
NVDA,2003-10-09,16.4504,17.0804,16.31,16.44,1.2566
NVDA,2003-10-20,16.67,17.0504,16.5704,17.03,1.3017
AAPL,2003-10-15,24.8472,25.0096,24.5784,24.8192,0.3747
AAPL,2003-10-30,23.9904,24.0016,22.8704,23.0888,0.3486
AAPL,2003-10-27,22.7528,22.8872,22.4896,22.6016,0.3412
AAPL,2003-09-23,22.0192,22.4616,21.8792,22.428,0.3386
AAPL,2003-10-24,22.5624,22.848,22.232,22.6016,0.3412
AAPL,2003-10-06,21.672,22.3328,21.5824,22.288,0.3365
AAPL,2003-09-22,22.1816,22.5008,21.9184,22.0808,0.3334
NVDA,2003-10-07,16.65,16.8,16.4204,16.8,1.2841
NVDA,2003-09-18,19.74,20.01,19.52,20,1.5287
AAPL,2003-10-01,20.7088,21.1008,20.188,20.7928,0.3139
AAPL,2003-10-02,20.7984,20.7984,20.2776,20.5688,0.3105
AAPL,2003-09-30,21.0896,21.2184,20.44,20.72,0.3128
NVDA,2003-09-26,17.48,17.5304,16.6304,16.86,1.2887
AAPL,2003-10-03,20.9888,21.8624,20.8824,21.6888,0.3274
NVDA,2003-09-16,19.07,19.6788,19.07,19.62,1.4996
NVDA,2003-09-25,17.9204,18.24,17.45,17.5304,1.3399
AAPL,2003-09-10,22.2488,22.6128,22.1088,22.1816,0.3349
AAPL,2003-09-17,22.372,22.3776,21.8512,22.12,0.334
NVDA,2003-09-15,19.5104,19.6128,18.96,19.0304,1.4545
NVDA,2003-10-08,16.8,16.95,16.11,16.2104,1.239
AAPL,2003-09-19,22.8816,23.0496,22.428,22.5792,0.3409
NVDA,2003-10-15,17.4104,17.73,16.88,16.9904,1.2986
NVDA,2003-09-29,16.01,16.58,15.7004,15.95,1.2191
AAPL,2003-09-09,22.5288,22.6688,22.12,22.372,0.3378
NVDA,2003-09-24,18.83,19.0004,17.75,17.78,1.359
AAPL,2003-09-18,22.0976,22.988,21.952,22.8816,0.3455
AAPL,2003-09-16,22.2096,22.6912,22.1984,22.3608,0.3376
NVDA,2003-09-23,19.0904,19.35,18.84,19.2404,1.4706
NVDA,2003-09-11,19.58,20.15,18.3,19.07,1.4576
AAPL,2003-09-26,20.3,21.7,20.1488,20.692,0.3124
NVDA,2003-10-06,16.8104,16.98,16.5104,16.65,1.2726
AAPL,2003-09-25,21.3416,21.3696,20.2496,20.4288,0.3084
AAPL,2003-09-15,22.8088,22.8984,22.12,22.2096,0.3353
AAPL,2003-09-29,21.4872,21.672,20.6528,21.3024,0.3216
NVDA,2003-09-22,19.4504,19.49,18.8988,19.0604,1.4568
NVDA,2003-09-17,19.74,20.2304,19.58,19.85,1.5172
NVDA,2003-10-02,16.0004,16.58,15.95,16.35,1.2497
NVDA,2003-10-01,16.0004,16.29,15.96,16.1,1.2306
NVDA,2003-09-30,15.81,16.5104,15.75,15.9704,1.2206
NVDA,2003-10-03,16.8,17.2004,16.5104,16.7804,1.2826
AAPL,2003-09-24,22.2096,22.3104,21.0784,21.3192,0.3219
NVDA,2003-09-10,20.15,20.69,19.16,19.32,1.4767
NVDA,2003-09-09,19.0004,21.47,18.74,20.7404,1.5852
AAPL,2003-09-03,22.7976,23.3184,22.7584,22.9488,0.3465
AAPL,2003-09-04,23.1616,23.2512,22.7696,22.8312,0.3447
AAPL,2003-08-29,22.1984,22.848,22.0528,22.6128,0.3414
AAPL,2003-09-12,22.512,23.1392,22.3104,23.1,0.3488
AAPL,2003-09-05,22.7304,23.1504,22.4112,22.5008,0.3397
AAPL,2003-09-11,22.2488,22.792,22.0976,22.5624,0.3406
NVDA,2003-09-19,20.2344,20.36,19.6604,19.8404,1.5164
AAPL,2003-09-08,22.4784,22.792,22.4728,22.7416,0.3433
AAPL,2003-09-02,22.6576,22.8984,22.4,22.848,0.3449
AAPL,2003-08-26,20.748,21.0672,20.3504,21.0504,0.3178
NVDA,2003-09-03,18.2804,18.33,17.57,17.66,1.3498
AAPL,2003-08-28,21.3304,22.2208,21.3304,22.1928,0.3351
AAPL,2003-08-15,20.02,20.0704,19.6616,19.712,0.2976
AAPL,2003-08-25,20.7816,20.9104,20.4904,20.86,0.3149
AAPL,2003-08-21,21.028,21.7112,20.9496,21.6776,0.3273
NVDA,2003-08-22,19.22,19.4804,18.2504,18.26,1.3957
AAPL,2003-08-20,20.1824,21.2688,20.1376,21.0112,0.3172
AAPL,2003-08-13,19.8576,20.3392,19.5776,20.1824,0.3047
AAPL,2003-08-18,19.8576,20.412,19.7176,20.3392,0.3071
NVDA,2003-09-04,17.73,18.2504,17.6,17.8304,1.3628
NVDA,2003-08-14,16.22,16.46,16.02,16.2,1.2382
NVDA,2003-08-12,16.55,16.71,16.28,16.67,1.2741
AAPL,2003-08-14,20.2104,20.328,19.9416,19.9696,0.3015
NVDA,2003-08-19,17,18,16.9904,17.9,1.3682
NVDA,2003-08-11,15.75,16.55,15.6452,16.34,1.2489
NVDA,2003-08-29,17.9,18.2504,17.8304,18.17,1.3888
NVDA,2003-09-12,18.9104,19.77,18.7004,19.35,1.479
NVDA,2003-09-05,17.8604,19.1,17.6504,18.68,1.4278
AAPL,2003-08-12,19.7624,19.8016,19.46,19.7008,0.2974
NVDA,2003-09-08,18.98,19.76,18.75,19.5404,1.4935
AAPL,2003-08-05,21.3472,21.3976,20.0984,20.3784,0.3077
AAPL,2003-08-19,20.3728,20.4512,19.9976,20.3224,0.3068
AAPL,2003-08-06,20.0592,20.1712,19.4992,19.628,0.2963
NVDA,2003-09-02,18.4904,18.65,17.9204,18.0104,1.3766
NVDA,2003-08-15,16.1,16.25,16.0004,16.1504,1.2344
AAPL,2003-08-04,20.5296,21.4984,20.2776,21.2072,0.3202
AAPL,2003-08-11,19.8184,19.9304,19.5104,19.6616,0.2968
AAPL,2003-08-01,21,21.2688,20.6416,20.7312,0.313
NVDA,2003-08-25,18.6104,18.6104,17.996,18.1604,1.388
AAPL,2003-07-30,20.7704,20.8992,20.1712,20.2776,0.3061
AAPL,2003-07-31,20.7424,21.3472,20.5688,21.0784,0.3182
NVDA,2003-08-26,17.93,18.2,17.3804,17.87,1.3659
AAPL,2003-08-27,20.9104,21.4816,20.6584,21.4816,0.3243
NVDA,2003-08-28,18.59,18.69,17.72,17.93,1.3705
NVDA,2003-08-21,18.0752,18.3,17.8004,18.1308,1.3858
AAPL,2003-08-08,20.1096,20.132,19.6,19.6392,0.2965
NVDA,2003-08-20,17.6504,17.9804,17.2604,17.6504,1.3491
AAPL,2003-07-28,21.4984,21.4984,20.86,20.9888,0.3169
NVDA,2003-08-13,16.74,17.0504,16.32,16.7804,1.2826
AAPL,2003-07-29,20.9888,21.0784,20.5184,20.72,0.3128
AAPL,2003-08-22,21.812,22.0024,20.6416,20.8824,0.3153
NVDA,2003-08-18,16.41,16.6304,16.1204,16.6304,1.2711
NVDA,2003-08-27,17.99,18.6,17.8004,18.41,1.4071
AAPL,2003-08-07,19.7288,20.0872,19.4208,19.9304,0.3009
NVDA,2003-08-01,19.1,19.88,18.9104,19.7204,1.5073
NVDA,2003-08-05,20.99,21.47,20.2304,20.4,1.5592
NVDA,2003-08-06,20.13,20.3984,19.08,19.5704,1.4958
AAPL,2003-07-16,19.9696,19.9976,19.3816,19.8688,0.3
NVDA,2003-08-04,19.7,20.82,19.5768,20.46,1.5638
NVDA,2003-07-17,22.46,22.7504,21.7004,22.0004,1.6815
NVDA,2003-07-30,19.0004,19.22,18.74,18.86,1.4415
NVDA,2003-07-31,19.3004,19.58,18.89,19.0904,1.4591
AAPL,2003-07-23,20.9496,20.9608,20.4624,20.7928,0.3139
NVDA,2003-08-08,16.55,16.62,15.26,15.5,1.1847
NVDA,2003-07-18,21.57,21.6404,20.4704,21.26,1.625
NVDA,2003-07-28,21.23,21.2804,20.3204,20.4104,1.56
AAPL,2003-07-25,20.412,21.5712,20.4008,21.5376,0.3252
NVDA,2003-07-29,18.5592,20.16,18.36,19.07,1.4576
AAPL,2003-07-03,19.0008,19.5496,18.9784,19.1296,0.2888
AAPL,2003-07-02,19.0288,19.3984,19.0176,19.2696,0.2909
AAPL,2003-07-11,19.6616,19.9976,19.5272,19.852,0.2997
NVDA,2003-07-09,24.7604,25.7504,24.7152,25.34,1.9368
AAPL,2003-06-30,18.6816,19.208,18.592,19.0624,0.2878
AAPL,2003-07-10,19.88,19.9416,19.3704,19.5776,0.2956
NVDA,2003-07-08,24.36,25.1,24.3,24.77,1.8933
AAPL,2003-07-24,21.0392,21.4984,20.3784,20.5128,0.3097
NVDA,2003-07-15,24.6,24.71,23.22,23.45,1.7924
AAPL,2003-07-01,18.872,19.18,18.508,19.0904,0.2882
NVDA,2003-07-14,25.05,25.2032,24.12,24.24,1.8527
AAPL,2003-06-27,19.2976,19.3088,18.48,18.732,0.2828
NVDA,2003-07-03,23.2304,24.12,23.18,23.51,1.797
NVDA,2003-07-07,23.8304,25.1804,23.82,25.05,1.9147
AAPL,2003-07-22,20.8712,20.9608,20.5016,20.7984,0.314
NVDA,2003-08-07,19.52,19.8,19.04,19.3004,1.4752
NVDA,2003-07-21,21.38,21.45,20.4404,20.94,1.6005
AAPL,2003-07-17,20.188,20.9496,20.132,20.8992,0.3155
NVDA,2003-07-16,23.8904,24,22.6004,23.16,1.7702
AAPL,2003-07-18,20.8992,21.1792,20.4008,20.86,0.3149
AAPL,2003-06-26,18.6984,19.32,18.6984,19.292,0.2913
AAPL,2003-07-09,20.2104,20.4512,19.8912,19.8912,0.3003
NVDA,2003-07-24,21.96,22.1204,20.55,20.73,1.5845
AAPL,2003-07-08,19.5216,20.5016,19.488,20.4008,0.308
NVDA,2003-07-23,21.27,21.7004,20.63,21.57,1.6487
NVDA,2003-07-25,20.7704,21.18,20,21.06,1.6097
AAPL,2003-07-15,20.02,20.2384,19.432,19.6112,0.2961
NVDA,2003-07-22,21.53,21.69,21.17,21.29,1.6273
AAPL,2003-07-14,20.0088,20.4008,19.8688,19.9024,0.3005
AAPL,2003-07-21,20.692,20.7984,20.3,20.608,0.3111
NVDA,2003-07-02,24.0704,24.38,23.45,23.78,1.8176
AAPL,2003-06-25,18.8608,19.3984,18.7096,19.0904,0.2882
AAPL,2003-07-07,19.2696,20.1824,19.1296,19.8688,0.3
NVDA,2003-07-11,24.59,24.74,24.2204,24.4304,1.8673
NVDA,2003-06-30,22.86,23.31,22.6004,22.91,1.7511
NVDA,2003-07-10,24.5504,24.87,23.8712,24.3,1.8573
NVDA,2003-06-27,23.24,23.45,22.4504,22.5572,1.7241
AAPL,2003-06-13,17.752,17.948,17.1304,17.4216,0.263
NVDA,2003-06-26,23.01,23.28,22.29,22.97,1.7557
AAPL,2003-06-23,19.2976,19.6896,18.7488,19.0624,0.2878
AAPL,2003-06-24,19.4712,19.6672,18.7208,18.7824,0.2836
AAPL,2003-06-20,19.348,19.5776,18.9,19.2024,0.2899
NVDA,2003-07-01,22.62,23.88,22.41,23.85,1.8229
NVDA,2003-06-17,24.5204,24.7004,23.8004,24.54,1.8757
NVDA,2003-06-04,25.1504,25.85,24.7604,25.83,1.9743
NVDA,2003-06-16,23.75,24.27,22.1804,23.97,1.8321
NVDA,2003-06-03,24.44,25.98,24.14,25.23,1.9284
AAPL,2003-05-28,18.5024,18.6592,18.1496,18.2784,0.276
AAPL,2003-06-19,19.3592,19.6112,18.7712,19.1408,0.289
NVDA,2003-06-12,26.0204,26.3,25.37,25.4504,1.9452
NVDA,2003-06-25,22.85,23.78,22.76,22.94,1.7534
AAPL,2003-06-18,18.452,19.4824,18.312,19.1184,0.2886
NVDA,2003-06-02,26.85,26.876,24.56,24.72,1.8894
NVDA,2003-06-10,25.4504,25.8404,25.17,25.82,1.9735
AAPL,2003-06-06,17.7408,18.0376,17.1416,17.1528,0.259
AAPL,2003-06-17,18.4128,18.5024,17.9872,18.1888,0.2746
NVDA,2003-06-20,24.1904,24.2,23.3,23.6804,1.8099
AAPL,2003-06-05,17.4496,17.7408,17.332,17.64,0.2663
AAPL,2003-06-16,17.6008,18.2672,17.4496,18.2672,0.2758
NVDA,2003-06-11,25.6604,26.07,25.2,25.8404,1.975
AAPL,2003-06-04,17.2984,17.7912,17.1416,17.6008,0.2657
AAPL,2003-06-03,17.4384,17.668,17.0184,17.3096,0.2613
NVDA,2003-06-09,25.6004,26.2604,25.0604,25.4504,1.9452
AAPL,2003-05-27,17.9592,18.9,17.9088,18.8776,0.285
NVDA,2003-06-13,24.35,25.05,23.3,23.4704,1.7939
AAPL,2003-06-02,18.0992,18.2896,17.2704,17.4496,0.2634
AAPL,2003-05-21,17.7912,18.088,17.668,17.8472,0.2694
NVDA,2003-05-29,22.65,24.98,22.6004,24.21,1.8505
AAPL,2003-05-23,18.2112,18.4576,17.9592,18.3176,0.2766
AAPL,2003-05-22,17.892,18.4016,17.7408,18.2392,0.2754
NVDA,2003-06-23,23.66,23.78,22.37,22.8404,1.7457
NVDA,2003-06-24,22.7,23.2004,22.0604,22.79,1.7419
AAPL,2003-06-12,17.5504,17.8808,17.4496,17.7688,0.2683
AAPL,2003-06-10,16.8896,17.2928,16.7496,17.1808,0.2594
NVDA,2003-05-28,22.65,22.9004,22.1,22.6604,1.732
AAPL,2003-06-09,16.94,17.0408,16.632,16.7888,0.2535
AAPL,2003-05-20,18.0992,18.1608,17.6008,17.7912,0.2686
AAPL,2003-05-19,18.5304,18.648,18.06,18.0992,0.2733
AAPL,2003-05-30,18.1216,18.1776,17.528,17.948,0.271
NVDA,2003-06-19,25.59,25.724,23.8004,23.93,1.8291
NVDA,2003-06-18,24.3,25.97,24.1004,25.4804,1.9475
AAPL,2003-06-11,17.1528,17.5112,16.8112,17.4496,0.2634
NVDA,2003-06-06,27.6104,27.75,25.56,25.76,1.9689
NVDA,2003-06-05,25.49,26.66,25.1504,26.57,2.0308
NVDA,2003-05-27,20.6504,22.8,20.25,22.7204,1.7366
AAPL,2003-05-29,18.2896,18.5024,17.8976,18.0992,0.2733
AAPL,2003-04-24,13.5184,13.608,12.9976,13.44,0.2029
AAPL,2003-04-23,13.5296,13.6304,13.3616,13.58,0.205
NVDA,2003-04-30,14.31,14.7,14.25,14.27,1.0907
AAPL,2003-04-21,13.132,13.188,12.9808,13.1376,0.1983
AAPL,2003-05-16,18.592,19.012,18.2784,18.7992,0.2838
NVDA,2003-05-21,20.21,20.9204,20.1,20.91,1.5982
AAPL,2003-05-15,18.5976,18.8496,18.4688,18.732,0.2828
NVDA,2003-05-23,21,21.4004,20.78,20.87,1.5952
NVDA,2003-05-22,20.94,21.17,20.45,20.9804,1.6036
AAPL,2003-05-08,17.7016,18.0712,17.2928,17.9984,0.2717
NVDA,2003-05-13,20.06,20.7,19.9488,20.3804,1.5577
AAPL,2003-04-25,13.4624,13.58,13.2272,13.3504,0.2016
AAPL,2003-05-01,14.252,14.392,14,14.3584,0.2168
AAPL,2003-05-02,14.4592,14.588,14.3416,14.448,0.2181
NVDA,2003-05-20,20.09,20.3504,20,20.2004,1.544
AAPL,2003-04-16,12.992,13.6696,12.9192,13.2384,0.1999
NVDA,2003-05-19,20.9804,21.1812,19.8104,19.89,1.5203
AAPL,2003-04-29,13.9776,14.1624,13.58,14.0616,0.2123
NVDA,2003-04-28,13.71,14.21,13.55,13.9604,1.067
NVDA,2003-05-09,18.83,21.53,18.3,21.3704,1.6334
NVDA,2003-05-06,16.2104,16.7312,15.93,16.31,1.2466
NVDA,2003-04-24,14.51,14.51,13.88,14.07,1.0754
NVDA,2003-05-07,16.07,16.4504,15.77,16.05,1.2268
NVDA,2003-05-05,16.0512,17.04,15.7692,16.29,1.2451
AAPL,2003-05-14,18.8328,18.8384,18.4296,18.5528,0.2801
NVDA,2003-05-30,26.5004,26.63,25.85,26.1704,2.0003
NVDA,2003-04-23,14.16,14.5904,14.0504,14.5004,1.1083
AAPL,2003-04-30,13.9328,14.3472,13.8488,14.2184,0.2147
AAPL,2003-04-15,13.5912,13.6024,13.3,13.3896,0.2022
NVDA,2003-05-12,21.42,21.9,20.6,20.7704,1.5875
AAPL,2003-05-13,18.4296,18.9728,17.948,18.6704,0.2819
NVDA,2003-04-21,13.67,14.04,13.5404,14,1.0701
NVDA,2003-04-25,13.9904,14.2304,13.4204,13.55,1.0357
NVDA,2003-05-16,20.8004,21.63,20.7704,21.26,1.625
NVDA,2003-05-15,20.66,21.1004,20.55,21.06,1.6097
AAPL,2003-05-09,18.3288,18.4016,17.8808,18.3008,0.2763
AAPL,2003-05-06,16.1224,17.8976,16.1,17.5,0.2642
NVDA,2003-05-08,15.8504,16.7,15.65,16.0604,1.2275
AAPL,2003-04-22,13.1824,13.6192,13.0928,13.5072,0.2039
NVDA,2003-04-16,13.7204,13.7504,13.3004,13.41,1.025
NVDA,2003-05-01,14.2304,14.5608,14.15,14.42,1.1022
AAPL,2003-05-07,17.332,18.2392,17.108,17.6512,0.2665
AAPL,2003-05-05,14.7672,16.8784,14.7504,16.0888,0.2429
AAPL,2003-05-12,18.1496,18.7376,18.1272,18.5584,0.2802
NVDA,2003-04-29,14.28,14.5904,14.1704,14.39,1.0999
AAPL,2003-04-10,14.2016,14.392,14.2016,14.3696,0.2169
NVDA,2003-05-14,20.45,20.7,20.1,20.36,1.5562
NVDA,2003-05-02,14.61,16.0004,14.5304,15.9,1.2153
AAPL,2003-04-28,13.4792,13.9608,13.4288,13.86,0.2093
AAPL,2003-04-11,14.0504,14.4424,12.9304,13.1992,0.1993
AAPL,2003-03-19,15.0696,15.148,14.7896,14.952,0.2257
AAPL,2003-04-09,14.5208,14.6216,14.14,14.1904,0.2142
NVDA,2003-04-04,13.97,13.9904,13.3304,13.3904,1.0234
NVDA,2003-04-07,14.2992,14.4,13.4,13.53,1.0341
NVDA,2003-03-25,13.67,14.2304,13.62,14.0204,1.0716
AAPL,2003-04-14,13.7088,13.748,13.5016,13.58,0.205
NVDA,2003-03-24,13.58,14,13.5,13.6304,1.0418
NVDA,2003-04-15,13.3904,13.58,13.0604,13.41,1.025
NVDA,2003-03-31,13.02,13.1804,12.8204,12.8804,0.9845
AAPL,2003-04-17,13.1992,13.2496,12.7176,13.1208,0.1981
NVDA,2003-04-03,14,14,13.64,13.932,1.0649
AAPL,2003-03-28,14.3976,14.6216,14.3696,14.5712,0.22
AAPL,2003-03-27,14.3192,14.7,14.3192,14.4872,0.2187
AAPL,2003-04-01,14.2016,14.308,14.0672,14.1624,0.2138
AAPL,2003-03-26,14.5488,14.56,14.3024,14.4088,0.2175
AAPL,2003-03-17,14.8904,15.0696,14.7112,15.008,0.2266
NVDA,2003-04-02,13.71,13.98,13.53,13.7504,1.051
NVDA,2003-04-22,13.9304,14.19,13.7,14.18,1.0838
AAPL,2003-03-18,15.0024,15.092,14.8176,15.0024,0.2265
AAPL,2003-03-14,14.6776,15.008,14.6384,14.7784,0.2231
AAPL,2003-04-04,14.5208,14.672,14.392,14.4088,0.2175
AAPL,2003-04-07,14.8512,14.952,14.4088,14.4872,0.2187
NVDA,2003-04-08,13.65,13.7204,13.31,13.4,1.0242
AAPL,2003-03-25,14.4088,14.8288,14.3696,14.5488,0.2197
AAPL,2003-03-24,14.672,14.8008,14.3472,14.3696,0.2169
NVDA,2003-03-20,14.16,14.5904,13.79,14.2904,1.0922
NVDA,2003-04-10,13.5104,13.53,13.2704,13.4,1.0242
NVDA,2003-03-21,14.7888,14.8304,13.52,14.16,1.0823
AAPL,2003-03-31,14.3304,14.532,14.0392,14.14,0.2135
AAPL,2003-03-12,14.168,14.392,14.0616,14.2184,0.2147
NVDA,2003-04-11,13.55,13.6604,13.1204,13.25,1.0127
NVDA,2003-03-19,14.12,14.2604,13.6604,14.16,1.0823
AAPL,2003-03-11,14.3584,14.4872,14.1176,14.2296,0.2148
AAPL,2003-04-03,14.56,14.7,14.3472,14.4592,0.2183
NVDA,2003-04-09,13.4504,13.8104,13.3188,13.3304,1.0189
NVDA,2003-04-14,13.05,13.5212,13.01,13.4804,1.0303
AAPL,2003-03-10,14.5096,14.672,14.3024,14.3696,0.2169
AAPL,2003-03-13,14.4704,14.8008,14.168,14.7224,0.2223
NVDA,2003-04-17,13.5104,13.6892,13.23,13.65,1.0433
AAPL,2003-04-02,14.3584,14.6888,14.2688,14.5992,0.2204
NVDA,2003-03-28,14,14.0504,13.2104,13.43,1.0265
NVDA,2003-03-27,14.22,14.52,13.9604,14,1.0701
NVDA,2003-04-01,13.1504,13.4072,12.86,13.26,1.0135
NVDA,2003-03-26,14.33,14.6504,14.22,14.4104,1.1014
AAPL,2003-03-20,14.9296,14.9912,14.5992,14.9128,0.2251
AAPL,2003-03-21,15.092,15.148,14.8176,15.0024,0.2265
NVDA,2003-03-17,13.2,14.4704,13.17,14.2004,1.0854
AAPL,2003-04-08,14.5096,14.6496,14.3584,14.448,0.2181
NVDA,2003-03-18,14.15,14.31,13.8,14.09,1.0769
AAPL,2003-02-11,14.4984,14.6272,14.2016,14.3472,0.2166
NVDA,2003-03-04,12.45,12.57,12.1904,12.3104,0.9409
NVDA,2003-03-14,13.8704,14,13.32,13.4204,1.0257
AAPL,2003-03-07,14.4704,14.7112,14.308,14.532,0.2194
AAPL,2003-02-07,14.5488,14.5992,14.0672,14.1512,0.2136
AAPL,2003-03-06,14.5824,14.5992,14.3976,14.56,0.2198
AAPL,2003-03-05,14.6104,14.8008,14.5208,14.6216,0.2208
AAPL,2003-02-24,14.8624,15.0304,13.7984,14.7392,0.2225
NVDA,2003-03-03,12.77,13.0004,12.2504,12.41,0.9485
NVDA,2003-02-20,12.9,13.2404,12.8,12.8504,0.9822
NVDA,2003-03-12,12.33,12.6,12.2204,12.57,0.9608
AAPL,2003-02-06,14.3584,14.588,14.2184,14.4312,0.2179
NVDA,2003-02-18,12.5,12.9704,12.35,12.7304,0.973
NVDA,2003-03-11,12.23,12.4304,12.0992,12.23,0.9348
NVDA,2003-03-10,12.36,12.42,12.12,12.14,0.9279
AAPL,2003-02-21,14.8176,15.0584,14.6496,15.0024,0.2265
NVDA,2003-02-13,9.92,9.9704,9.65,9.87,0.7544
AAPL,2003-02-05,14.7112,14.9296,14.4424,14.448,0.2181
AAPL,2003-02-19,15.0696,15.148,14.6776,14.8512,0.2242
AAPL,2003-03-04,14.7392,14.812,14.4424,14.56,0.2198
AAPL,2003-03-03,15.008,15.1592,14.5488,14.6496,0.2212
NVDA,2003-02-14,11.22,12.05,10.95,12.0404,0.9203
NVDA,2003-03-13,12.9404,13.9004,12.8804,13.82,1.0563
NVDA,2003-02-27,12.4304,12.63,12.23,12.57,0.9608
NVDA,2003-02-28,12.18,12.6512,11.82,12.62,0.9646
NVDA,2003-02-25,12.6,13.0004,12.4004,12.9404,0.989
NVDA,2003-02-26,12.77,12.9812,12.2852,12.3104,0.9409
NVDA,2003-02-12,9.7004,10.11,9.62,9.75,0.7452
NVDA,2003-02-11,9.96,10.25,9.65,9.7004,0.7414
NVDA,2003-02-24,12.7512,13.49,12.68,13.02,0.9952
NVDA,2003-03-07,12.11,12.53,12,12.4904,0.9547
AAPL,2003-02-04,14.448,14.6496,14.308,14.5992,0.2204
AAPL,2003-02-20,14.8512,14.9576,14.7112,14.7672,0.2229
NVDA,2003-02-07,10.4204,10.47,9.74,9.7604,0.746
NVDA,2003-03-06,12.41,12.53,12.2504,12.3,0.9401
AAPL,2003-02-28,14.8624,15.092,14.7672,15.008,0.2266
AAPL,2003-02-27,14.5712,15.0024,14.5096,14.8624,0.2244
NVDA,2003-03-05,12.1904,12.5892,12.1604,12.51,0.9562
AAPL,2003-02-03,14.4088,14.9128,14.3472,14.6608,0.2213
AAPL,2003-02-18,14.7504,15.2992,14.7224,15.2712,0.2306
NVDA,2003-02-06,10.8492,10.86,10.05,10.22,0.7812
AAPL,2003-02-13,14.4088,14.6384,14.2408,14.5376,0.2195
NVDA,2003-02-21,12.84,12.89,12.4004,12.86,0.9829
AAPL,2003-02-25,14.6776,15.0808,14.5824,15.0192,0.2268
AAPL,2003-02-10,14.2576,14.5712,14.0616,14.3472,0.2166
NVDA,2003-02-05,10.2704,10.5512,10.1,10.14,0.775
AAPL,2003-02-26,14.9912,15.0192,14.4816,14.4984,0.2189
NVDA,2003-02-19,12.65,12.93,12.5112,12.8504,0.9822
AAPL,2003-02-14,14.6104,14.7224,14.3472,14.672,0.2215
AAPL,2003-02-12,14.2688,14.5992,14.2688,14.392,0.2173
AAPL,2003-01-06,15.0304,15.3776,14.8792,14.9016,0.225
AAPL,2003-01-30,14.98,15.0696,14.2912,14.3192,0.2162
AAPL,2003-01-29,14.5488,15.0976,14.3024,14.9296,0.2254
NVDA,2003-01-10,12,12.5504,11.84,12.3704,0.9455
AAPL,2003-01-31,14.1904,14.5488,14.0504,14.3584,0.2168
AAPL,2003-01-28,14.2408,14.6888,14.1624,14.5824,0.2202
NVDA,2003-01-24,10.6904,10.74,9.99,10.17,0.7773
AAPL,2003-01-17,14.56,14.56,14.0784,14.1008,0.2129
NVDA,2003-01-09,12.32,12.45,12.0404,12.1604,0.9294
NVDA,2003-01-23,10.77,10.95,10.49,10.7804,0.824
AAPL,2003-01-03,14.8008,14.9296,14.588,14.9016,0.225
AAPL,2003-01-16,14.2072,14.7616,14.2072,14.6216,0.2208
AAPL,2003-01-15,14.588,14.7,14.2576,14.4312,0.2179
NVDA,2003-02-04,10.4504,10.5,9.9092,10.05,0.7682
AAPL,2003-01-27,13.6808,14.4984,13.6528,14.1288,0.2133
NVDA,2003-01-14,12.3108,12.48,11.99,12.36,0.9447
NVDA,2003-02-03,10.4504,10.7204,10.3008,10.52,0.8041
AAPL,2002-12-31,14,14.3584,13.9496,14.3304,0.2164
AAPL,2003-01-08,14.5824,14.7112,14.4424,14.5488,0.2197
AAPL,2003-01-13,14.9016,14.9016,14.3584,14.6272,0.2208
AAPL,2003-01-02,14.3584,14.9184,14.3472,14.8008,0.2235
NVDA,2003-01-07,13.5704,13.88,13.1204,13.2704,1.0143
NVDA,2003-01-22,10.4504,10.76,10.4204,10.49,0.8018
NVDA,2003-01-21,10.95,11.1888,10.4504,10.4804,0.801
NVDA,2003-02-10,9.75,9.95,9.33,9.8804,0.7552
AAPL,2003-01-24,14.2408,14.2408,13.5576,13.7984,0.2083
AAPL,2002-12-30,14.0784,14.1512,13.8376,14.0672,0.2124
AAPL,2003-01-23,14.0504,14.3584,13.9496,14.168,0.2139
NVDA,2003-01-06,12.6104,13.5104,12.6,13.31,1.0173
AAPL,2002-12-27,14.308,14.3808,14.0112,14.0616,0.2123
AAPL,2003-01-10,14.5824,14.8176,14.4872,14.7224,0.2223
AAPL,2003-01-09,14.6216,14.9184,14.4984,14.6776,0.2216
AAPL,2002-12-26,14.42,14.812,14.28,14.3976,0.2174
NVDA,2003-01-29,10.1,10.67,10.1,10.59,0.8094
NVDA,2003-01-03,12.35,12.75,12.1004,12.3104,0.9409
NVDA,2003-01-30,10.8,10.89,10.05,10.16,0.7766
NVDA,2003-01-31,9.86,10.6004,9.77,10.32,0.7888
AAPL,2003-01-22,13.9776,14.1512,13.7984,13.8824,0.2096
NVDA,2003-01-28,9.89,10.5704,9.56,10.38,0.7934
AAPL,2003-01-21,14.2072,14.4088,14,14.0224,0.2117
NVDA,2003-01-27,9.95,10.47,9.77,10.02,0.7659
NVDA,2003-01-17,10.8704,11.0204,10.61,10.7504,0.8217
NVDA,2003-01-16,11.8004,11.9504,11.01,11.1704,0.8538
NVDA,2003-01-15,12.3704,12.474,11.9804,11.9804,0.9157
AAPL,2003-01-14,14.6888,14.8176,14.4872,14.6104,0.2206
NVDA,2003-01-13,12.84,12.95,12.21,12.27,0.9378
AAPL,2003-01-07,14.7896,15.0024,14.4704,14.8512,0.2242
NVDA,2003-01-02,12,12.45,11.598,12.3104,0.9409
NVDA,2002-12-17,14.27,14.75,13.89,14,1.0701
NVDA,2002-12-16,13.7,14.1,13.3596,14.0204,1.0716
NVDA,2002-12-31,11.4104,11.8004,11.19,11.51,0.8797
NVDA,2003-01-08,12.93,13.31,11.8604,11.9504,0.9134
AAPL,2002-11-26,15.848,15.8984,15.2712,15.4112,0.2327
NVDA,2002-12-23,12.7904,13.22,12.75,12.9104,0.9868
AAPL,2002-11-27,15.6016,15.8592,15.4504,15.7192,0.2373
NVDA,2002-12-30,12,12.1304,11.2604,11.5304,0.8813
NVDA,2002-12-09,13.67,13.89,12.89,13.0004,0.9936
AAPL,2002-12-24,14.4424,14.4704,14.3024,14.3584,0.2168
NVDA,2002-12-06,13.5,14.4,13.28,14.13,1.08
NVDA,2002-12-27,12.7604,12.7904,11.84,11.9504,0.9134
NVDA,2002-12-26,12.86,13.05,12.3192,12.42,0.9493
NVDA,2002-12-13,13.53,13.538,13.14,13.2404,1.012
AAPL,2002-12-10,14.7504,15.4504,14.728,15.2824,0.2307
NVDA,2002-12-05,14.88,14.9804,13.77,14.1104,1.0785
NVDA,2002-12-12,14.5304,14.7,13.7504,13.7804,1.0533
NVDA,2002-12-11,13.9904,14.4,13.52,14.01,1.0708
NVDA,2002-12-04,14.76,15,13.9304,13.9872,1.0691
NVDA,2002-12-02,18.0404,18.27,16.92,17,1.2994
NVDA,2002-12-20,13.0512,13.19,12.1904,12.8204,0.9799
AAPL,2002-12-18,14.8008,14.8624,14.4984,14.5712,0.22
AAPL,2002-12-17,14.8512,15.1928,14.6608,15.0808,0.2277
AAPL,2002-12-16,14.812,15.0976,14.6104,14.8512,0.2242
AAPL,2002-12-23,14.1624,14.5488,14.1176,14.4872,0.2187
NVDA,2002-11-29,17.5304,17.78,17,17.13,1.3093
NVDA,2002-12-03,16.68,16.7204,15.8504,15.8804,1.2138
NVDA,2002-11-26,16.37,16.6904,15.8,15.8504,1.2115
AAPL,2002-12-13,15.1424,15.148,14.6496,14.7896,0.2233
NVDA,2002-12-24,12.98,13.2404,12.5804,12.65,0.9669
AAPL,2002-12-12,15.512,15.5512,15.008,15.1928,0.2294
AAPL,2002-12-11,15.2992,15.4896,15.0808,15.4896,0.2339
AAPL,2002-12-20,14.2912,14.56,13.7816,14.14,0.2135
NVDA,2002-12-19,12.7004,13.37,12.5204,12.65,0.9669
AAPL,2002-12-09,14.9408,14.952,14.672,14.7504,0.2227
AAPL,2002-12-06,14.6496,15.1928,14.5208,14.952,0.2257
AAPL,2002-12-04,15.1816,15.1928,14.4984,14.9688,0.226
AAPL,2002-12-05,15.0304,15.0808,14.532,14.6272,0.2208
AAPL,2002-12-02,15.8984,16.1,15.008,15.1816,0.2292
NVDA,2002-11-27,16.52,17.36,16.31,17.0804,1.3055
AAPL,2002-11-22,16.0888,16.3016,15.8984,16.0104,0.2417
NVDA,2002-12-10,13.3304,14.3504,13.166,14.09,1.0769
AAPL,2002-12-03,15.1984,15.3384,15.0976,15.1592,0.2289
AAPL,2002-11-29,15.792,15.8816,15.4112,15.5008,0.234
AAPL,2002-11-20,15.2992,15.7024,15.2488,15.5288,0.2344
AAPL,2002-11-21,15.8984,16.4416,15.7528,16.352,0.2469
AAPL,2002-11-18,16.1896,16.2008,15.5176,15.652,0.2363
AAPL,2002-12-19,14.532,14.9184,14.1008,14.2016,0.2144
AAPL,2002-11-19,15.5512,15.7528,15.008,15.2712,0.2306
AAPL,2002-11-25,16.0272,16.1392,15.708,15.9712,0.2411
AAPL,2002-11-15,16.2288,16.24,15.7584,15.9488,0.2408
AAPL,2002-11-14,15.8984,16.408,15.7808,16.3016,0.2461
NVDA,2002-11-07,15.7604,15.7604,14.46,14.55,1.1121
NVDA,2002-12-18,13.56,13.58,12.9,12.93,0.9883
AAPL,2002-11-13,15.5008,16.072,15.2824,15.5904,0.2354
AAPL,2002-11-12,15.3216,16.0384,15.2824,15.6408,0.2361
AAPL,2002-11-01,15.9376,16.4976,15.8872,16.3576,0.247
AAPL,2002-11-08,16.0104,16.2008,15.5176,15.8424,0.2392
AAPL,2002-10-31,15.988,16.4416,15.9208,16.072,0.2426
AAPL,2002-11-11,15.7416,15.8872,15.12,15.1592,0.2289
AAPL,2002-11-06,17.08,17.3208,16.6992,17.22,0.26
AAPL,2002-10-29,15.568,15.8816,14.9576,15.4392,0.2331
AAPL,2002-10-30,15.4896,16.3688,15.4784,15.9824,0.2413
AAPL,2002-11-04,16.4976,17.3824,16.352,16.8896,0.255
AAPL,2002-10-25,14.6888,15.4504,14.588,15.4224,0.2328
AAPL,2002-10-24,15.0192,15.2096,14.5488,14.6888,0.2218
AAPL,2002-10-23,14.6272,14.98,14.4984,14.8792,0.2246
NVDA,2002-11-22,15.1604,16.04,15,15.72,1.2015
AAPL,2002-10-18,14,14.3472,13.9328,14.3416,0.2165
AAPL,2002-11-07,16.94,17.1024,15.8088,15.9992,0.2415
AAPL,2002-10-17,14.2072,14.3808,13.9776,14.112,0.2131
AAPL,2002-10-16,14.8624,15.1312,13.8992,14.56,0.2198
NVDA,2002-11-20,14.6,15,14.4104,14.8812,1.1374
AAPL,2002-10-15,15.2208,15.2488,14.7784,15.1592,0.2289
NVDA,2002-11-05,15.6,15.86,14.3504,15.02,1.148
AAPL,2002-10-21,14.2576,14.6272,14,14.56,0.2198
NVDA,2002-11-21,15.48,16.88,15.45,16.14,1.2336
NVDA,2002-11-18,14.55,14.6,13.9304,13.97,1.0678
NVDA,2002-11-19,13.89,14.88,13.7448,14.1704,1.0831
NVDA,2002-10-25,10.5,11.15,10.3604,11.1,0.8484
NVDA,2002-11-25,16.4504,16.694,15.81,16.29,1.2451
NVDA,2002-11-15,13.31,13.91,13.05,13.47,1.0296
NVDA,2002-11-14,12.5504,12.7904,12.17,12.5504,0.9592
NVDA,2002-11-01,11.72,14.27,11.7,14.1,1.0777
NVDA,2002-11-08,12.3,13.04,11.01,11.36,0.8683
AAPL,2002-10-28,15.5512,15.9488,15.2488,15.6128,0.2357
AAPL,2002-10-22,14.4704,14.8792,14.2576,14.7,0.2219
NVDA,2002-10-31,11.3204,11.9804,11.2904,11.9,0.9096
NVDA,2002-11-11,10.82,10.98,10.22,10.4804,0.801
NVDA,2002-11-06,15.53,16.2,14.9204,16.1804,1.2367
NVDA,2002-10-29,11.18,11.2604,10.11,10.67,0.8155
NVDA,2002-10-24,11.24,11.36,10.3092,10.46,0.7995
NVDA,2002-10-23,10.7504,11.1704,10.6004,11.0204,0.8423
NVDA,2002-10-30,11.01,11.6,10.97,11.24,0.8591
NVDA,2002-11-04,15.0404,16.5164,14.91,15.6404,1.1954
NVDA,2002-11-13,11.1404,12.1004,10.92,11.7792,0.9003
NVDA,2002-11-12,10.73,11.8004,10.64,11.4104,0.8721
NVDA,2002-10-18,9.26,9.5,8.91,9.4004,0.7185
NVDA,2002-10-17,9.4004,9.75,9.17,9.3104,0.7116
NVDA,2002-10-16,8.8004,8.88,8.5004,8.6504,0.6611
AAPL,2002-11-05,16.7496,16.9624,16.352,16.9008,0.2552
NVDA,2002-10-15,9.5,9.84,9.3104,9.44,0.7215
NVDA,2002-09-27,8.85,9.08,8.55,8.5604,0.6543
NVDA,2002-10-02,9.09,9.5504,9.0104,9.0104,0.6887
NVDA,2002-10-21,9.27,10.59,9.06,10.25,0.7834
NVDA,2002-09-26,9.5504,9.65,8.73,8.87,0.678
AAPL,2002-09-18,14.6888,15.092,14.5208,15.0192,0.2268
NVDA,2002-09-25,9.4004,9.5504,9.03,9.3704,0.7162
NVDA,2002-10-28,11.61,11.7,11.09,11.16,0.853
NVDA,2002-09-24,8.7104,9.3,8.55,8.88,0.6787
NVDA,2002-09-23,9.06,9.15,8.75,8.81,0.6734
NVDA,2002-10-22,9.78,11.2004,9.77,10.59,0.8094
AAPL,2002-10-11,14.252,14.7784,14.1008,14.5096,0.2191
AAPL,2002-10-09,13.5408,13.8488,13.412,13.5912,0.2052
AAPL,2002-10-08,13.8992,13.9608,13.3616,13.6808,0.2065
AAPL,2002-10-07,13.972,14.2072,13.7592,13.7704,0.2079
AAPL,2002-10-10,13.6304,14.2184,13.58,14.112,0.2131
NVDA,2002-10-03,8.9,9.05,8.55,8.57,0.655
NVDA,2002-10-01,8.63,9.1004,8.3204,9.02,0.6894
AAPL,2002-09-30,14.3976,14.5712,14.14,14.4984,0.2189
NVDA,2002-09-19,9.27,9.6,9.11,9.1604,0.7001
AAPL,2002-09-27,14.4872,14.8512,14.4816,14.7224,0.2223
AAPL,2002-09-26,15.0976,15.1928,14.5488,14.7,0.2219
NVDA,2002-10-14,8.55,8.81,8.37,8.55,0.6535
AAPL,2002-09-25,14.6888,15.1704,14.6496,14.9296,0.2254
AAPL,2002-09-24,14.3976,14.8176,14.3976,14.6384,0.221
AAPL,2002-10-02,14.3304,14.6272,14.1008,14.168,0.2139
NVDA,2002-09-20,9.23,9.42,9.0104,9.21,0.704
AAPL,2002-09-16,14.14,14.6104,14.1176,14.4984,0.2189
NVDA,2002-10-04,8.55,8.82,8,8.1404,0.6222
NVDA,2002-09-18,9.6,9.7904,9.1904,9.48,0.7246
AAPL,2002-09-23,14.7616,14.9576,14.448,14.8512,0.2242
AAPL,2002-10-03,14.1792,14.5992,14.0616,14.3024,0.2159
AAPL,2002-09-12,14.2016,14.5096,14.1176,14.14,0.2135
AAPL,2002-09-10,14.4088,14.4872,14.1176,14.3304,0.2164
AAPL,2002-10-01,14.588,14.5992,14,14.5096,0.2191
AAPL,2002-09-17,14.5712,15.0304,14.5712,14.8008,0.2235
AAPL,2002-09-11,14.3416,14.5992,14.1512,14.2912,0.2158
NVDA,2002-10-11,8.0504,8.9504,8,8.81,0.6734
NVDA,2002-10-09,7.4,7.8884,7.2404,7.37,0.5633
NVDA,2002-10-08,8,8.0204,7.2,7.5104,0.574
AAPL,2002-09-19,14.7504,14.8008,14.4816,14.5824,0.2202
AAPL,2002-09-20,14.6216,14.9408,14.5208,14.868,0.2245
NVDA,2002-09-16,10.41,10.4504,9.65,9.9,0.7567
NVDA,2002-09-30,8.5304,8.93,8.3504,8.5604,0.6543
NVDA,2002-10-07,8.03,8.19,7.68,7.74,0.5916
AAPL,2002-10-14,14.5488,14.98,14.4424,14.7672,0.2229
AAPL,2002-09-06,14.5096,14.6496,14.2296,14.3808,0.2171
NVDA,2002-10-10,7.3004,7.9904,7.3004,7.7508,0.5924
AAPL,2002-09-05,14.2184,14.3584,14.0504,14.1792,0.2141
AAPL,2002-10-04,14.3584,14.3976,13.9888,14.028,0.2118
AAPL,2002-09-09,14.28,14.532,14.1512,14.3696,0.2169
NVDA,2002-09-12,10.82,11.4104,10.62,10.74,0.8209
NVDA,2002-08-30,10.2704,10.7,9.9,10.106,0.7724
NVDA,2002-09-10,9.2,11.0504,9.1904,10.5704,0.8079
NVDA,2002-08-20,12.75,13.0004,11.93,12.09,0.9241
NVDA,2002-09-17,10.34,10.59,9.69,9.75,0.7452
AAPL,2002-08-21,16.0104,16.24,15.4504,16.1224,0.2434
AAPL,2002-08-09,15.2488,15.2488,14.7504,15.0024,0.2265
NVDA,2002-08-28,10.86,10.88,10.2,10.2404,0.7827
AAPL,2002-09-13,14.1288,14.3416,14.0504,14.168,0.2139
NVDA,2002-08-19,11.15,13.4504,11.13,12.65,0.9669
AAPL,2002-09-03,14.4872,14.5488,14.0504,14.0504,0.2121
NVDA,2002-09-11,10.9004,11.9,10.9004,11.09,0.8476
AAPL,2002-08-12,14.9016,15.0192,14.6888,14.9912,0.2263
NVDA,2002-09-06,9.44,9.5252,9.12,9.26,0.7078
NVDA,2002-09-05,9.33,9.3704,9,9.06,0.6925
NVDA,2002-08-29,10.11,10.8404,10.0304,10.37,0.7926
NVDA,2002-09-04,9.51,9.7604,9.0104,9.42,0.72
NVDA,2002-08-26,11.7104,11.79,11.04,11.58,0.8851
AAPL,2002-08-27,15.708,15.7416,14.7112,14.8512,0.2242
NVDA,2002-08-15,9.98,10.49,9.8804,10.29,0.7865
AAPL,2002-08-08,14.7672,15.3776,14.7672,15.2992,0.231
NVDA,2002-08-14,9.18,9.7004,9.1004,9.62,0.7353
NVDA,2002-09-09,9.1904,9.54,8.91,9.2504,0.707
NVDA,2002-08-16,9.74,11.0504,9.44,10.6904,0.8171
NVDA,2002-08-13,9.26,9.71,9,9.0104,0.6887
AAPL,2002-08-20,15.9712,16.0888,15.5288,15.9096,0.2402
NVDA,2002-08-23,11.9504,12.03,11.42,11.49,0.8782
AAPL,2002-08-07,15.092,15.3608,14.3472,15.0304,0.2269
NVDA,2002-08-22,12.35,12.8504,12.2204,12.3,0.9401
AAPL,2002-08-30,14.728,15.1424,14.5824,14.7504,0.2227
AAPL,2002-08-06,14.2072,15.232,14.0784,14.7392,0.2225
NVDA,2002-09-13,10.6304,11.1404,10.5,10.5704,0.8079
AAPL,2002-08-28,14.8008,15.12,14.6496,14.7,0.2219
AAPL,2002-08-19,15.7808,16.2512,15.7192,15.9824,0.2413
NVDA,2002-08-21,12.6404,12.89,12.05,12.7304,0.973
NVDA,2002-08-09,9.17,9.5,9.0104,9.2,0.7032
AAPL,2002-08-15,15.2488,15.7528,15.008,15.6128,0.2357
NVDA,2002-09-03,9.6212,9.8504,9.32,9.48,0.7246
AAPL,2002-08-29,14.6496,15.0808,14.5096,14.7,0.2219
AAPL,2002-09-04,14.2016,14.7784,14.168,14.4816,0.2186
AAPL,2002-08-01,15.1088,15.4224,14.728,14.8008,0.2235
AAPL,2002-08-26,15.9488,15.9488,15.1592,15.5288,0.2344
AAPL,2002-08-14,14.672,15.3496,14.5376,15.1704,0.229
AAPL,2002-08-16,15.4504,16.1,15.2824,15.8088,0.2387
AAPL,2002-08-13,14.9016,15.2096,14.5488,14.588,0.2202
AAPL,2002-07-31,15.4,15.4224,14.9016,15.26,0.2304
AAPL,2002-08-23,15.8984,15.932,15.4504,15.7304,0.2375
AAPL,2002-08-22,16.2008,16.2512,15.6576,15.9712,0.2411
AAPL,2002-07-30,14.8512,15.512,14.56,15.428,0.2329
NVDA,2002-08-27,11.78,11.84,10.85,10.92,0.8347
NVDA,2002-08-12,9.1004,9.5504,8.8604,9.2,0.7032
NVDA,2002-08-08,8.93,9.5804,8.7,9.4244,0.7203
AAPL,2002-08-05,14.5096,14.7,13.972,13.9888,0.2112
AAPL,2002-07-17,16.128,16.2008,15.1928,15.6296,0.236
NVDA,2002-07-25,16.3604,16.41,14.5112,15.06,1.1511
NVDA,2002-07-18,19.17,20.3,18.9404,18.99,1.4515
NVDA,2002-08-07,9.45,9.54,8.5004,8.8484,0.6763
NVDA,2002-07-11,17.99,20.004,17.8304,19.9304,1.5233
NVDA,2002-07-12,21,21.08,19.5,19.91,1.5218
AAPL,2002-07-05,17.7072,18.7488,17.7072,18.7376,0.2829
AAPL,2002-07-09,18.088,18.2896,17.4608,17.528,0.2646
NVDA,2002-08-06,9,9.39,8.8604,9.05,0.6917
AAPL,2002-07-29,14.4816,15.0976,14.3696,15.0192,0.2268
AAPL,2002-07-03,16.8112,17.6792,16.7496,17.5504,0.265
NVDA,2002-08-01,11.16,11.16,10.0004,10.01,0.7651
NVDA,2002-07-31,11.82,12.06,10.94,11.07,0.8461
AAPL,2002-07-16,18.1496,18.5696,17.612,17.8584,0.2696
NVDA,2002-07-24,15.78,17.28,15.77,17.0204,1.3009
NVDA,2002-07-23,17.39,17.5004,15.41,16.0004,1.2229
NVDA,2002-07-10,19.05,19.2,17.96,18.09,1.3827
NVDA,2002-07-22,18.05,18.56,16.5512,17.2904,1.3215
AAPL,2002-07-26,14.4592,14.532,13.7984,14.3416,0.2165
AAPL,2002-08-02,14.7392,15.0024,14.252,14.448,0.2181
NVDA,2002-07-30,15.05,16.9836,15,16.22,1.2398
AAPL,2002-07-25,14.9296,14.952,14.0112,14.3584,0.2168
NVDA,2002-07-08,18.77,20.24,18.75,19.56,1.495
NVDA,2002-08-05,9.21,9.23,8.49,8.6,0.6573
AAPL,2002-07-18,15.5008,15.5624,14.7504,14.9912,0.2263
NVDA,2002-07-19,18.41,19.14,18,18.1304,1.3857
NVDA,2002-07-15,19.9604,21.9,19.0604,21.89,1.6731
AAPL,2002-07-11,17.2592,18.3512,16.968,18.3008,0.2763
AAPL,2002-07-12,18.5528,18.788,17.2592,17.5112,0.2644
NVDA,2002-07-17,20.84,21.252,18.66,19.49,1.4897
NVDA,2002-07-05,18.7004,19.0004,18.164,18.99,1.4515
AAPL,2002-07-02,17.0296,17.1584,16.828,16.94,0.2558
AAPL,2002-06-28,17.1024,17.8192,17.0016,17.7184,0.2675
AAPL,2002-07-24,14.3304,15.2208,14.252,15.1984,0.2295
AAPL,2002-07-23,14.9016,15.1312,14.4424,14.4704,0.2185
NVDA,2002-07-09,19.61,19.86,18.18,18.6,1.4217
NVDA,2002-07-29,15.32,15.4004,14.63,15.12,1.1557
AAPL,2002-07-22,14.7504,15.1928,14.6104,14.9184,0.2252
AAPL,2002-07-10,17.7072,18.172,17.248,17.3208,0.2615
NVDA,2002-07-16,21.35,23.3504,20.9504,21.3,1.628
AAPL,2002-07-01,17.7072,17.8808,17.052,17.0576,0.2575
AAPL,2002-07-08,18.5192,18.6088,17.6792,18.0096,0.2719
AAPL,2002-06-27,16.7888,17.2704,16.4192,17.0576,0.2575
AAPL,2002-06-25,17.3992,17.6792,16.8616,17.1416,0.2588
AAPL,2002-07-15,17.4328,18.5976,16.8112,18.228,0.2752
AAPL,2002-07-19,14.7,15.1704,14.532,14.9576,0.2258
NVDA,2002-07-03,15.96,17.48,15.95,17.45,1.3338
AAPL,2002-06-26,16.8,17.2928,15.9824,16.548,0.2498
NVDA,2002-07-26,15.5,15.86,14.3,14.7104,1.1243
NVDA,2002-08-02,10.3304,10.4,9.1004,9.35,0.7147
NVDA,2002-07-02,16.94,17,15.62,16.0604,1.2275
AAPL,2002-06-21,16.968,17.4888,16.7888,16.8504,0.2544
AAPL,2002-06-24,16.772,17.7296,16.6992,17.2704,0.2607
AAPL,2002-05-31,24.0912,24.248,23.2792,23.3016,0.3518
AAPL,2002-06-10,21.4816,21.84,21.3416,21.4816,0.3243
AAPL,2002-06-12,20.412,20.748,19.9416,20.0872,0.3033
AAPL,2002-05-30,23.772,24.3824,23.5088,24.1976,0.3653
AAPL,2002-05-29,23.9176,24.4384,23.4472,23.9792,0.362
NVDA,2002-06-18,28.08,29.1,27.75,28.28,2.1615
NVDA,2002-06-28,16.8,17.8904,16.43,17.18,1.3131
AAPL,2002-06-20,17.1696,17.6008,16.8504,17.108,0.2583
NVDA,2002-06-05,33.15,33.1604,31.4504,32.6,2.4917
NVDA,2002-07-01,17.1,17.6,16.7804,17.1404,1.3101
NVDA,2002-06-27,20.81,20.97,16.8,17.0804,1.3055
AAPL,2002-06-19,17.3712,17.6008,16.8784,17.1192,0.2585
AAPL,2002-06-07,21.7616,21.9408,20.9328,21.3976,0.3231
AAPL,2002-06-06,22.96,23.2288,22.0416,22.1592,0.3346
AAPL,2002-05-28,23.688,24.1976,23.4304,23.9792,0.362
NVDA,2002-06-13,28.16,28.68,26.78,27.66,2.1141
NVDA,2002-06-14,26.64,28.3904,25.74,28.1804,2.1539
NVDA,2002-06-17,28.8104,29.18,27.9404,28.43,2.173
NVDA,2002-06-25,23.5004,23.5004,21.03,21.17,1.6181
AAPL,2002-05-23,24.4496,25.2392,24.0688,25.1776,0.3801
NVDA,2002-06-26,18.77,20.78,18.2504,20.07,1.534
NVDA,2002-06-11,32.5604,32.7,30.51,30.5972,2.3386
NVDA,2002-06-04,31.29,33.2532,31.2404,33.08,2.5284
NVDA,2002-06-03,32.6504,32.8004,31.0904,31.4988,2.4076
AAPL,2002-06-05,22.8312,22.8312,22.3496,22.7192,0.343
AAPL,2002-05-22,23.3688,24.3712,23.3184,24.3208,0.3672
AAPL,2002-05-24,24.9872,24.9872,23.9624,24.1528,0.3646
NVDA,2002-05-31,34.6004,34.7504,33.4004,33.4604,2.5575
NVDA,2002-06-12,29.862,30.4004,26.67,27.95,2.1363
NVDA,2002-06-10,32.73,33.6468,31.956,32.03,2.4482
NVDA,2002-06-21,23.51,24.42,22.1804,22.6604,1.732
AAPL,2002-06-18,20.4176,20.5912,19.9808,20.1488,0.3042
NVDA,2002-06-24,22.08,23.79,21.4004,23.0804,1.7641
NVDA,2002-05-30,34.2,35.232,33.53,34.4,2.6293
NVDA,2002-05-29,33.1004,35.0504,32.5904,34.91,2.6683
NVDA,2002-06-20,23.9,24.5504,23.3204,23.63,1.8061
AAPL,2002-05-21,24.8304,24.9984,23.4024,23.4584,0.3542
AAPL,2002-06-13,20.02,20.048,19.3816,19.5384,0.295
NVDA,2002-06-19,26.9,26.9,23.64,23.85,1.8229
AAPL,2002-06-14,19.2416,20.3616,18.1104,20.0984,0.3034
AAPL,2002-06-17,20.2384,20.6304,19.852,20.5408,0.3101
AAPL,2002-06-04,22.8816,23.0384,22.1816,22.7808,0.3439
NVDA,2002-06-07,29.96,32.7,29.9504,32.3,2.4688
AAPL,2002-05-20,24.5672,24.9312,24.528,24.7408,0.3735
AAPL,2002-06-03,23.3912,23.4472,22.5792,22.9096,0.3459
NVDA,2002-06-06,32.2604,33.05,32.25,32.61,2.4925
AAPL,2002-06-11,21.6384,21.7,20.412,20.4624,0.3089
NVDA,2002-05-28,35.34,35.36,32.94,33.6404,2.5712
NVDA,2002-05-10,35.1704,35.3,31.5,31.88,2.4367
NVDA,2002-05-24,35.0504,35.2344,34.22,35.03,2.6775
NVDA,2002-05-22,36.86,38.276,36.8,38.0504,2.9083
NVDA,2002-05-23,38.16,38.24,34.6004,35.73,2.731
AAPL,2002-05-16,25.06,25.452,24.752,25.2112,0.3806
AAPL,2002-05-15,25.368,25.9784,24.8416,25.2784,0.3816
NVDA,2002-04-30,36.27,36.75,34.05,34.8104,2.6606
AAPL,2002-05-14,24.4496,25.6816,24.22,25.6088,0.3866
AAPL,2002-04-23,24.5392,24.78,24.0912,24.248,0.3661
NVDA,2002-04-29,33.966,35.94,32.82,35.43,2.708
AAPL,2002-05-03,23.5704,24.0184,23.4304,23.5088,0.3549
NVDA,2002-05-06,31.9004,33.4004,31.2404,31.5,2.4077
NVDA,2002-05-08,36.1304,36.56,33.4004,36,2.7516
AAPL,2002-05-02,23.8112,24.3376,23.5984,23.688,0.3576
AAPL,2002-05-01,24.2928,24.2928,23.3576,23.9792,0.362
NVDA,2002-04-26,34.11,34.1504,30.3704,30.3704,2.3213
NVDA,2002-05-07,32.2004,32.87,30.71,32.2904,2.468
AAPL,2002-04-30,23.8896,24.3824,23.7496,24.2704,0.3664
AAPL,2002-04-29,23.1616,24.0576,23.0888,23.9624,0.3618
NVDA,2002-05-21,40.1,40.65,36.53,36.57,2.7952
AAPL,2002-05-17,25.4912,25.7824,24.612,25.0096,0.3776
AAPL,2002-05-13,23.52,24.0912,22.9376,23.94,0.3614
NVDA,2002-05-20,38.84,39.8504,38.66,39.59,3.026
NVDA,2002-04-25,32.3504,34.3904,32.34,33.74,2.5789
AAPL,2002-05-10,24.2928,24.2928,22.9824,23.3184,0.3521
AAPL,2002-05-06,23.352,23.4976,22.4616,22.652,0.342
NVDA,2002-05-09,35.8904,36.6348,34.4,34.46,2.6339
AAPL,2002-04-22,24.8416,24.9312,24.2312,24.528,0.3703
NVDA,2002-04-24,36.0104,36.54,32.3904,32.48,2.4826
AAPL,2002-04-18,25.5024,25.5192,24.8808,25.4128,0.3837
AAPL,2002-04-19,25.4912,25.4912,24.9312,24.9816,0.3772
AAPL,2002-04-26,24.2816,24.3712,22.9992,23.0104,0.3474
AAPL,2002-05-08,23.2008,24.5224,23.0384,24.3712,0.3679
AAPL,2002-04-17,25.928,26.1688,25.3792,26.1128,0.3942
AAPL,2002-04-16,25.1496,25.9896,25.1216,25.7376,0.3886
AAPL,2002-04-15,25.06,25.1496,24.8024,24.9984,0.3774
NVDA,2002-05-16,37.91,38.75,37.148,37.97,2.9022
NVDA,2002-05-15,36.6,38.6,36.09,37.9004,2.8968
NVDA,2002-04-23,37.3904,37.82,35.27,35.6,2.721
NVDA,2002-05-14,35.97,37.55,35.3504,37.17,2.841
AAPL,2002-04-25,23.5592,24.3376,23.548,24.1192,0.3641
AAPL,2002-04-12,25.0096,25.172,24.5672,25.06,0.3783
NVDA,2002-05-03,34.05,34.31,32.58,32.75,2.5032
NVDA,2002-05-02,35.61,36.4904,34.0004,34.01,2.5995
AAPL,2002-04-24,24.2984,24.5,23.6824,23.772,0.3589
NVDA,2002-05-01,34.2404,35.93,33.35,35.4404,2.7088
AAPL,2002-05-07,22.9376,22.9488,22.1424,22.4728,0.3393
NVDA,2002-05-17,39,39.2804,38.03,39.17,2.9939
AAPL,2002-05-09,24.248,24.3488,23.8,24.192,0.3652
NVDA,2002-05-13,32.21,33.92,31.94,33.81,2.5842
AAPL,2002-04-11,25.032,25.2,24.752,24.8584,0.3753
NVDA,2002-04-22,36.51,37.85,36.5,37.1,2.8357
AAPL,2002-04-09,24.5896,24.9984,24.0128,24.1024,0.3639
NVDA,2002-04-18,39.8804,40.31,38.75,39.62,3.0283
AAPL,2002-03-25,24.0688,24.0912,23.24,23.352,0.3526
AAPL,2002-04-10,24.2088,24.948,24.0128,24.6624,0.3723
AAPL,2002-03-12,24.5112,24.7408,24.1024,24.7184,0.3732
NVDA,2002-04-02,42.32,44.69,42.24,42.4904,3.2477
NVDA,2002-04-01,41.9,43.97,40.56,43.6304,3.3348
NVDA,2002-04-05,43.3604,44.06,41.66,42.1004,3.2178
AAPL,2002-03-26,23.2008,23.6376,22.9992,23.4584,0.3542
NVDA,2002-04-04,42.96,44.55,42.3704,43.08,3.2928
NVDA,2002-04-17,40.29,40.88,39.03,40.29,3.0795
NVDA,2002-04-19,38.28,38.75,36.8732,36.92,2.8219
NVDA,2002-04-16,39.87,40.28,39.0404,39.8204,3.0436
NVDA,2002-04-15,37.3904,38.79,37.3004,38.16,2.9167
AAPL,2002-03-18,24.948,25.0488,24.3208,24.7408,0.3735
AAPL,2002-03-14,24.2984,24.6008,23.8728,24.4328,0.3689
AAPL,2002-03-11,24.6008,25.1384,24.1024,25.06,0.3783
NVDA,2002-04-03,42.68,43.8404,41.8004,43.29,3.3088
NVDA,2002-03-21,47.31,49.55,46.0604,48.99,3.7445
NVDA,2002-04-12,37.64,37.94,35.5392,36.68,2.8036
NVDA,2002-03-20,50.8004,50.9,46.35,46.5204,3.5557
NVDA,2002-03-19,53.15,53.25,51.3404,51.65,3.9478
NVDA,2002-04-11,38.2004,38.6984,36.4032,36.8204,2.8143
NVDA,2002-04-08,40.1504,43.5104,40.14,43.5104,3.3256
NVDA,2002-03-28,45.81,46.1,41.87,44.36,3.3906
NVDA,2002-03-27,46.28,47.22,44.7,45.5,3.4777
NVDA,2002-03-22,49.8704,49.8704,48.2,48.57,3.7124
NVDA,2002-04-10,41.09,41.4,35.6,38.51,2.9435
NVDA,2002-03-15,50.99,52.83,50.0204,52.77,4.0334
NVDA,2002-04-09,43.94,44.3,40.6604,40.76,3.1154
AAPL,2002-04-02,24.0016,24.2984,23.8728,24.0688,0.3634
AAPL,2002-04-01,23.38,24.7016,23.2792,24.4608,0.3693
AAPL,2002-04-05,24.948,25.1888,24.1024,24.7408,0.3735
AAPL,2002-04-04,23.6712,25.0488,23.6712,24.8976,0.3759
NVDA,2002-03-13,54.08,54.47,53.4,53.6,4.0968
AAPL,2002-04-03,24.052,24.4888,23.5984,23.7496,0.3586
NVDA,2002-03-12,55.85,56.1524,54.2,54.59,4.1725
AAPL,2002-04-08,24.1584,24.6792,23.7776,24.5616,0.3708
AAPL,2002-03-28,23.6992,23.8784,23.4584,23.6712,0.3574
AAPL,2002-03-27,23.352,23.7216,23.2624,23.4696,0.3543
NVDA,2002-03-25,48.3404,48.4004,46.0004,46.0604,3.5205
AAPL,2002-03-21,23.8616,24.2984,23.2624,24.2704,0.3664
AAPL,2002-03-20,24.6624,25.1384,24.5,24.92,0.3762
NVDA,2002-03-26,45.5804,48.1788,45.32,47,3.5924
AAPL,2002-03-19,24.6904,25.3008,24.2984,24.8472,0.3751
AAPL,2002-03-22,24.22,24.5616,23.8728,24.0912,0.3637
NVDA,2002-03-18,53.73,54.89,52.17,52.77,4.0334
AAPL,2002-03-15,24.4608,24.9592,24.248,24.948,0.3767
NVDA,2002-03-14,53.2004,53.378,50.52,50.63,3.8698
AAPL,2002-03-13,24.3712,24.8472,24.1528,24.4888,0.3697
AAPL,2002-03-08,24.7408,25.088,24.2984,24.6624,0.3723
AAPL,2002-02-22,21.6608,22.9488,21.4984,22.7416,0.3433
NVDA,2002-03-11,57.65,58.29,56.6504,57.6104,4.4033
NVDA,2002-02-28,52.8,53.75,50.5604,51.0104,3.8989
AAPL,2002-03-07,24.0576,24.528,23.6096,24.3824,0.3681
AAPL,2002-02-21,22.9208,22.9992,21.448,21.4984,0.3246
AAPL,2002-03-06,23.4808,24.3376,22.932,24.0688,0.3634
AAPL,2002-03-05,24.1528,24.4328,23.4024,23.5312,0.3553
AAPL,2002-03-04,23.2624,24.5784,22.7584,24.2928,0.3668
NVDA,2002-02-12,59.99,63.35,59.3,62.2004,4.7542
AAPL,2002-03-01,21.9296,23.4976,21.8176,23.4472,0.354
AAPL,2002-02-20,22.7696,23.2008,22.3496,23.128,0.3492
NVDA,2002-02-13,63,64.0604,60.8,61.4,4.693
AAPL,2002-02-06,25.5976,25.9784,24.1528,24.668,0.3724
NVDA,2002-02-25,50.15,54.2204,50.1404,53.8304,4.1144
AAPL,2002-02-07,24.6512,25.2896,24.08,24.2984,0.3668
AAPL,2002-02-15,24.528,24.9816,23.8504,23.9008,0.3608
NVDA,2002-02-11,57.63,61.0004,57.42,60.9104,4.6556
AAPL,2002-02-14,25.0488,25.228,24.3824,24.6008,0.3714
AAPL,2002-02-27,23.94,24.248,20.9384,21.9576,0.3315
AAPL,2002-02-05,25.088,25.9784,25.0824,25.452,0.3843
AAPL,2002-02-26,23.912,24.3712,23.2512,23.6712,0.3574
AAPL,2002-02-19,23.7608,23.8728,22.4784,22.6184,0.3415
AAPL,2002-02-04,24.3208,25.5192,24.1976,25.3512,0.3827
AAPL,2002-02-28,22.148,22.5904,21.3472,21.7,0.3276
AAPL,2002-02-01,24.3376,24.9592,24.3376,24.4104,0.3685
NVDA,2002-03-08,57.68,59.49,57.4004,58.29,4.4553
NVDA,2002-03-06,57.15,57.7304,55.83,57.06,4.3613
NVDA,2002-03-07,57.87,58.0604,55.02,56.6,4.3261
AAPL,2002-02-12,24.6624,25.0376,24.4496,24.7072,0.373
AAPL,2002-02-13,24.7296,25.2392,24.6512,25.0096,0.3776
AAPL,2002-01-31,24.1584,24.7296,24.108,24.7184,0.3732
NVDA,2002-03-05,58.1504,60.4904,58.1,58.91,4.5027
AAPL,2002-01-30,23.072,24.1416,22.9376,24.0912,0.3637
AAPL,2002-02-25,22.848,24.7184,22.3608,23.8112,0.3595
NVDA,2002-02-22,51.45,52.05,49.25,49.92,3.8156
AAPL,2002-02-11,23.9288,24.9984,23.7384,24.9816,0.3772
NVDA,2002-02-21,55.58,55.6004,52.43,52.5,4.0128
AAPL,2002-01-29,23.2176,23.5424,22.848,23.072,0.3483
NVDA,2002-02-08,60.41,60.75,55.4388,57.72,4.4117
NVDA,2002-02-20,52.6004,56.9504,52.5,56.3504,4.307
AAPL,2002-01-28,23.4024,23.548,22.7192,23.268,0.3513
NVDA,2002-03-04,56.1104,59.7,55.5704,59.06,4.5142
NVDA,2002-03-01,51.5,56,51.35,55.94,4.2757
NVDA,2002-02-06,62.1152,63.09,60.9,62.0204,4.7404
NVDA,2002-02-15,59.3,59.6504,56.75,57.35,4.3835
NVDA,2002-02-07,62.1,62.5604,59.72,60.0104,4.5868
NVDA,2002-02-14,61.92,63.45,61.14,62.16,4.7511
NVDA,2002-02-05,60.7004,61.23,58.13,60.51,4.625
NVDA,2002-02-19,54.9,55.47,53.1104,53.55,4.093
AAPL,2002-02-08,24.3992,24.64,23.3688,24.0296,0.3628
NVDA,2002-02-27,56.25,56.49,53,53.15,4.0624
NVDA,2002-02-26,55.01,55.95,53.55,55.0004,4.2038
NVDA,2002-02-04,63.99,65.55,61.01,61.11,4.6708
NVDA,2002-02-01,65.63,66.33,63.7592,64.13,4.9017
NVDA,2002-01-09,69.5,70.7504,66.65,67.61,5.1677
NVDA,2002-01-31,66.29,66.8,63.5504,65.7404,5.0247
NVDA,2002-01-18,62.54,64.25,62.5004,63.8,4.8765
NVDA,2002-01-07,69.9,70.0004,66.81,67.7504,5.1784
AAPL,2001-12-27,21.5824,22.2488,21.5824,22.0696,0.3332
NVDA,2002-01-17,64.8704,65,62.52,64.9904,4.9674
NVDA,2002-01-30,65,65.49,63.45,65.4404,5.0018
NVDA,2002-01-29,68.15,68.3504,63.6,64.6604,4.9422
NVDA,2002-01-04,72.66,72.66,68.4,69.62,5.3213
AAPL,2002-01-24,22.9096,23.5088,22.8984,23.212,0.3504
AAPL,2002-01-25,22.8872,23.4192,22.6576,23.2512,0.351
NVDA,2002-01-28,66.75,68,66.09,67.9904,5.1967
AAPL,2002-01-23,21.8008,23.0384,21.588,23.0216,0.3476
NVDA,2002-01-16,64.4504,64.8704,62.55,62.79,4.7993
NVDA,2002-01-15,62.25,65.3804,62.1876,65.34,4.9942
NVDA,2002-01-02,67.1952,68.45,65.502,67.3004,5.144
AAPL,2002-01-10,21.2184,21.4592,20.2496,21.2296,0.3205
NVDA,2002-01-14,62.93,63.3704,59.76,59.76,4.5677
AAPL,2002-01-08,22.7528,23.0496,22.4616,22.6128,0.3414
NVDA,2002-01-11,66.4304,66.45,62.81,63.0704,4.8207
AAPL,2002-01-09,22.7976,22.932,21.28,21.6496,0.3269
AAPL,2002-01-07,23.7216,24.0016,22.7528,22.8984,0.3457
AAPL,2002-01-22,22.2712,22.372,21.8176,21.8176,0.3294
NVDA,2001-12-31,68.21,68.6,66.75,66.9,5.1134
AAPL,2002-01-18,22.0024,22.6016,21.9576,22.1704,0.3347
AAPL,2001-12-26,21.3472,22.2992,21.14,21.4872,0.3244
NVDA,2002-01-03,67.44,72.002,67.4,71.7104,5.481
AAPL,2002-01-17,21.9576,22.7416,21.868,22.4784,0.3394
AAPL,2002-01-16,21.4088,21.4088,20.5016,20.7816,0.3138
NVDA,2001-12-28,69.7904,70.25,67.04,67.71,5.1753
AAPL,2002-01-15,21.3192,21.7616,21.2072,21.7,0.3276
AAPL,2002-01-04,23.3408,23.9512,22.988,23.688,0.3576
AAPL,2001-12-20,21.3976,21.4704,20.6192,20.6696,0.3121
AAPL,2002-01-02,22.0528,23.3016,21.9576,23.3016,0.3518
AAPL,2001-12-31,22.512,22.6576,21.8288,21.9016,0.3307
AAPL,2002-01-14,21.0112,21.3976,20.8992,21.1512,0.3193
AAPL,2001-12-19,20.58,21.6776,20.468,21.6216,0.3264
NVDA,2002-01-24,64.0004,66.3,62.6504,65.64,5.0171
NVDA,2001-12-27,68.4,69.69,68.3,69.38,5.303
AAPL,2001-12-21,21.0112,21.5376,20.7984,21,0.317
NVDA,2002-01-25,64.7,67.1,63.9,65.4704,5.0041
AAPL,2002-01-11,21.392,21.84,20.6024,21.0504,0.3178
AAPL,2002-01-03,22.9992,23.7496,22.7696,23.5816,0.356
AAPL,2001-12-18,20.888,21.3304,20.2216,21.0112,0.3172
NVDA,2002-01-10,67.25,68.1704,65.4,65.99,5.0438
AAPL,2001-12-28,21.9688,22.9992,21.9576,22.428,0.3386
NVDA,2002-01-23,62.76,63.8204,61.52,63.3704,4.8436
NVDA,2001-12-26,66.5204,68.94,66.51,67.8104,5.183
NVDA,2002-01-22,64.4,64.5704,61.4804,62.2004,4.7542
NVDA,2002-01-08,67.61,70.1804,67.38,68.55,5.2395
AAPL,2001-12-14,20.7312,20.832,20.0872,20.3896,0.3078
AAPL,2001-12-24,20.8992,21.448,20.8992,21.3584,0.3225
AAPL,2001-12-17,20.4008,21,20.188,20.6192,0.3113
AAPL,2001-12-13,21.4872,21.5488,20.5016,21,0.317
AAPL,2001-12-04,21.0504,22.5624,20.72,22.4,0.3382
AAPL,2001-11-30,20.468,21.4424,20.2496,21.3024,0.3216
AAPL,2001-11-29,20.6024,20.6976,20.188,20.4176,0.3083
NVDA,2001-12-10,59.6504,61.92,59.15,60.5504,4.628
AAPL,2001-12-12,21.868,21.9184,21.252,21.4872,0.3244
NVDA,2001-12-20,64.7,65.87,61.67,61.9004,4.7312
NVDA,2001-11-28,53.4,54.2928,51.24,51.36,3.9256
NVDA,2001-12-19,65.16,66.4904,64.19,64.44,4.9254
AAPL,2001-12-03,21.0616,21.28,20.6024,21.0504,0.3178
AAPL,2001-11-15,19.4488,19.9024,19.2304,19.4488,0.2936
NVDA,2001-12-07,61.38,61.94,58.88,59.9504,4.5822
NVDA,2001-12-21,63.2504,65,62.52,64.58,4.9361
AAPL,2001-11-19,19.0008,20.048,18.9616,19.9976,0.3019
AAPL,2001-11-14,19.5888,19.9024,19.152,19.6112,0.2961
NVDA,2001-11-27,53.49,55.3004,52.5,54.09,4.1343
NVDA,2001-12-18,66.51,67.4504,65.69,66.2504,5.0637
NVDA,2001-12-11,61.61,64.1504,61.002,62.72,4.7939
NVDA,2001-12-05,58.6004,62.9504,58.55,62.8304,4.8023
NVDA,2001-12-06,62.34,62.5008,60.27,61.8404,4.7266
NVDA,2001-11-26,50.79,53.5904,50.6504,53.52,4.0907
NVDA,2001-11-23,49.4504,50,48.6,49.95,3.8179
NVDA,2001-11-21,49.0604,50.57,47.8004,49.26,3.7651
NVDA,2001-12-14,62.8004,65.9504,62.51,65.64,5.0171
NVDA,2001-12-24,64.55,66.5204,64.52,66.1904,5.0591
NVDA,2001-11-20,51.59,52.4892,49.3304,49.9004,3.814
NVDA,2001-12-17,65.1404,68.9504,65.1404,68,5.1975
NVDA,2001-11-15,52.07,53.67,51.41,52.95,4.0472
NVDA,2001-12-13,63.4004,64.2104,62.5692,62.81,4.8008
AAPL,2001-12-10,22.288,22.988,22.232,22.54,0.3403
AAPL,2001-12-07,22.4616,22.708,22.0024,22.54,0.3403
NVDA,2001-12-12,63.2,64.7024,61.98,64.67,4.943
AAPL,2001-12-11,22.6688,22.848,21.6496,21.7784,0.3288
AAPL,2001-12-05,22.3608,24.0296,22.1704,23.7608,0.3587
AAPL,2001-11-28,20.8488,21.2072,20.412,20.5296,0.3099
NVDA,2001-12-04,54.08,58.2,54.08,58.14,4.4438
NVDA,2001-11-30,53.5904,55.0272,52.8,54.6404,4.1763
NVDA,2001-11-29,55.088,55.37,53.4,53.61,4.0976
NVDA,2001-12-03,53.49,54.1604,52.85,53.81,4.1129
NVDA,2001-11-19,53.01,53.5004,48.5,51.3404,3.9241
AAPL,2001-11-27,21.2016,21.5208,20.5016,21,0.317
NVDA,2001-11-14,54.5804,55.1,51.2,52.67,4.0257
AAPL,2001-11-26,19.9416,21.5488,19.88,21.3696,0.3226
AAPL,2001-12-06,23.4808,23.4976,22.1424,22.7808,0.3439
AAPL,2001-11-16,19.2696,19.292,18.4016,18.9728,0.2864
AAPL,2001-11-13,19.0792,19.3872,18.7096,19.3704,0.2924
AAPL,2001-11-12,18.6592,19.1688,17.9592,18.7488,0.2831
AAPL,2001-11-08,19.628,19.8912,18.5696,18.7096,0.2825
AAPL,2001-11-23,19.712,19.9472,19.572,19.8408,0.2995
AAPL,2001-11-21,19.6112,19.8016,19.2584,19.6784,0.2971
AAPL,2001-11-09,18.5976,19.2528,18.5528,18.7096,0.2825
AAPL,2001-11-20,19.8184,20.1992,19.4992,19.5272,0.2948
AAPL,2001-10-15,17.948,18.3792,17.948,17.9872,0.2716
AAPL,2001-10-26,18.8608,19.2528,18.62,18.6704,0.2819
AAPL,2001-10-24,18.06,19.0904,17.752,18.9504,0.2861
AAPL,2001-11-07,19.46,20.132,19.3312,19.5888,0.2957
AAPL,2001-11-05,18.8384,19.2528,18.6088,19.068,0.2879
AAPL,2001-10-17,18.34,18.4128,16.9624,16.9904,0.2565
AAPL,2001-10-12,17.3096,18.0824,16.8616,18.0096,0.2719
AAPL,2001-11-02,18.5192,18.8608,18.1608,18.5696,0.2804
AAPL,2001-11-01,17.6512,18.7824,17.248,18.592,0.2807
AAPL,2001-11-06,18.9616,19.6224,18.5304,19.572,0.2955
NVDA,2001-11-16,53,53.5604,51.78,52.49,4.012
NVDA,2001-11-13,54.8,54.81,53.4,54.18,4.1412
NVDA,2001-11-12,53,55.9904,51.38,54.63,4.1756
AAPL,2001-10-23,19.1184,19.4208,17.8696,18.1384,0.2738
AAPL,2001-10-25,18.4408,19.2528,18.1608,19.1912,0.2897
AAPL,2001-10-11,16.9176,17.7408,16.8504,17.7408,0.2678
AAPL,2001-10-22,18.2112,19.068,18.088,19.0176,0.2871
NVDA,2001-11-09,51.95,53.24,50.99,53.2004,4.0663
AAPL,2001-10-09,16.0496,16.2008,15.6296,15.9992,0.2415
NVDA,2001-11-08,51.26,51.9404,48.2504,49.7504,3.8026
AAPL,2001-10-19,17.9424,18.4016,17.8808,18.3008,0.2763
AAPL,2001-10-18,17.2928,18.228,17.2928,17.9984,0.2717
NVDA,2001-10-31,43.5704,44.75,42.2504,42.86,3.2759
NVDA,2001-10-29,45.95,46.7508,42.02,42.0704,3.2156
NVDA,2001-10-16,40.2,44.6204,39.3704,44.3,3.386
NVDA,2001-10-30,41.3,43.94,40.35,42,3.2102
AAPL,2001-10-04,15.3496,16.2512,14.9912,15.8816,0.2398
NVDA,2001-10-15,39.2504,41.5004,38.15,40.25,3.0764
AAPL,2001-10-05,15.4,16.1504,14.9912,16.1392,0.2437
NVDA,2001-10-17,45.2804,45.3,41.5004,41.7,3.1873
AAPL,2001-10-10,16.1,16.8504,15.9488,16.8224,0.254
NVDA,2001-10-26,48.9704,50.4404,45.5,45.7904,3.4999
NVDA,2001-11-07,50.2004,52.578,49.91,50.63,3.8698
NVDA,2001-11-05,47.99,49.3004,47.04,47.34,3.6184
NVDA,2001-10-12,37.0004,40.5,36.87,40.43,3.0902
NVDA,2001-10-24,43.8,46.6904,43.3004,46.58,3.5603
NVDA,2001-10-11,36.08,38.06,35.8904,37.9604,2.9014
AAPL,2001-10-31,17.7296,18.4016,17.4384,17.5616,0.2651
AAPL,2001-10-29,18.5696,18.6704,17.6008,17.6288,0.2662
NVDA,2001-11-02,46.31,47.7404,44.6,47.1704,3.6054
NVDA,2001-11-01,43.41,46.8704,42.75,46.52,3.5557
NVDA,2001-11-06,47.25,50.81,47,50.5904,3.8668
AAPL,2001-10-08,15.568,16.352,15.5008,16.2008,0.2446
AAPL,2001-10-30,17.3824,17.9984,17.0576,17.6008,0.2657
NVDA,2001-10-23,45.99,46.8104,43.6004,44.61,3.4097
NVDA,2001-10-25,45.5,50.1404,44.8004,49.31,3.7689
NVDA,2001-10-09,33.7304,34.4,31.22,32.18,2.4596
NVDA,2001-10-22,44.0352,46.0004,43.05,45.41,3.4708
AAPL,2001-10-16,18.088,18.2,17.7688,18.0096,0.2719
NVDA,2001-10-19,42.84,45,42.3,44.36,3.3906
AAPL,2001-10-02,15.428,15.8312,14.8792,15.0528,0.2273
AAPL,2001-10-03,14.952,15.3608,14.8288,14.98,0.2262
AAPL,2001-10-01,15.4896,15.988,15.232,15.54,0.2346
NVDA,2001-10-05,31.8,33.69,30.59,32.9,2.5147
NVDA,2001-10-18,41.7,43.8704,41.6,43.46,3.3218
NVDA,2001-10-04,30.1004,33.8,29.06,32.2904,2.468
AAPL,2001-09-28,15.708,15.9096,15.3888,15.512,0.2342
NVDA,2001-09-05,78.75,81.0996,75.5496,80.4996,3.0764
NVDA,2001-10-10,31.61,34.5,31.4,34.25,2.6178
AAPL,2001-09-27,15.2488,15.7528,15.1984,15.512,0.2342
NVDA,2001-09-24,29.1104,30.44,27.8204,30,2.293
NVDA,2001-09-25,30.09,31.3904,28.7412,28.83,2.2036
AAPL,2001-09-17,15.9992,17.0688,15.7304,16.9904,0.2565
AAPL,2001-09-20,16.2904,16.9512,15.5008,15.68,0.2367
NVDA,2001-09-06,78.9096,81.3996,76.8504,77.2104,2.9507
AAPL,2001-09-18,16.9008,17.7184,16.1672,16.2792,0.2458
AAPL,2001-09-07,17.5,18.0992,17.1976,17.2816,0.2609
NVDA,2001-09-21,26.6504,28.28,26.01,26.97,2.0614
NVDA,2001-10-08,31.6004,34.8908,31.6004,33.6404,2.5712
AAPL,2001-09-26,15.8088,15.8872,14.9296,15.148,0.2287
NVDA,2001-09-04,84.4776,84.48,78.2304,78.8196,3.0122
AAPL,2001-08-29,18.4408,18.8328,17.8304,17.8304,0.2692
AAPL,2001-08-28,18.9,19.1408,18.4016,18.4016,0.2778
AAPL,2001-08-27,18.5976,19.2976,18.1608,18.9224,0.2857
NVDA,2001-10-03,23.76,30.09,23.76,28.58,2.1845
AAPL,2001-08-23,18.2,18.34,17.5784,17.808,0.2689
NVDA,2001-10-01,27.45,27.9,24.7004,25.14,1.9215
AAPL,2001-09-24,16.1112,16.8392,15.9488,16.4472,0.2483
AAPL,2001-09-10,17.0016,17.5,16.9176,17.3712,0.2623
NVDA,2001-09-19,32.12,32.49,27.06,31.55,2.4115
AAPL,2001-09-05,18.2392,18.9504,18.1216,18.5528,0.2801
NVDA,2001-08-30,82.7004,84.6,80.7504,84.0096,3.2106
NVDA,2001-08-31,83.4504,85.4796,82.35,84.7104,3.2373
AAPL,2001-09-25,16.1392,16.2176,15.3496,15.54,0.2346
AAPL,2001-08-22,17.9424,18.2504,17.612,18.2112,0.2749
NVDA,2001-10-02,25.1,26.1,22.6604,23.88,1.8252
AAPL,2001-09-06,18.4016,18.928,17.6512,17.7184,0.2675
AAPL,2001-09-04,18.5024,19.0792,18.1776,18.2504,0.2755
AAPL,2001-08-24,17.9984,18.62,17.6512,18.5696,0.2804
NVDA,2001-09-17,35.52,36.39,33.8204,33.99,2.598
AAPL,2001-08-21,18.1384,18.1384,17.7016,17.92,0.2705
NVDA,2001-09-20,29.8604,30.95,28.0004,28.88,2.2074
NVDA,2001-09-18,34.65,34.9004,31.17,31.94,2.4413
NVDA,2001-09-28,27,28.8104,25.85,27.47,2.0996
NVDA,2001-09-27,27.69,28.0004,25.5104,26.25,2.0064
AAPL,2001-08-20,18.1384,18.228,17.808,18.1216,0.2736
NVDA,2001-08-29,87.3204,87.87,83.55,84.2796,3.2209
AAPL,2001-09-21,14.8008,16.2512,14.6776,15.7304,0.2375
NVDA,2001-09-26,29.2004,29.3,27.5,27.7904,2.1241
NVDA,2001-09-07,75.9996,79.2,75.6,78.0204,2.9817
NVDA,2001-08-28,87.99,89.9496,86.4,87.0804,3.3279
AAPL,2001-09-19,16.4976,17.1024,15.6016,17.0184,0.2569
NVDA,2001-08-27,83.37,89.3604,83.0496,88.23,3.3719
AAPL,2001-08-30,17.7408,18.1776,17.2816,17.8304,0.2692
AAPL,2001-08-31,17.7296,18.5976,17.6512,18.5528,0.2801
NVDA,2001-07-30,81.0996,81.4296,78.2004,79.0704,3.0218
NVDA,2001-09-10,77.3604,78.5496,74.19,75.7596,2.8953
NVDA,2001-08-23,84.5004,85.59,82.5,82.9104,3.1685
AAPL,2001-08-17,17.9984,18.452,17.9872,18.0712,0.2728
AAPL,2001-08-16,18.2672,18.7488,17.9704,18.648,0.2815
NVDA,2001-07-31,79.1796,81.2496,76.2996,80.9004,3.0917
NVDA,2001-08-01,82.4904,86.2596,81.9204,85.8396,3.2805
AAPL,2001-07-26,18.48,18.7992,17.8472,18.592,0.2807
NVDA,2001-08-22,82.8804,84.8796,80.25,84.7896,3.2404
NVDA,2001-07-27,78.8496,81.87,76.5,81,3.0956
NVDA,2001-08-24,83.7996,86.9904,83.3112,85.2804,3.2591
NVDA,2001-08-20,83.2404,84.09,80.64,83.19,3.1792
NVDA,2001-08-21,83.4,85.5996,81.3096,81.4404,3.1124
AAPL,2001-08-14,19.2024,19.3592,18.6704,18.732,0.2828
AAPL,2001-08-03,19.8912,19.9024,19.0008,19.4992,0.2944
NVDA,2001-08-10,84.6996,85.8,82.1004,84.6396,3.2347
AAPL,2001-08-02,19.6504,19.8688,19.2584,19.8184,0.2992
NVDA,2001-08-08,87.7296,90,85.86,86.25,3.2962
AAPL,2001-07-19,21.2296,21.42,19.7512,19.9584,0.3013
NVDA,2001-08-07,89.8104,90.2496,87.45,88.5,3.3822
AAPL,2001-08-13,19.1016,19.3312,18.76,19.0904,0.2882
AAPL,2001-08-15,18.76,18.9392,18.2,18.4408,0.2784
NVDA,2001-07-25,72.2604,72.3996,69.2796,71.6904,2.7398
NVDA,2001-08-06,86.5704,90.72,85.6404,89.8296,3.433
AAPL,2001-07-20,19.7008,20.0592,19.488,19.9808,0.3017
NVDA,2001-07-24,68.7096,72.45,67.2636,72.39,2.7665
AAPL,2001-07-30,19.1184,19.3592,18.508,18.928,0.2858
AAPL,2001-07-31,19.2696,19.4208,18.508,18.788,0.2837
AAPL,2001-08-01,19.012,19.7792,18.9504,19.0624,0.2878
NVDA,2001-08-09,85.8504,87.54,83.1996,84.7404,3.2385
NVDA,2001-07-23,75.0048,75.0996,67.71,67.8,2.5911
AAPL,2001-08-10,19.04,19.32,18.592,19.0176,0.2871
AAPL,2001-07-18,21.7784,22.7808,20.4176,20.7928,0.3139
NVDA,2001-08-17,87.3,88.44,83.0604,83.7696,3.2014
AAPL,2001-08-08,19.2584,19.7008,18.5416,18.9,0.2853
NVDA,2001-08-16,84.3696,89.7,84.03,89.5704,3.4231
AAPL,2001-07-17,23.9792,25.2224,23.0104,25.0992,0.3789
AAPL,2001-07-27,18.7488,19.2528,18.5024,18.9616,0.2863
NVDA,2001-07-26,71.01,79.5,70.65,78.9996,3.0191
AAPL,2001-07-16,24.8808,25.0992,23.912,23.9624,0.3618
NVDA,2001-08-03,87,88.5408,85.3596,87.1896,3.3321
NVDA,2001-08-02,86.9304,88.1928,83.9904,87.8796,3.3585
AAPL,2001-07-25,19.1184,19.2976,17.9704,18.4688,0.2788
AAPL,2001-08-07,19.3312,19.6672,18.9784,19.2528,0.2907
AAPL,2001-07-13,24.1304,25.0096,23.8392,24.8472,0.3751
AAPL,2001-08-06,19.04,19.6616,19.0008,19.1296,0.2888
NVDA,2001-08-14,86.5896,87.15,84.7596,85.8504,3.2809
NVDA,2001-07-19,76.9896,80.3196,75.81,77.1096,2.9469
AAPL,2001-08-09,18.9616,19.152,18.7208,19.0512,0.2876
NVDA,2001-07-20,75.1896,76.8996,72.5004,74.8896,2.8621
NVDA,2001-08-13,86.0904,89.1504,84.81,88.1904,3.3703
NVDA,2001-08-15,87.7896,88.8156,85.1904,85.95,3.2847
AAPL,2001-07-24,19.3872,19.9192,18.732,19.0904,0.2882
AAPL,2001-07-23,20.0872,20.5016,19.5104,19.5384,0.295
AAPL,2001-07-10,22.9488,23.072,20.8376,21.14,0.3192
AAPL,2001-07-12,23.3016,24.808,23.3016,24.36,0.3678
AAPL,2001-07-11,21.028,22.5512,21,22.54,0.3403
AAPL,2001-06-25,22.5008,24.0016,22.4504,23.9904,0.3622
AAPL,2001-06-27,23.828,24.0016,22.5008,23.3408,0.3524
AAPL,2001-06-13,21.42,21.728,20.0592,20.468,0.309
NVDA,2001-07-03,88.0296,90.6996,87.5796,89.7696,3.4307
AAPL,2001-06-26,23.3408,23.772,23.0104,23.7496,0.3586
NVDA,2001-07-18,76.74,78.8604,74.28,75.8904,2.9003
NVDA,2001-06-20,84.7104,90.9996,82.95,90.0096,3.4399
AAPL,2001-06-11,21.0504,21.0672,19.9472,20.0424,0.3026
NVDA,2001-07-17,73.2,79.3404,72.5004,78.6096,3.0042
NVDA,2001-06-19,93.0096,95.1804,84.45,86.3004,3.2981
AAPL,2001-06-12,19.768,20.692,19.7624,20.3112,0.3066
NVDA,2001-07-16,80.0496,81,74.0496,74.4504,2.8452
AAPL,2001-07-09,22.092,22.9992,21.6776,22.7024,0.3428
NVDA,2001-07-02,89.0796,89.8296,87.3,88.6404,3.3875
NVDA,2001-06-18,94.8096,96.3504,90.2496,91.29,3.4888
NVDA,2001-06-29,92.25,94.2,91.2096,92.7504,3.5446
AAPL,2001-06-21,21.5488,22.9992,21.1008,22.4896,0.3395
AAPL,2001-06-22,22.4784,22.9992,21.7616,22.26,0.3361
NVDA,2001-06-28,92.07,93.2496,90.9996,91.92,3.5129
AAPL,2001-06-20,19.9976,21.8512,19.9808,21.672,0.3272
NVDA,2001-07-13,82.0596,82.9596,79.2504,80.9604,3.094
AAPL,2001-07-06,22.7584,22.96,21.7224,22.0304,0.3326
AAPL,2001-07-05,23.5984,23.772,23.0104,23.1896,0.3501
NVDA,2001-07-10,79.1004,80.1504,77.7504,78.6996,3.0077
NVDA,2001-06-15,92.4996,96.6996,90.78,95.0496,3.6325
NVDA,2001-07-11,78.3996,79.8096,76.1196,78.5496,3.0019
NVDA,2001-07-12,82.2504,83.25,80.25,82.6704,3.1594
AAPL,2001-06-19,20.8488,21.3976,20.0088,20.188,0.3048
NVDA,2001-06-14,92.58,95.19,91.2504,93.5904,3.5767
AAPL,2001-06-08,21.6496,21.6496,20.7088,21.3192,0.3219
NVDA,2001-06-25,92.3196,92.7,88.4604,91.1196,3.4823
NVDA,2001-06-13,97.7604,99.24,92.9496,93.7896,3.5843
NVDA,2001-06-27,93.3,93.5004,89.2596,90.8496,3.472
AAPL,2001-07-03,23.5088,24.1808,23.4976,23.8392,0.3599
AAPL,2001-06-05,20.7984,21.1008,20.3504,20.9384,0.3161
AAPL,2001-07-02,23.6376,24.2312,23.1392,23.9008,0.3608
NVDA,2001-06-26,89.1,94.2,88.7496,93.75,3.5828
AAPL,2001-06-06,20.9328,20.9328,20.328,20.7312,0.313
NVDA,2001-06-11,96.8904,96.9996,92.4204,93.9204,3.5893
NVDA,2001-06-12,91.95,98.4504,91.7508,97.05,3.7089
AAPL,2001-06-18,20.412,20.8488,19.9976,20.328,0.3069
AAPL,2001-06-29,23.66,25.0992,23.2008,23.2512,0.351
NVDA,2001-07-09,79.65,81.5796,77.3004,78.06,2.9832
AAPL,2001-06-04,21.0784,21.112,20.4624,20.6584,0.3119
AAPL,2001-06-28,23.0496,23.912,22.9376,23.5424,0.3554
NVDA,2001-07-06,82.0104,82.65,79.1004,80.7,3.0841
NVDA,2001-07-05,88.7052,89.25,83.1504,83.2596,3.1819
AAPL,2001-06-07,20.7088,21.7,20.4512,21.6608,0.327
NVDA,2001-06-08,99.03,99.18,95.7204,96.75,3.6975
AAPL,2001-06-15,20.0984,20.748,19.348,20.44,0.3086
AAPL,2001-06-14,20.0424,20.4512,19.768,19.88,0.3001
NVDA,2001-06-21,89.6496,93.3,87.2496,91.71,3.5049
NVDA,2001-06-22,91.2504,93.69,90.0996,91.2996,3.4892
AAPL,2001-06-01,20.132,21.0896,19.9808,20.888,0.3154
AAPL,2001-05-16,23.2624,24.5,22.848,24.1024,0.3639
NVDA,2001-05-25,91.59,92.9496,90,91.7004,3.5045
AAPL,2001-05-15,23.3688,25.5024,23.0384,23.1784,0.3499
AAPL,2001-05-29,22.3216,22.5008,20.8096,21.4704,0.3242
NVDA,2001-06-05,88.8504,94.5504,88.7004,93.6204,3.5779
AAPL,2001-05-04,24.2424,25.8496,23.9624,25.7488,0.3887
NVDA,2001-06-06,93.9696,95.25,92.6004,94.02,3.5931
AAPL,2001-05-30,20.7592,20.7592,19.2976,19.7792,0.2986
AAPL,2001-05-17,24.2312,24.332,23.2512,23.548,0.3555
NVDA,2001-05-11,79.9896,80.4996,76.5396,78.1404,2.9863
NVDA,2001-05-10,85.38,86.3904,79.2,80.19,3.0646
NVDA,2001-05-23,96.5496,99.9996,90.9996,92.1096,3.5201
AAPL,2001-05-18,23.3576,23.6376,23.1224,23.5312,0.3553
AAPL,2001-05-03,25.9728,26.2528,24.7296,24.9592,0.3768
AAPL,2001-05-01,25.4128,26.4992,25.2,25.928,0.3914
NVDA,2001-05-22,91.5204,93.8004,87.9996,92.9004,3.5503
AAPL,2001-05-14,22.8872,23.6824,22.7528,23.2904,0.3516
AAPL,2001-05-31,19.8016,20.2384,19.488,19.9472,0.3012
AAPL,2001-05-02,26.3424,26.7008,25.76,26.5888,0.4014
NVDA,2001-05-08,95.2404,95.28,86.2596,87.06,3.3271
NVDA,2001-05-07,89.4804,94.5,88.4304,93.8496,3.5866
NVDA,2001-06-04,90.4104,90.8904,87.7596,88.95,3.3994
AAPL,2001-05-24,23.2904,23.3016,22.6184,23.2008,0.3503
NVDA,2001-06-01,86.1996,91.08,85.7004,90.3504,3.4529
NVDA,2001-05-09,84.2904,86.1204,82.4004,82.98,3.1712
AAPL,2001-04-30,26.7008,27.1208,24.8696,25.4912,0.3849
NVDA,2001-06-07,93.1896,99.6,92.4996,99.33,3.7961
NVDA,2001-05-04,86.0004,91.23,85.5996,89.82,3.4326
AAPL,2001-05-25,23.2008,23.2904,22.5008,22.7584,0.3436
NVDA,2001-05-29,91.1796,91.2,86.7,87.9396,3.3608
NVDA,2001-05-30,85.8696,90.2304,85.4004,86.3004,3.2981
AAPL,2001-05-23,23.7496,23.7496,22.8592,23.2288,0.3507
NVDA,2001-05-21,86.1096,92.0004,84.3804,90.2004,3.4471
NVDA,2001-05-16,79.77,86.0004,79.26,85.4904,3.2671
AAPL,2001-05-11,23.0104,23.492,22.7584,22.848,0.3449
NVDA,2001-05-15,79.5,84.9996,78.6,81.6396,3.12
NVDA,2001-05-17,85.77,89.4996,84.45,87,3.3249
AAPL,2001-05-10,24.2088,24.5,22.9488,22.9992,0.3472
AAPL,2001-04-26,25.172,26.1016,24.6792,24.6904,0.3728
AAPL,2001-04-27,25.2,26.292,24.752,26.2024,0.3956
AAPL,2001-05-22,24.0016,24.1304,23.4024,23.4976,0.3548
NVDA,2001-05-03,86.3004,89.0004,85.7604,88.5996,3.386
NVDA,2001-05-18,86.7096,89.0004,84.6,86.3004,3.2981
AAPL,2001-05-08,25.3512,25.452,23.9512,24.5672,0.3709
NVDA,2001-05-14,78.3696,79.7424,75.5496,78.81,3.0119
NVDA,2001-05-01,83.6004,91.2996,82.2492,91.08,3.4808
NVDA,2001-05-31,86.9904,87.5016,83.76,85.6104,3.2717
NVDA,2001-05-02,93.45,93.45,87.8004,88.9896,3.4009
AAPL,2001-05-09,24.1416,24.5504,23.6712,23.9792,0.362
AAPL,2001-05-07,25.62,25.76,24.8416,24.9592,0.3768
AAPL,2001-04-25,24.2088,24.8584,23.5704,24.7184,0.3732
AAPL,2001-05-21,23.632,23.912,23.0496,23.5592,0.3557
NVDA,2001-05-24,91.5,95.8404,88.7496,93.4704,3.5721
AAPL,2001-04-10,20.8992,22.7024,20.7816,22.0416,0.3328
AAPL,2001-04-24,24.332,24.752,23.5088,24.0296,0.3628
AAPL,2001-04-23,24.3376,24.9984,24.0016,24.248,0.3661
NVDA,2001-04-30,81.15,87.9504,79.4304,83.3004,3.1835
NVDA,2001-04-16,69,70.4496,67.2804,68.5404,2.6194
AAPL,2001-03-27,21.9408,23.0496,21.9016,22.8704,0.3453
AAPL,2001-04-06,20.7984,21.0392,19.9024,20.5912,0.3109
NVDA,2001-03-30,68.6256,69.9372,64.5,64.9224,2.4811
AAPL,2001-04-05,20.6024,22.5008,19.9976,20.8712,0.3151
NVDA,2001-04-26,81.8004,81.8004,72.9996,73.7496,2.8185
AAPL,2001-04-20,24.9312,25.6312,24.6008,25.0376,0.378
NVDA,2001-04-27,76.5996,79.3296,75.1104,78.9996,3.0191
AAPL,2001-04-19,25.5528,25.7488,23.5984,25.7208,0.3883
NVDA,2001-04-02,64.7496,66.312,61.3752,62.1876,2.3766
AAPL,2001-04-18,21.5712,24.08,21.0784,22.792,0.3441
AAPL,2001-04-17,21.2016,21.2072,19.6,20.4008,0.308
AAPL,2001-03-23,22.064,23.5648,22.0024,22.9992,0.3472
NVDA,2001-04-12,67.9296,73.2504,66.63,70.2504,2.6847
AAPL,2001-04-04,19.7624,20.2496,18.7488,19.4992,0.2944
AAPL,2001-04-03,21.3584,21.3976,20.132,20.2384,0.3056
AAPL,2001-03-21,19.7792,20.8768,19.376,20.1264,0.3039
NVDA,2001-04-11,69.2904,71.7996,67.2996,69.21,2.645
NVDA,2001-03-29,67.5156,71.4996,66.1248,69.1248,2.6417
AAPL,2001-03-22,20.3728,21.7504,20.188,21.6272,0.3265
AAPL,2001-03-20,20.72,20.9384,19.6896,19.6896,0.2973
NVDA,2001-04-09,63.9,65.4504,58.6536,59.64,2.2792
NVDA,2001-04-25,76.74,82.7904,76.4496,80.0604,3.0596
AAPL,2001-04-16,22.092,22.4,20.86,21.4424,0.3237
NVDA,2001-03-28,66.1872,69.8748,66,68.1096,2.6029
NVDA,2001-04-24,82.14,88.29,75.2496,76.5396,2.9251
NVDA,2001-04-23,85.0704,85.1496,81.5004,82.3704,3.1479
NVDA,2001-04-10,61.0704,67.2,60.51,65.2704,2.4944
NVDA,2001-03-26,66.9996,71.0004,66.9996,70.6248,2.6991
AAPL,2001-03-30,22.5512,22.7192,21.3416,22.0696,0.3332
NVDA,2001-04-06,62.1252,66,61.062,62.688,2.3957
AAPL,2001-04-02,22.092,22.6576,21.3976,21.588,0.3259
NVDA,2001-03-27,69.2496,71.688,65.1252,68.0628,2.6011
AAPL,2001-03-19,19.7512,20.6248,19.4992,20.5632,0.3105
NVDA,2001-04-05,61.4376,63.9372,59.7504,62.9376,2.4053
AAPL,2001-03-29,21.7672,23.4472,21.4984,22.5288,0.3401
NVDA,2001-04-20,82.89,89.9904,80.7,86.9604,3.3233
NVDA,2001-03-23,68.8752,70.1256,63.6252,66.9996,2.5605
AAPL,2001-04-12,21.42,23.0216,21.1512,22.4224,0.3385
NVDA,2001-04-19,77.7,85.23,77.3496,83.9004,3.2064
NVDA,2001-04-18,74.9304,84.3996,74.9304,77.2596,2.9526
NVDA,2001-04-17,67.53,72.45,67.5,71.9004,2.7478
NVDA,2001-04-04,61.812,61.938,53.8128,57.6252,2.2022
NVDA,2001-04-03,61.2504,65.9376,61.188,64.2504,2.4554
AAPL,2001-03-28,22.0808,22.5008,21.4984,22.1704,0.3347
AAPL,2001-03-16,19.0008,20.3112,18.8776,19.6224,0.2963
NVDA,2001-03-21,57.312,63.1248,57,61.4376,2.3479
AAPL,2001-03-26,23.128,23.7496,21.1288,21.7784,0.3288
AAPL,2001-03-12,19.6896,19.8744,18.1272,18.6256,0.2812
AAPL,2001-04-11,22.9824,22.9992,21.28,21.8008,0.3291
NVDA,2001-03-22,62.0004,67.8756,61.5,67.6248,2.5844
AAPL,2001-04-09,20.692,21.3416,20.0592,20.5408,0.3101
NVDA,2001-03-20,62.3124,66.2496,56.4996,57.1872,2.1855
AAPL,2001-02-28,19.376,19.4376,18.1272,18.2504,0.2755
AAPL,2001-02-27,19.2808,19.4376,18.6872,19.376,0.2925
AAPL,2001-03-14,18.5024,20.5016,18.4352,20.44,0.3086
NVDA,2001-03-07,49.3128,52.2504,48.438,52.1256,1.992
AAPL,2001-03-13,18.8776,19.5608,18.1888,19.5608,0.2953
NVDA,2001-03-05,41.8752,45.1248,41.6256,44.0004,1.6815
AAPL,2001-02-26,19.0624,19.6896,18.564,19.4992,0.2944
NVDA,2001-02-22,55.6872,60,54,58.3752,2.2309
NVDA,2001-03-02,44.7504,47.9376,42.9996,43.578,1.6654
AAPL,2001-02-12,19.0624,19.9976,18.8104,19.6896,0.2973
AAPL,2001-02-23,18.6256,18.8776,18.2504,18.8104,0.284
AAPL,2001-02-22,19.0624,19.376,17.9984,18.8104,0.284
AAPL,2001-02-21,18.2504,19.936,18.2504,18.8776,0.285
NVDA,2001-03-19,59.3124,63.5004,56.0784,63.0624,2.41
AAPL,2001-03-15,20.8768,21.3752,19.6896,19.6896,0.2973
NVDA,2001-03-16,58.938,61.2504,57.1872,59.6256,2.2787
NVDA,2001-02-21,51.5628,58.2504,51,56.0004,2.1401
AAPL,2001-03-08,20.6864,21.1232,20.44,20.8152,0.3143
AAPL,2001-03-06,20.72,22.064,20.6864,21.4984,0.3246
NVDA,2001-03-01,44.1252,48.9996,39.9996,48.2184,1.8428
AAPL,2001-02-13,19.936,20.44,19.0008,19.124,0.2887
NVDA,2001-02-28,49.5624,52.5,43.7496,44.688,1.7078
NVDA,2001-02-27,51.8124,53.8752,49.6248,49.938,1.9084
AAPL,2001-03-09,20.6248,20.6864,19.9976,20.2496,0.3057
NVDA,2001-03-14,51.5628,57.2496,51.5628,57.0624,2.1807
NVDA,2001-03-13,48.8748,54.75,48.6252,54,2.0637
NVDA,2001-03-12,48.3756,50.6256,46.1256,48.2496,1.844
AAPL,2001-03-07,21.3136,21.6272,20.748,21.252,0.3209
AAPL,2001-03-05,19.376,20.5016,19.2528,20.3728,0.3076
NVDA,2001-03-15,60.5628,63.7344,58.3752,59.8752,2.2882
AAPL,2001-02-14,19.1856,19.6224,18.5024,19.4992,0.2944
NVDA,2001-02-20,57.9996,59.25,53.4996,53.562,2.047
AAPL,2001-02-20,19.1856,19.4376,18.1888,18.312,0.2765
NVDA,2001-02-16,53.562,60.9996,53.4996,59.4996,2.2739
NVDA,2001-02-26,52.7496,54.2496,50.8128,53.1252,2.0303
AAPL,2001-02-16,19.0008,19.4992,18.7488,19.0008,0.2869
AAPL,2001-02-15,19.6896,20.5632,19.6896,20.0648,0.3029
AAPL,2001-03-02,18.312,20.44,18.2504,19.2528,0.2907
NVDA,2001-02-15,54.2496,57.3756,53.8752,56.4372,2.1569
AAPL,2001-02-08,20.5632,21.0616,20.188,20.748,0.3132
NVDA,2001-03-06,46.2504,49.812,45.4692,48.2496,1.844
NVDA,2001-03-08,50.6256,54.438,50.6256,53.8752,2.0589
AAPL,2001-02-07,20.6584,20.8768,19.8128,20.748,0.3132
NVDA,2001-02-12,43.812,44.3124,41.0004,43.1256,1.6481
AAPL,2001-03-01,17.8136,18.7488,17.1864,18.7488,0.2831
NVDA,2001-03-09,51.0624,51.312,45.3756,50.0628,1.9132
NVDA,2001-01-24,54.9372,55.5,51.5628,54.75,2.0924
NVDA,2001-02-23,58.062,59.0004,52.5,54.3432,2.0768
AAPL,2001-02-02,21.1232,21.9352,20.5016,20.6248,0.3114
NVDA,2001-02-09,44.25,44.562,42.6876,44.3124,1.6935
AAPL,2001-02-09,20.5016,20.8152,18.6872,19.124,0.2887
NVDA,2001-02-13,43.938,46.5,43.4376,44.4372,1.6983
AAPL,2001-01-30,21.56,22.0024,20.8768,21.7504,0.3284
AAPL,2001-01-16,17.4384,18.2504,17.0016,17.1248,0.2585
NVDA,2001-02-14,43.8756,48.9996,42,47.688,1.8225
AAPL,2001-01-29,19.5608,21.7504,19.5608,21.6888,0.3274
AAPL,2001-02-05,20.5016,20.5632,19.7512,20.188,0.3048
AAPL,2001-01-17,17.5616,17.5616,16.4976,16.8112,0.2538
AAPL,2001-01-12,17.8752,17.9984,17.0632,17.1864,0.2595
AAPL,2001-01-23,19.3144,20.9384,19.0624,20.5016,0.3095
AAPL,2001-02-06,20.1544,21.392,19.9976,21.1232,0.3189
NVDA,2001-01-22,50.4996,52.5,48.5628,50.0004,1.9108
NVDA,2001-02-05,46.812,47.1252,44.0004,46.812,1.789
AAPL,2001-02-01,20.6864,21.4984,20.5016,21.1232,0.3189
NVDA,2001-02-06,45.9372,48,45.828,47.0628,1.7986
NVDA,2001-02-08,45.1248,47.688,44.4372,44.6256,1.7054
NVDA,2001-02-01,51.6252,52.2504,49.3752,51.8904,1.9831
AAPL,2001-01-26,19.4992,19.8128,19.0624,19.5608,0.2953
AAPL,2001-01-25,20.5632,20.5632,19.7512,19.936,0.301
AAPL,2001-01-11,16.2512,18.5024,16.2512,17.9984,0.2717
AAPL,2001-01-10,16.688,17.0016,16.0608,16.5648,0.2501
NVDA,2001-02-07,46.7496,47.1252,42.3756,44.8752,1.715
AAPL,2001-01-31,21.4984,22.5008,21.4368,21.6272,0.3265
NVDA,2001-01-19,54.9996,57,51.2496,52.062,1.9897
NVDA,2001-01-18,44.8752,54.75,43.8756,53.484,2.044
AAPL,2001-01-09,16.8112,17.64,16.5648,17.1864,0.2595
AAPL,2001-01-04,18.1384,18.5024,16.8112,17.0632,0.2576
AAPL,2001-01-24,20.6248,20.6864,19.5608,20.5016,0.3095
NVDA,2001-01-31,52.2504,54.2496,50.4996,51.6252,1.9729
NVDA,2001-01-09,41.1876,42.2496,39.1872,41.4372,1.5836
AAPL,2001-01-05,16.94,17.3768,16.0608,16.3744,0.2472
NVDA,2001-02-02,51.9372,53.1252,46.5,46.8756,1.7914
NVDA,2001-01-30,51.8748,53.2812,50.8752,52.188,1.9944
NVDA,2001-01-29,49.2504,51.1248,47.4996,51.0624,1.9514
NVDA,2001-01-16,47.25,47.25,42.5628,43.3128,1.6553
NVDA,2001-01-08,36.0624,42.2496,36.0624,40.6248,1.5526
AAPL,2000-12-29,14.6888,15.0024,14.4984,14.8736,0.2246
AAPL,2001-01-08,16.94,16.9848,15.9376,16.5648,0.2501
AAPL,2001-01-22,19.0624,19.6224,18.4352,19.2528,0.2907
AAPL,2001-01-02,14.8736,15.2488,14.56,14.8736,0.2246
AAPL,2001-01-03,14.4984,16.688,14.4368,16.3744,0.2472
AAPL,2000-12-27,14.3416,14.812,14.1848,14.812,0.2236
AAPL,2000-12-28,14.3752,14.9352,14.3136,14.812,0.2236
NVDA,2001-01-17,46.6248,48,44.688,44.8752,1.715
NVDA,2001-01-12,48.8124,51.75,46.5,47.0004,1.7962
NVDA,2001-01-23,49.3752,56.0004,49.1256,54.984,2.1013
NVDA,2001-01-04,38.4372,44.6256,37.3752,43.6248,1.6672
AAPL,2000-12-26,14.8736,15.0024,14.252,14.6888,0.2218
AAPL,2000-12-22,14.1232,15.0024,14.1232,15.0024,0.2265
NVDA,2001-01-11,43.2504,49.8756,42.5004,48,1.8344
NVDA,2001-01-10,39.312,44.4996,38.3748,44.3124,1.6935
NVDA,2000-12-11,48.1248,50.7504,46.8756,49.7496,1.9013
NVDA,2000-12-14,44.3124,44.688,40.5,41.562,1.5884
NVDA,2000-12-13,48.1872,48.9996,43.7496,44.6256,1.7054
AAPL,2001-01-19,19.4376,19.5608,18.6872,19.4992,0.2944
NVDA,2001-01-26,46.5,51.4068,46.1568,50.8128,1.9419
NVDA,2001-01-25,52.8756,53.0004,48.1248,49.2504,1.8822
AAPL,2001-01-18,17.8136,18.7488,17.6232,18.6872,0.2821
NVDA,2000-12-26,35.4996,35.8752,31.3752,33.6252,1.285
AAPL,2000-12-21,14.252,15.0024,13.8768,14.0616,0.2123
AAPL,2000-12-19,14.3752,15.2488,14,14,0.2114
NVDA,2001-01-05,43.2504,43.4376,36.2496,37.0932,1.4176
NVDA,2001-01-02,33,33.438,29.8128,29.9376,1.1441
NVDA,2000-12-22,30.1248,38.25,30.1248,35.0628,1.34
NVDA,2000-12-21,31.4376,35.7504,27.5004,27.8748,1.0653
AAPL,2000-12-15,14.56,14.6888,14,14.0616,0.2123
AAPL,2000-12-18,14.56,14.6272,13.9384,14.252,0.2152
AAPL,2000-12-05,16.94,17.4384,16.3744,17.0016,0.2567
NVDA,2000-12-12,48.5004,49.3752,46.7496,48.3756,1.8487
NVDA,2000-12-08,44.688,50.0004,40.5156,49.7496,1.9013
NVDA,2000-12-07,39.2496,42.6876,37.1256,40.5,1.5478
NVDA,2000-12-29,36,37.188,32.0004,32.766,1.2522
NVDA,2001-01-03,29.0004,39.438,28.2504,39.1248,1.4952
NVDA,2000-12-27,33.2496,37.2504,31.8756,35.8752,1.371
AAPL,2000-12-20,13.7816,14.6272,13.6248,14.3752,0.217
AAPL,2000-12-04,17.1864,17.1864,16.436,16.688,0.2519
AAPL,2000-12-11,15.1872,15.3776,14.8736,15.1872,0.2293
AAPL,2000-12-14,15.0304,15.2488,14.4368,14.4368,0.218
NVDA,2000-12-20,33.9372,38.8752,30.1248,31.8756,1.2182
AAPL,2000-12-13,15.5624,15.5624,14.8736,15.0024,0.2265
NVDA,2000-12-28,34.4376,36.9996,33.8748,36.0624,1.3782
NVDA,2000-12-01,42.9996,48.75,42.75,44.4996,1.7006
NVDA,2000-12-06,47.1876,48.5004,41.0004,41.25,1.5764
AAPL,2000-12-01,17.0016,17.5,16.8112,17.0632,0.2576
NVDA,2000-11-29,52.188,52.2504,44.3748,48.2496,1.844
AAPL,2000-11-29,18.0936,18.312,17.248,17.5616,0.2651
AAPL,2000-11-28,18.6872,19.0008,17.9368,18.032,0.2722
AAPL,2000-12-12,15.2488,15.9992,15.0024,15.3776,0.2322
NVDA,2000-11-28,56.406,57,50.1876,51.4224,1.9652
NVDA,2000-11-27,61.6248,62.0004,53.2656,55.5624,2.1234
NVDA,2000-12-19,39.2496,42.75,35.0004,35.7504,1.3662
AAPL,2000-12-08,14.812,15.3104,14.4368,15.064,0.2274
AAPL,2000-11-27,19.8744,19.936,18.5024,18.6872,0.2821
AAPL,2000-11-20,18.592,19.4992,18.2504,18.9392,0.2859
NVDA,2000-12-05,48.3756,50.1252,43.8756,48.1248,1.8392
AAPL,2000-11-24,18.8608,19.4992,18.8104,19.3144,0.2916
AAPL,2000-12-07,14.4368,14.8736,14,14.3136,0.2161
NVDA,2000-11-24,54.9996,59.6256,54.9996,57.5004,2.1975
AAPL,2000-11-30,16.688,17.0016,16.1224,16.4976,0.2491
NVDA,2000-11-30,44.1252,44.1252,36.3756,40.5,1.5478
AAPL,2000-11-22,18.8104,19.124,18.3736,18.5024,0.2793
NVDA,2000-12-15,38.9376,41.3748,37.2504,37.4376,1.4307
NVDA,2000-11-22,54.9996,56.7504,51.9996,54.3756,2.078
AAPL,2000-12-06,14.6272,15.0024,14,14.3136,0.2161
NVDA,2000-12-18,39,39.9996,38.1252,38.6724,1.4779
AAPL,2000-11-21,19.1856,19.4992,18.7488,18.8104,0.284
NVDA,2000-12-04,44.7816,46.2504,41.7504,45.1872,1.7269
NVDA,2000-11-21,60.9996,61.5,54.3756,57.3756,2.1927
NVDA,2000-11-17,65.1252,68.4372,61.2504,63.3756,2.422
AAPL,2000-11-17,19.1856,19.2528,18.2504,18.5024,0.2793
NVDA,2000-11-03,66,72.5004,65.4996,71.25,2.7229
AAPL,2000-11-15,20.0312,20.188,19.2528,19.8744,0.3001
NVDA,2000-11-15,68.6256,70.812,65.8128,68.9532,2.6352
AAPL,2000-11-14,19.936,20.5016,19.5608,20.2496,0.3057
NVDA,2000-11-14,63,70.3752,62.4996,69.8748,2.6704
AAPL,2000-11-13,18.7488,19.9976,18.2504,19.376,0.2925
NVDA,2000-10-30,60.2496,61.6092,56.8752,56.9376,2.176
AAPL,2000-11-16,19.4992,19.8128,18.8776,19.0008,0.2869
NVDA,2000-11-20,61.0308,61.062,57.8124,58.5,2.2357
NVDA,2000-11-01,60.6252,63,58.5,62.1252,2.3742
NVDA,2000-11-13,55.8756,65.4996,54,59.0628,2.2572
NVDA,2000-11-16,66.9996,68.7504,63.9996,64.6248,2.4698
AAPL,2000-11-06,22.4392,22.624,20.8768,21.4368,0.3236
AAPL,2000-11-09,19.8744,20.5016,19.0624,20.188,0.3048
AAPL,2000-11-10,19.3592,19.8744,19.0624,19.0624,0.2878
NVDA,2000-11-09,65.25,68.4996,59.1252,62.1876,2.3766
NVDA,2000-10-31,59.1876,63.1248,57.3756,62.1408,2.3748
AAPL,2000-10-23,20.2664,20.5632,19.4376,20.3728,0.3076
AAPL,2000-11-07,21.4984,21.812,20.8152,21.3136,0.3218
AAPL,2000-11-08,21.3752,21.4368,19.8128,20.0648,0.3029
NVDA,2000-10-19,61.812,64.5,60.8748,63.6876,2.4339
NVDA,2000-10-27,62.7504,64.2972,59.0004,61.2504,2.3408
NVDA,2000-10-26,60.5004,65.0004,56.25,62.688,2.3957
NVDA,2000-11-02,64.3128,68.4996,63.2496,66.8748,2.5557
NVDA,2000-10-24,67.7496,68.8752,65.6256,65.8752,2.5175
NVDA,2000-10-25,64.062,65.0004,59.688,60.1248,2.2978
NVDA,2000-11-10,64.3128,67.5,57.2496,58.812,2.2476
NVDA,2000-11-07,75.5004,75.5004,69,71.562,2.7349
NVDA,2000-11-08,72.3756,72.3756,68.3748,69.438,2.6537
AAPL,2000-11-03,22.9992,22.9992,21.9352,22.2488,0.3359
NVDA,2000-10-20,62.1876,71.25,61.7496,69.6252,2.6608
AAPL,2000-10-30,19.124,19.936,18.7488,19.3144,0.2916
AAPL,2000-10-19,19.1576,19.8128,18.312,18.9392,0.2859
NVDA,2000-10-17,63.3756,63.6252,58.3128,59.0004,2.2548
AAPL,2000-10-20,19.0624,20.3728,18.9392,19.4992,0.2944
AAPL,2000-11-01,19.4376,20.8768,19.4376,20.5016,0.3095
NVDA,2000-11-06,72.9372,80.0004,72.5004,76.7496,2.9331
AAPL,2000-10-10,21.6272,22.4392,20.5016,20.8768,0.3152
AAPL,2000-10-09,22.624,22.876,21.1232,21.7504,0.3284
AAPL,2000-10-31,19.7512,20.2496,19.2528,19.5608,0.2953
AAPL,2000-10-17,21.6888,21.9352,19.6896,20.1264,0.3039
AAPL,2000-10-18,19.4376,21.0616,18.7488,20.1264,0.3039
NVDA,2000-10-23,70.188,70.6248,65.8752,68.0628,2.6011
NVDA,2000-10-18,55.188,61.4376,52.5624,58.062,2.219
NVDA,2000-10-13,63.0624,66.9996,62.3904,65.1252,2.4889
AAPL,2000-10-13,20.2496,22.1256,19.9976,22.064,0.3331
AAPL,2000-10-12,20.3112,20.8152,19.4992,19.9976,0.3019
AAPL,2000-10-16,22.3104,23.2512,21.3752,21.4984,0.3246
AAPL,2000-10-27,18.8776,19.1856,17.8752,18.564,0.2803
AAPL,2000-10-26,18.8104,18.8776,17.5,18.5024,0.2793
AAPL,2000-11-02,21.1232,22.4392,21.0616,22.3104,0.3368
AAPL,2000-10-25,19.0624,19.1856,18.4352,18.5024,0.2793
AAPL,2000-10-24,20.6864,20.8768,18.8104,18.8776,0.285
NVDA,2000-10-12,66.6252,70.5,62.0004,62.6256,2.3933
NVDA,2000-10-16,65.1252,65.1252,62.1252,63.6252,2.4315
AAPL,2000-10-11,20.1264,21,19.124,19.6224,0.2963
NVDA,2000-10-11,60.6876,68.7504,58.2504,65.1876,2.4913
AAPL,2000-09-14,58.5648,59.6232,56.812,56.8568,0.8584
AAPL,2000-10-06,22.6856,22.9376,21,22.1872,0.335
AAPL,2000-09-11,58.688,60.3736,58.1224,58.436,0.8822
NVDA,2000-10-06,73.188,73.6872,67.4376,68.4372,2.6155
AAPL,2000-09-26,53.312,54.7512,51.3744,51.436,0.7766
AAPL,2000-09-25,52.752,55.5016,52.0632,53.5024,0.8078
AAPL,2000-10-05,23.4976,24.5,22.0024,22.064,0.3331
NVDA,2000-10-05,75.312,75.312,71.4372,72.9996,2.7898
AAPL,2000-09-12,57.344,60.06,57.0024,57.7528,0.8719
NVDA,2000-09-22,62.562,71.4996,62.4996,70.6248,2.6991
NVDA,2000-10-10,66.9996,70.3752,63.9996,64.6248,2.4698
AAPL,2000-10-04,22.3776,23.7496,21.8736,23.6264,0.3567
NVDA,2000-10-09,66.6876,71.0004,62.0004,69.9372,2.6728
NVDA,2000-09-20,66.9372,68.25,65.4996,66.5628,2.5438
NVDA,2000-10-04,73.6248,75.9996,72.6252,74.7504,2.8567
AAPL,2000-10-03,24.9368,24.9984,22.1872,22.3104,0.3368
AAPL,2000-10-02,26.6896,26.7512,23.4976,24.248,0.3661
AAPL,2000-09-29,28.1848,29.0024,25.3736,25.7488,0.3887
AAPL,2000-09-28,49.3136,53.8104,48.1264,53.5024,0.8078
NVDA,2000-10-03,80.3748,81,75,75.6252,2.8901
NVDA,2000-10-02,83.0004,86.25,77.8752,79.938,3.055
NVDA,2000-09-19,63.6876,69,63,68.8128,2.6298
AAPL,2000-09-27,51.7496,52.752,48.2496,48.9384,0.7389
NVDA,2000-09-29,81.8748,84.9996,80.4996,81.8748,3.129
AAPL,2000-09-01,61.3144,63.6272,61.124,63.4368,0.9577
NVDA,2000-09-28,81,84.75,78.9996,84.2496,3.2198
AAPL,2000-08-28,57.2488,59.0016,57.064,58.0608,0.8766
NVDA,2000-09-27,76.8756,85.3752,76.8756,81.75,3.1242
NVDA,2000-09-18,71.0628,71.4996,66,66.75,2.551
NVDA,2000-09-15,69,71.8752,68.4996,70.8912,2.7092
NVDA,2000-09-13,69.8748,71.1876,68.3748,70.0308,2.6764
NVDA,2000-09-21,67.062,70.938,66.9996,69.4224,2.6531
AAPL,2000-08-31,58.968,61.4992,58.94,60.9392,0.92
AAPL,2000-08-29,57.876,59.4384,57.6856,59.1864,0.8936
NVDA,2000-09-14,70.3752,73.5,68.4996,69.3756,2.6513
NVDA,2000-09-08,77.25,78.9996,73.2504,73.5,2.8089
AAPL,2000-08-30,59.0016,59.9984,58.7048,59.5,0.8983
NVDA,2000-09-11,72.5628,72.9996,67.7496,70.5,2.6943
AAPL,2000-09-08,61.6224,61.6224,58.4976,58.8728,0.8888
AAPL,2000-09-22,50.3104,52.4384,50.0024,52.1864,0.7879
NVDA,2000-09-26,76.5,78.3756,72.9996,77.4996,2.9618
NVDA,2000-09-25,72.8124,76.7496,72.2496,75.6876,2.8925
AAPL,2000-09-20,59.4048,61.4376,58.5648,61.0456,0.9216
AAPL,2000-08-25,56.4984,57.5008,56.3752,56.812,0.8577
AAPL,2000-09-19,59.752,60.5024,58.5648,59.9368,0.9049
NVDA,2000-09-12,70.5624,74.25,69,70.062,2.6776
NVDA,2000-09-07,75.2496,78.2496,72.1248,78.1248,2.9857
AAPL,2000-09-18,55.2496,60.7488,55.0648,60.6536,0.9157
NVDA,2000-09-06,79.938,79.938,73.5,74.1252,2.8328
NVDA,2000-09-05,81.3756,81.438,79.062,79.6248,3.043
AAPL,2000-09-15,57.7528,58.1896,54.2528,55.2328,0.8339
NVDA,2000-09-01,81,81.75,78.6252,79.5,3.0382
AAPL,2000-09-13,56.7504,59.5,56.7504,57.9992,0.8756
AAPL,2000-09-21,58.4976,59.6232,55.2496,56.6888,0.8559
AAPL,2000-08-23,51.4696,54.7512,51.0608,54.3144,0.82
AAPL,2000-09-06,61.376,62.3728,57.7528,58.436,0.8822
AAPL,2000-09-07,59.1248,62.5632,58.2512,61.9976,0.936
AAPL,2000-09-05,62.6584,64.1256,62.2496,62.44,0.9427
AAPL,2000-08-07,47.8744,49.0616,47.1856,47.936,0.7237
NVDA,2000-08-28,75.3756,78.9996,74.4996,78,2.9809
NVDA,2000-08-14,65.25,65.8752,63,65.0628,2.4865
AAPL,2000-08-10,47.9976,48.44,47.376,47.5608,0.7181
AAPL,2000-08-04,49.4704,51.2512,46.312,47.376,0.7153
AAPL,2000-08-08,47.936,47.9976,46.312,46.7488,0.7058
AAPL,2000-08-03,45.5616,48.0648,44.2512,47.9976,0.7246
AAPL,2000-08-18,51.3744,51.8112,49.8736,50.0024,0.7549
AAPL,2000-08-16,46.8776,49,46.8104,48.5016,0.7323
NVDA,2000-08-31,79.6872,82.5,78.1248,79.3752,3.0335
AAPL,2000-08-15,47.2528,47.936,46.5024,46.6872,0.7049
NVDA,2000-08-09,68.1252,68.562,64.3128,65.25,2.4936
NVDA,2000-08-29,78.312,78.5004,77.0004,77.8128,2.9737
AAPL,2000-08-02,49,49.9352,47.1856,47.2528,0.7134
AAPL,2000-08-01,50.3104,51.156,49.252,49.3136,0.7445
NVDA,2000-08-24,74.4996,77.688,73.1256,76.938,2.9403
AAPL,2000-08-24,54.6728,56.6272,53.3736,56.112,0.8472
NVDA,2000-08-22,74.1252,75.75,70.1256,70.812,2.7062
NVDA,2000-08-21,79.812,81.1872,77.0004,78.1872,2.9881
AAPL,2000-08-11,46.844,47.9976,45.5616,47.6896,0.72
AAPL,2000-07-31,49.1568,51.6264,48.748,50.8144,0.7672
NVDA,2000-08-30,76.938,79.5624,76.1256,78.5004,3
AAPL,2000-08-22,50.624,52.8136,50.3776,51.688,0.7804
AAPL,2000-08-17,48.3728,52.4384,48.3112,51.436,0.7766
AAPL,2000-08-21,50.2488,51.5648,49.6272,50.5008,0.7624
NVDA,2000-08-25,76.1256,77.7504,74.6256,75,2.8663
AAPL,2000-07-26,49.8456,51.2512,49.252,50.064,0.7558
NVDA,2000-08-23,69.6876,75.0624,68.25,74.9376,2.8639
AAPL,2000-07-25,50.3104,50.624,49.0616,50.064,0.7558
NVDA,2000-08-18,74.0628,77.8752,73.938,77.0004,2.9427
NVDA,2000-07-28,53.0004,57.9372,50.0004,54,2.0637
AAPL,2000-08-14,47.5944,47.6896,46.312,47.0624,0.7105
NVDA,2000-08-16,75.0624,75.0624,70.812,72.9996,2.7898
NVDA,2000-08-07,64.188,69.312,63.9372,68.7504,2.6274
NVDA,2000-08-10,63.75,67.5,62.4996,66,2.5223
AAPL,2000-07-28,52.2816,52.5,46.8776,48.3112,0.7294
NVDA,2000-08-04,64.1256,65.0004,62.7504,63.75,2.4363
NVDA,2000-08-08,67.2504,71.0004,66.9996,67.2504,2.5701
NVDA,2000-08-03,54,63.9996,54,62.6256,2.3933
AAPL,2000-07-27,50.0024,53.2504,49.8736,52.0016,0.7851
AAPL,2000-07-24,52.5616,52.8752,47.4992,48.6864,0.735
NVDA,2000-07-27,54.9996,55.7496,51.9996,52.7496,2.0159
AAPL,2000-07-20,54.9976,57.064,54.124,55.1264,0.8323
NVDA,2000-08-15,65.3748,72.5004,65.1876,71.2032,2.7212
AAPL,2000-08-09,48.1264,48.44,47.2528,47.4992,0.7171
AAPL,2000-07-17,58.2512,58.8112,57.1256,58.3128,0.8804
AAPL,2000-07-19,55.188,56.812,51.7496,52.6848,0.7954
NVDA,2000-08-02,57.9996,60.9684,57.0624,60,2.293
NVDA,2000-08-01,60,60.5004,58.3752,58.812,2.2476
AAPL,2000-07-21,54.3592,55.6248,52.9368,53.564,0.8087
AAPL,2000-07-18,58.4976,58.8728,56.8736,57.2488,0.8643
NVDA,2000-07-26,61.3752,61.3752,55.1256,56.8128,2.1712
NVDA,2000-07-31,57,60.1248,54,60,2.293
NVDA,2000-08-11,66.1248,66.6252,61.3752,64.4376,2.4626
NVDA,2000-08-17,72,74.7504,71.7504,74.3748,2.8424
NVDA,2000-07-25,64.7496,65.25,61.2504,61.3752,2.3456
AAPL,2000-07-14,57.1256,59.0016,56.8736,57.6856,0.8709
AAPL,2000-07-12,58.1224,58.94,56.3752,58.8728,0.8888
AAPL,2000-07-10,54.096,58.2512,53.7488,57.1256,0.8625
AAPL,2000-06-26,52.5,54.7512,52.1248,54.124,0.8171
NVDA,2000-07-24,69.75,70.2504,60.9996,63.75,2.4363
NVDA,2000-07-14,75.8748,77.3124,72,73.812,2.8209
NVDA,2000-07-20,66.9372,70.5,66.75,68.8128,2.6298
AAPL,2000-07-06,52.5,52.9368,49.6272,51.8112,0.7822
AAPL,2000-07-07,52.5952,54.8128,52.1248,54.4376,0.8219
AAPL,2000-07-05,53.2504,55.188,50.7528,51.6264,0.7794
AAPL,2000-06-23,53.7824,54.6224,50.8144,51.688,0.7804
AAPL,2000-06-22,55.748,57.624,53.564,53.7488,0.8115
NVDA,2000-06-29,67.3128,67.3128,57.5004,58.6248,2.2405
AAPL,2000-06-21,50.5008,56.9352,50.3104,55.6248,0.8398
AAPL,2000-06-20,98.504,103.936,98.3696,101.248,0.7643
NVDA,2000-07-17,74.9376,75,72.75,72.9996,2.7898
NVDA,2000-07-21,69,71.0004,68.0004,69.6876,2.6632
NVDA,2000-06-28,72.75,75.5004,66.5004,68.4996,2.6178
AAPL,2000-07-03,52.1248,54.3144,52.1248,53.312,0.8049
NVDA,2000-07-13,69.438,74.7504,69.312,74.3748,2.8424
NVDA,2000-07-19,69,69.5004,65.562,66.9996,2.5605
AAPL,2000-07-13,58.4976,60.6256,54.7512,56.4984,0.853
NVDA,2000-07-18,69,75,69,71.562,2.7349
AAPL,2000-07-11,57.0024,59.248,55.44,56.9352,0.8596
AAPL,2000-06-30,52.8136,54.936,51.688,52.3768,0.7908
NVDA,2000-07-11,60.3756,69.2496,59.688,66.1248,2.5271
NVDA,2000-06-27,82.2504,83.6256,69.0624,71.25,2.7229
NVDA,2000-06-16,129.6552,150,129.624,149.7504,2.8615
AAPL,2000-06-16,93.4976,93.7552,89.0624,91.1904,0.6884
AAPL,2000-06-19,90.5632,97.8768,89.8128,96.6224,0.7294
NVDA,2000-06-26,151.0008,166.8744,148.6248,165.9384,3.1708
NVDA,2000-06-19,149.376,171.2496,145.6248,159.1248,3.0406
NVDA,2000-07-12,68.8752,71.4372,66.6876,68.0004,2.5987
NVDA,2000-06-15,126.4368,130.1256,119.6256,130.1256,2.4865
NVDA,2000-07-10,57.1872,62.6256,56.6256,61.188,2.3384
AAPL,2000-06-15,91.2464,93.3744,88.9952,92.3776,0.6973
AAPL,2000-06-09,96.7456,97.9328,94.3712,95.7488,0.7228
AAPL,2000-06-29,53.06,53.9392,51.0608,51.2512,0.7738
AAPL,2000-06-07,93.6208,97.0032,91.6272,96.5664,0.729
NVDA,2000-06-23,159.1248,161.124,148.0008,148.0632,2.8292
NVDA,2000-06-22,172.188,175.7496,161.8752,163.5,3.1242
AAPL,2000-06-08,97.6304,98.504,93.128,94.808,0.7157
AAPL,2000-06-06,91.9744,96.7456,90.3168,92.8704,0.7011
NVDA,2000-06-20,161.8752,163.7496,154.9992,157.0008,3
NVDA,2000-06-21,154.5624,175.9992,154.5624,172.9368,3.3046
NVDA,2000-07-03,63.9996,66,60.5004,61.1256,2.336
NVDA,2000-06-13,119.6256,127.0008,118.9992,126.9384,2.4256
NVDA,2000-07-06,54.6252,59.8752,53.3124,57.8748,2.2118
NVDA,2000-07-07,60,60.9996,57,58.188,2.2237
NVDA,2000-07-05,60.8748,60.9996,52.7496,54.5628,2.0852
AAPL,2000-06-28,53.312,55.3728,51.4976,54.4376,0.8219
AAPL,2000-06-05,93.3072,95.2448,89.6896,91.3136,0.6893
NVDA,2000-06-14,129.312,130.0008,125.1408,126.8136,2.4232
AAPL,2000-06-13,91.1904,94.6848,88.1888,94.5056,0.7134
NVDA,2000-06-12,127.0008,128.0616,120.2496,123.0624,2.3515
AAPL,2000-06-14,94.6848,96.2528,90.1264,90.44,0.6827
AAPL,2000-06-27,53.7824,55.5016,51.6264,51.7496,0.7813
NVDA,2000-06-30,61.3752,64.6248,58.3752,63.5628,2.4292
AAPL,2000-06-02,93.7552,99.7472,88.9952,92.568,0.6988
AAPL,2000-06-12,96.376,96.432,90.8768,91.1904,0.6884
AAPL,2000-06-01,81.7488,89.5664,80.3712,89.1296,0.6728
AAPL,2000-05-26,87.9984,89.88,85.2544,86.3744,0.652
NVDA,2000-06-09,125.2512,132,123.3744,126.4368,2.416
NVDA,2000-06-02,119.7504,133.0008,119.7504,131.5632,2.5139
NVDA,2000-06-01,117.4992,118.5624,114.3744,117.312,2.2417
NVDA,2000-05-19,100.0008,105.4992,99.2496,102.1248,1.9514
NVDA,2000-05-18,111.1248,112.9368,102.312,103.0008,1.9682
NVDA,2000-05-17,99,114.624,98.9376,110.5008,2.1115
NVDA,2000-06-07,126.7512,127.812,120.1248,121.9992,2.3312
AAPL,2000-05-11,101.3712,104.2496,98.9968,102.816,0.7761
AAPL,2000-05-10,104.0592,105,98.7504,99.3104,0.7497
AAPL,2000-05-09,110.3088,111.2496,104.8768,105.4368,0.7959
AAPL,2000-05-24,86.184,89.7456,83.0032,87.6848,0.6619
AAPL,2000-05-23,90.496,93.3744,85.624,85.8144,0.6478
AAPL,2000-05-25,88.5024,92.6576,86.0048,87.2704,0.6588
NVDA,2000-06-08,125.124,125.2512,118.0008,122.9376,2.3491
AAPL,2000-05-08,112.0896,113.6912,109.9952,110.1296,0.8313
AAPL,2000-05-31,86.8784,91.2464,83.8096,84,0.6341
AAPL,2000-05-12,105.9968,110.4992,104.7648,107.6208,0.8124
AAPL,2000-05-22,93.7552,93.7552,86.0048,89.936,0.6789
AAPL,2000-05-30,87.6288,88.1216,81.7488,87.5616,0.661
NVDA,2000-06-06,134.8752,139.8744,127.0008,127.6872,2.4399
NVDA,2000-05-16,88.9992,96.6864,88.0008,94.0008,1.7962
NVDA,2000-06-05,131.376,141,126.1248,134.3904,2.568
NVDA,2000-05-31,109.5,115.9992,109.5,114.1248,2.1807
NVDA,2000-05-30,108.3744,112.6248,107.8752,109.8744,2.0995
NVDA,2000-05-05,87.6864,94.2504,86.5008,92.124,1.7604
AAPL,2000-05-19,99.2544,99.2544,93.3744,94.0016,0.7096
NVDA,2000-05-15,79.3752,86.6256,75.4992,85.2504,1.629
AAPL,2000-05-05,110.8128,114.7552,110.7232,113.12,0.8539
AAPL,2000-05-01,124.88,125.1264,121.8784,124.3088,0.9384
AAPL,2000-05-18,102.9952,104.9328,100.6208,100.7552,0.7606
NVDA,2000-05-26,105.5304,108.4368,99,105.5304,2.0165
AAPL,2000-05-17,103.6224,103.6896,100.3744,101.3712,0.7652
NVDA,2000-05-03,87.876,90.7512,79.9992,87,1.6624
NVDA,2000-05-04,86.8128,91.7496,86.0616,88.0632,1.6827
AAPL,2000-05-03,118.9328,121.2512,111.6304,115.0576,0.8685
AAPL,2000-04-28,127.12,127.5008,121.3072,124.0624,0.9365
AAPL,2000-04-27,117.1856,126.9968,116.5808,126.7504,0.9568
AAPL,2000-05-04,115.1248,115.248,110.5664,110.6896,0.8356
AAPL,2000-04-26,126.6272,128.0048,119.9968,121.3072,0.9157
NVDA,2000-05-11,79.9992,83.688,78.9384,82.2504,1.5717
NVDA,2000-05-10,86.6256,86.688,78.1248,78.876,1.5072
NVDA,2000-05-09,90.2496,91.0008,85.0008,87.4992,1.672
AAPL,2000-04-25,122.1248,128.7552,122.0576,128.3072,0.9686
NVDA,2000-05-24,107.7504,109.5,92.2512,106.5,2.035
AAPL,2000-04-24,115.0016,120.5008,114.7552,120.5008,0.9096
NVDA,2000-05-02,91.9992,97.3752,85.8744,88.4376,1.6899
NVDA,2000-05-25,108.0624,114.4992,103.6872,105,2.0064
NVDA,2000-05-23,106.0008,117.9384,104.2512,107.8752,2.0613
AAPL,2000-05-16,104.5184,109.0656,102.7488,105.6832,0.7978
NVDA,2000-05-22,100.9992,108.7512,92.0616,108.7512,2.078
NVDA,2000-05-08,89.7504,93,88.6248,88.7496,1.6959
NVDA,2000-05-12,84.4992,88.9992,79.7496,79.7496,1.5239
NVDA,2000-05-01,92.5008,94.5,89.8128,91.9992,1.758
AAPL,2000-05-02,123.2448,126.2464,117.4992,117.88,0.8899
AAPL,2000-04-03,135.4976,139.496,129.4384,133.3136,1.0064
AAPL,2000-05-15,108.0576,108.0576,100.128,101.0016,0.7624
AAPL,2000-04-17,109.5024,123.9392,109.0656,123.872,0.9351
AAPL,2000-04-20,123.6928,124.7456,117.0624,118.8768,0.8974
NVDA,2000-04-07,100.7496,105,96.4992,102.5616,1.9598
AAPL,2000-04-19,126.1904,130.2448,119.7504,121.128,0.9144
AAPL,2000-04-18,123.5024,126.8736,119.3696,126.8736,0.9577
NVDA,2000-04-28,92.4384,96,89.124,89.124,1.703
NVDA,2000-04-06,95.9376,100.812,91.3752,95.9376,1.8332
NVDA,2000-04-20,83.2512,84.8136,79.5,80.6256,1.5406
NVDA,2000-04-19,87.8136,88.9992,79.9992,81.0624,1.549
AAPL,2000-04-13,111.496,119.9968,108.5056,113.8144,0.8592
AAPL,2000-04-14,109.312,118.0032,108.9984,111.8768,0.8445
NVDA,2000-04-18,79.5936,89.7504,77.2512,85.1256,1.6266
NVDA,2000-04-27,78.4992,91.8744,78.0624,91.0008,1.7389
NVDA,2000-04-04,82.0008,83.376,57,75,1.4331
NVDA,2000-04-26,90.9384,93,84,84.1248,1.6075
AAPL,2000-03-30,133.56,137.6928,125.44,125.7536,0.9493
NVDA,2000-04-05,75.7512,97.5,71.8752,91.6872,1.752
AAPL,2000-03-29,139.3728,139.44,133.8288,135.9344,1.0261
AAPL,2000-03-28,137.2448,142.0048,137.1216,139.1264,1.0502
AAPL,2000-04-12,119,119,104.8768,109.2448,0.8247
AAPL,2000-04-11,123.5024,124.88,118.0592,119.4368,0.9016
AAPL,2000-04-10,131.6896,132.7536,124.7456,125.0032,0.9436
NVDA,2000-04-25,80.0616,87.4992,79.8744,85.0008,1.6242
NVDA,2000-04-24,76.0008,79.3752,72.624,76.6248,1.4642
NVDA,2000-03-22,95.6256,98.5008,94.0008,95.5632,1.826
AAPL,2000-04-07,127.2544,131.88,125.496,131.7456,0.9945
AAPL,2000-03-27,137.6256,144.7488,136.8752,139.5632,1.0535
NVDA,2000-04-03,83.7192,84,75.6864,77.8752,1.4881
AAPL,2000-03-22,132.776,144.3792,131.5664,144.1888,1.0885
AAPL,2000-03-31,127.4336,137.2448,126,135.8112,1.0252
NVDA,2000-03-31,79.9224,87.876,78.4992,84.4848,1.6144
NVDA,2000-03-23,94.6872,102.4992,94.5,97.2504,1.8583
AAPL,2000-03-23,142.0048,150.3712,140,141.3104,1.0667
NVDA,2000-04-17,63,75,63,72.312,1.3818
AAPL,2000-04-06,130.6256,134.5008,123.2448,125.1824,0.945
AAPL,2000-03-17,120.12,125.0032,119.6272,125.0032,0.9436
NVDA,2000-03-30,73.0008,81.7512,70.5,74.8128,1.4295
AAPL,2000-03-16,117.3088,122.0016,114.4976,121.5648,0.9177
AAPL,2000-03-21,122.5616,136.752,121.6208,134.9376,1.0186
NVDA,2000-03-21,100.0008,100.8744,87,94.8744,1.8129
NVDA,2000-03-29,80.8752,82.7496,72,75.2496,1.4379
AAPL,2000-04-04,132.6304,133,116.7488,127.3104,0.961
AAPL,2000-03-15,115.6288,120.2544,114.128,116.2448,0.8775
NVDA,2000-03-28,84.0624,85.0008,79.0008,80.5632,1.5394
AAPL,2000-03-14,121.2176,124.2528,114.0048,114.2512,0.8625
NVDA,2000-04-13,79.4376,82.2504,74.124,75.4368,1.4415
AAPL,2000-04-05,126.4704,132.8768,123.9952,130.3792,0.9842
NVDA,2000-04-14,70.6248,76.0632,65.5008,68.796,1.3146
NVDA,2000-03-24,96.624,100.9992,90,93.1872,1.7807
NVDA,2000-04-12,88.0632,90,78.4992,78.8136,1.506
AAPL,2000-03-24,142.4416,143.9424,135.4976,138.6896,1.0469
NVDA,2000-03-27,93,96,86.2512,87.0624,1.6636
NVDA,2000-03-20,103.812,107.124,96.624,99.8136,1.9073
AAPL,2000-03-20,123.5024,126.2464,122.3712,122.9984,0.9285
NVDA,2000-04-11,86.9832,94.9992,79.9992,87.9384,1.6803
NVDA,2000-04-10,104.3136,110.376,91.5624,93.4992,1.7866
AAPL,2000-03-10,121.688,127.9376,121.0048,125.7536,0.9493
AAPL,2000-03-13,122.1248,126.504,119.504,121.3072,0.9157
AAPL,2000-03-09,120.8704,125.0032,118.2496,122.248,0.9228
NVDA,2000-03-17,91.9992,106.9992,91.9848,99.876,1.9084
NVDA,2000-02-28,60.876,61.5,59.7504,60.7512,1.1608
AAPL,2000-02-18,114.6208,115.3712,110.88,111.2496,0.8398
NVDA,2000-03-16,109.0008,112.7496,92.6256,94.1712,1.7995
AAPL,2000-03-08,122.8752,123.9392,118.5632,122.0016,0.921
AAPL,2000-02-17,115.192,115.5056,113.12,114.8784,0.8672
NVDA,2000-03-13,106.9992,150,106.0008,149.2512,2.8519
NVDA,2000-03-10,105.4992,145.0008,104.7504,118.0008,2.2548
NVDA,2000-03-09,85.0008,108,84.7512,100.296,1.9165
NVDA,2000-03-15,118.0152,121.0632,102,105.624,2.0183
AAPL,2000-02-16,117.7456,118.1264,112.1232,114.128,0.8615
AAPL,2000-03-07,126.4368,127.4336,121.128,122.8752,0.9276
NVDA,2000-02-23,64.7496,66.5616,63.9384,65.8752,1.2588
AAPL,2000-03-02,126.9968,127.9376,120.6912,122.0016,0.921
NVDA,2000-03-14,148.4376,148.4376,108,110.124,2.1043
AAPL,2000-02-29,113.568,117.2528,112.56,114.6208,0.8652
AAPL,2000-02-14,109.312,115.8752,108.6288,115.808,0.8742
NVDA,2000-02-22,65.2512,66.1248,63,65.5008,1.2516
AAPL,2000-03-06,126,129.1248,125.0032,125.6864,0.9488
NVDA,2000-02-24,66.2496,66.6864,62.5008,65.2512,1.2468
NVDA,2000-03-08,83.2656,84.7512,77.2512,84,1.6051
AAPL,2000-03-03,124.88,128.24,119.9968,128.0048,0.9663
AAPL,2000-03-01,118.5632,132.0592,118.496,130.312,0.9837
AAPL,2000-02-04,103.936,109.9952,103.6224,108.0016,0.8153
NVDA,2000-03-07,75,87.2496,71.7504,83.3136,1.592
NVDA,2000-03-06,59.2512,63.7512,58.0008,58.5,1.1178
AAPL,2000-02-15,115.248,119.9408,115.192,119,0.8983
NVDA,2000-02-25,65.3136,65.3136,58.5,61.188,1.1692
NVDA,2000-02-10,43.3752,49.9992,43.3752,49.2504,0.9411
AAPL,2000-02-28,110.1296,115.0016,108.3712,113.2544,0.8549
NVDA,2000-02-09,41.376,42.0624,40.812,40.8744,0.7811
NVDA,2000-02-18,59.5008,68.2512,59.0616,67.3752,1.2874
AAPL,2000-02-02,100.7552,102.1216,97.0032,98.8176,0.746
AAPL,2000-02-03,100.3072,104.2496,100.2512,103.3088,0.7799
NVDA,2000-02-17,58.2504,60.7512,57.3744,60.3744,1.1537
NVDA,2000-02-11,51.6864,51.7512,46.3752,49.9992,0.9554
AAPL,2000-02-10,112.8736,113.8704,109.9952,113.5008,0.8568
AAPL,2000-02-23,113.232,119,111.0032,116.2448,0.8775
AAPL,2000-02-01,104.0032,105,100.0048,100.2512,0.7568
NVDA,2000-03-02,62.6256,62.6256,57.7512,57.9384,1.1071
AAPL,2000-02-22,110.1296,116.9392,106.6912,113.8144,0.8592
AAPL,2000-02-24,117.3088,119.1232,111.7536,115.2032,0.8696
AAPL,2000-02-09,114.128,117.1296,112.4368,112.6272,0.8502
NVDA,2000-02-16,56.376,60.2496,55.7496,58.3128,1.1143
NVDA,2000-02-08,39,41.2512,37.9992,39.876,0.7619
NVDA,2000-02-29,60.3744,64.7496,60.3744,64.0008,1.2229
AAPL,2000-01-31,101.0016,103.88,94.5056,103.7456,0.7832
NVDA,2000-03-03,58.0008,59.5008,57.4992,58.8744,1.125
NVDA,2000-03-01,64.0008,64.0008,61.1256,62.124,1.1871
NVDA,2000-02-14,50.124,58.0008,49.6248,58.0008,1.1083
AAPL,2000-02-11,113.624,114.128,108.248,108.752,0.8209
NVDA,2000-02-07,40.7496,40.7496,37.9992,38.0616,0.7273
AAPL,2000-02-08,114.0048,116.1216,111.2496,114.8784,0.8672
NVDA,2000-02-04,40.8744,40.8744,39.7512,40.5624,0.7751
NVDA,2000-02-15,58.1256,58.188,53.376,55.7496,1.0653
AAPL,2000-02-07,108.0016,114.2512,105.9408,114.0608,0.861
AAPL,2000-02-25,114.8112,116.9952,110.1296,110.376,0.8332
AAPL,2000-01-27,108.808,112.9968,107.0048,109.9952,0.8303
NVDA,2000-01-13,40.3752,42.4992,39.876,42.1248,0.8049
NVDA,2000-01-12,41.5008,41.5632,39.876,40.4376,0.7727
AAPL,2000-01-26,109.9952,114.184,109.7488,110.1856,0.8318
NVDA,2000-01-27,40.9368,40.9368,37.0008,38.5008,0.7357
AAPL,2000-01-25,105,113.12,102.3792,112.2464,0.8473
NVDA,2000-01-26,42.3744,43.5,39.876,40.6248,0.7763
NVDA,2000-02-02,38.124,39.7512,37.9368,39,0.7452
NVDA,2000-01-25,42.9384,43.3752,40.9992,42.3744,0.8097
NVDA,2000-02-03,40.2504,41.0616,39.3744,39.624,0.7572
NVDA,2000-02-01,37.1256,38.2512,35.7504,37.9368,0.7249
NVDA,2000-01-24,46.0008,46.188,42.4992,42.7512,0.8169
AAPL,2000-01-21,114.2512,114.2512,110.1856,111.3168,0.8403
AAPL,2000-01-20,115.5056,121.4976,113.5008,113.5008,0.8568
NVDA,2000-01-10,42,45,41.2512,43.2504,0.8264
AAPL,2000-01-24,108.4384,112.7504,105.1232,106.2544,0.8021
NVDA,2000-01-31,37.5624,38.376,34.9992,37.0632,0.7082
AAPL,2000-01-06,106.12,107.0048,94.9984,94.9984,0.7171
AAPL,2000-01-05,103.7456,110.5664,102.9952,104.0032,0.7851
NVDA,2000-01-28,37.9992,38.2512,35.8752,37.3752,0.7142
AAPL,2000-01-28,108.192,110.88,100.6208,101.6288,0.7672
AAPL,2000-01-14,100.0048,102.2448,99.3776,100.4416,0.7582
NVDA,2000-01-11,43.0008,43.5,41.5008,41.5008,0.793
AAPL,2000-01-04,108.248,110.6224,101.192,102.5024,0.7738
NVDA,2000-01-03,47.2512,47.6256,44.124,46.812,0.8945
NVDA,2000-01-07,40.9992,42.312,40.3752,41.8752,0.8002
AAPL,2000-01-18,101.0016,105.9968,100.4416,103.936,0.7846
AAPL,2000-01-19,105.6272,108.752,103.376,106.568,0.8045
AAPL,2000-01-13,94.4832,98.7504,92.5008,96.7456,0.7303
AAPL,2000-01-12,94.9984,95.5024,86.4976,87.192,0.6582
AAPL,2000-01-10,101.9984,102.2448,94.752,97.7536,0.7379
AAPL,2024-05-02,172.51,173.42,170.89,173.03,172.7956
NVDA,2000-01-21,45.1248,45.312,43.6248,44.7504,0.8551
NVDA,2000-01-20,45.7512,48.2496,44.8752,45.2496,0.8647
AAPL,2000-01-11,95.9392,99.3776,90.496,92.7472,0.7001
NVDA,2000-01-14,42.7512,45.6864,42.624,43.9368,0.8396
NVDA,2000-01-18,44.5008,46.0008,42.4992,45.8136,0.8754
AAPL,2000-01-07,96.4992,101.0016,95.5024,99.5008,0.7511
NVDA,2000-01-19,46.0008,46.0008,45,45.3744,0.867
NVDA,2024-05-21,935.99,954,931.8,953.86,953.86
NVDA,2024-05-17,943.69,947.4,918.06,924.79,924.79
NVDA,2024-05-20,937.5,952,934.4,947.8,947.8
NVDA,2024-05-24,1044.49,1064.75,1030,1064.69,1064.6526
NVDA,2024-06-04,1157.16,1166,1140.45,1164.37,1164.37
NVDA,2024-05-31,1125.2,1127.17,1069.4,1096.33,1096.33
NVDA,2024-06-05,1183.71,1224.495,1174.68,1224.4,1224.4
NVDA,2024-05-30,1146.5,1158.192,1096.63,1105,1105
NVDA,2024-05-29,1130.5,1154.92,1109.01,1148.25,1148.25
NVDA,2024-05-23,1020.28,1063.2,1015.2,1037.99,1037.9535
NVDA,2024-06-03,1136.21,1150,1120.03,1150,1150
NVDA,2024-05-28,1102.44,1149.39,1098.83,1139.01,1138.97
AAPL,2024-04-18,168.03,168.64,166.55,167.04,166.8137
AAPL,2000-01-03,104.8768,112.504,101.6848,111.9328,0.845
NVDA,2000-01-06,44.0616,44.0616,39.4992,41.1864,0.787
NVDA,2000-01-05,44.2512,45,43.4376,44.0616,0.842
NVDA,2000-01-04,46.0008,46.1256,43.2504,45.5616,0.8706
AAPL,2024-05-17,189.51,190.81,189.18,189.87,189.87
AAPL,2024-05-21,191.09,192.73,190.9201,192.35,192.35
AAPL,2024-05-20,189.33,191.92,189.01,191.04,191.04
AAPL,2024-06-04,194.64,195.32,193.03,194.35,194.35
AAPL,2024-05-31,191.44,192.57,189.91,192.25,192.25
AAPL,2024-05-24,188.82,190.58,188.04,189.98,189.98
AAPL,2024-06-05,195.42,196.9,194.88,195.87,195.87
AAPL,2024-05-29,189.61,192.25,189.51,190.29,190.29
AAPL,2024-05-23,190.98,191,186.63,186.88,186.88
AAPL,2024-06-03,192.9,194.99,192.52,194.03,194.03
AAPL,2024-05-28,191.51,193,189.1,189.99,189.99
AAPL,2024-05-30,190.76,192.18,190.63,191.29,191.29
AAPL,2024-05-15,187.91,190.65,187.37,189.72,189.72
AAPL,2024-05-08,182.85,183.07,181.45,182.74,182.4925
AAPL,2024-05-03,186.65,187,182.66,183.38,183.1316
AAPL,2024-05-10,184.9,185.09,182.13,183.05,183.05
AAPL,2024-05-07,183.45,184.9,181.32,182.4,182.1529
AAPL,2024-05-13,185.44,187.1,184.62,186.28,186.28
AAPL,2024-05-06,182.35,184.2,180.42,181.71,181.4639
AAPL,2024-05-16,190.47,191.1,189.66,189.84,189.84
AAPL,2024-05-14,187.51,188.3,186.29,187.43,187.43
AAPL,2024-05-09,182.56,184.66,182.11,184.57,184.32
NVDA,2024-05-13,904.78,909.98,885.29,903.99,903.99
NVDA,2024-05-16,949.1,958.1899,941.03,943.59,943.59
NVDA,2024-05-06,893.9,922.2,890.55,921.4,921.4
NVDA,2024-05-14,895.99,916.51,889.34,913.56,913.56
NVDA,2024-05-09,905.29,910.72,882.31,887.47,887.47
AAPL,2024-04-30,173.33,174.99,170,170.33,170.0993
AAPL,2024-04-29,173.37,176.03,173.1,173.5,173.265
AAPL,2024-04-25,169.53,170.61,168.15,169.89,169.6599
AAPL,2024-05-01,169.58,172.71,169.11,169.3,169.0707
AAPL,2024-04-26,169.88,171.34,169.18,169.3,169.0707
AAPL,2024-04-19,166.21,166.4,164.08,165,164.7765
AAPL,2024-04-24,166.54,169.3,166.21,169.02,168.7911
AAPL,2024-04-22,165.52,167.26,164.77,165.84,165.6154
AAPL,2024-04-23,165.35,167.05,164.92,166.9,166.6739
AAPL,2024-04-11,168.34,175.46,168.16,175.04,174.8029
NVDA,2024-04-25,788.6801,833.2299,782.23,826.32,826.32
NVDA,2024-04-26,838.18,883.3093,833.87,877.35,877.35
NVDA,2024-04-29,875.95,879.92,852.66,877.57,877.57
NVDA,2024-04-30,872.4,888.19,863,864.02,864.02
NVDA,2024-05-02,844.49,862.37,832,858.17,858.17
NVDA,2024-04-24,839.5,840.82,791.83,796.77,796.77
NVDA,2024-05-01,850.77,860,812.5456,830.41,830.41
NVDA,2024-04-19,831.5,843.24,756.06,762,762
NVDA,2024-04-22,781.04,800.73,764,795.18,795.18
NVDA,2024-04-23,807.69,827.69,802.64,824.23,824.23
NVDA,2024-05-10,903.045,914.01,892.27,898.78,898.78
NVDA,2024-05-03,877.89,892.81,870.4,887.89,887.89
NVDA,2024-05-08,894.825,911.94,894.2,904.12,904.12
NVDA,2024-05-07,910.98,917.8099,890.11,905.54,905.54
NVDA,2024-05-15,924.72,948.62,915.99,946.3,946.3
AAPL,2024-04-12,174.26,178.36,174.21,176.55,176.3109
AAPL,2024-04-16,171.75,173.76,168.27,169.38,169.1506
AAPL,2024-04-15,175.36,176.63,172.5,172.69,172.4561
AAPL,2024-04-10,168.8,169.09,167.11,167.78,167.5527
AAPL,2024-04-17,169.61,170.65,168,168,167.7724
AAPL,2024-04-08,169.03,169.2,168.24,168.45,168.2218
AAPL,2024-04-05,169.59,170.39,168.95,169.58,169.3503
AAPL,2024-04-09,168.7,170.08,168.35,169.67,169.4402
NVDA,2024-04-12,896.99,901.7499,875.3,881.86,881.86
NVDA,2024-04-10,839.26,874,837.09,870.39,870.39
NVDA,2024-04-16,864.325,881.18,860.639,874.15,874.15
NVDA,2024-04-15,890.98,906.13,859.2901,860.01,860.01
NVDA,2024-04-11,874.2,907.3899,869.26,906.16,906.16
NVDA,2024-04-08,887,888.3,867.32,871.33,871.33
NVDA,2024-04-09,874.42,876.35,830.22,853.54,853.54
NVDA,2024-04-05,868.66,884.81,859.26,880.08,880.08
NVDA,2024-04-17,883.4,887.75,839.5,840.35,840.35
NVDA,2024-04-04,904.06,906.3399,858.8,859.05,859.05
AAPL,2024-04-04,170.29,171.92,168.82,168.82,168.5913
AAPL,2024-04-03,168.79,170.68,168.58,169.65,169.4202
AAPL,2024-04-02,169.08,169.34,168.23,168.84,168.6113
AAPL,2024-04-01,171.19,171.25,169.48,170.03,169.7997
AAPL,2024-03-28,171.75,172.23,170.51,171.48,171.2477
AAPL,2024-03-26,170,171.42,169.58,169.71,169.4801
AAPL,2024-03-27,170.41,173.6,170.11,173.31,173.0753
AAPL,2024-03-25,170.57,171.94,169.45,170.85,170.6186
AAPL,2024-03-22,171.76,173.05,170.06,172.28,172.0466
AAPL,2024-03-21,177.05,177.49,170.84,171.37,171.1379
NVDA,2024-03-21,923,926.48,904.05,914.35,914.35
NVDA,2024-04-18,849.7,861.8999,824.02,846.71,846.71
NVDA,2024-04-02,884.48,900.94,876.2,894.52,894.52
NVDA,2024-04-03,884.84,903.74,884,889.64,889.64
NVDA,2024-03-28,900,913,891.93,903.56,903.56
NVDA,2024-04-01,902.99,922.25,892.04,903.63,903.63
NVDA,2024-03-26,958.51,963.75,925.02,925.61,925.61
NVDA,2024-03-27,931.12,932.4,891.23,902.5,902.5
NVDA,2024-03-25,939.41,967.6599,935.1,950.02,950.02
AAPL,2024-03-18,175.57,177.71,173.52,173.72,173.4847
NVDA,2024-03-22,911.41,947.7799,908.3401,942.89,942.89
AAPL,2024-03-14,172.91,174.31,172.05,173,172.7657
AAPL,2024-03-15,171.17,172.62,170.29,172.62,172.3862
AAPL,2024-02-21,181.94,182.89,180.66,182.32,182.073
AAPL,2024-03-19,174.34,176.61,173.03,176.08,175.8415
AAPL,2024-03-12,173.15,174.03,171.01,173.23,172.9954
AAPL,2024-03-13,172.77,173.19,170.76,171.13,170.8982
AAPL,2024-03-08,169,173.7,168.94,170.73,170.4987
AAPL,2024-03-11,172.94,174.38,172.05,172.75,172.516
AAPL,2024-03-07,169.15,170.73,168.49,169,168.7711
AAPL,2024-03-06,171.06,171.24,168.68,169.12,168.8909
AAPL,2024-03-05,170.76,172.04,169.62,170.12,169.8896
AAPL,2024-03-01,179.55,180.53,177.38,179.66,179.4167
AAPL,2024-03-04,176.15,176.9,173.79,175.1,174.8628
AAPL,2024-02-29,181.27,182.57,179.53,180.75,180.5052
AAPL,2024-02-27,181.1,183.92,179.56,182.63,182.3826
AAPL,2024-02-28,182.51,183.12,180.13,181.42,181.1743
AAPL,2024-02-23,185.01,185.04,182.23,182.52,182.2728
AAPL,2024-02-26,182.24,182.76,180.65,181.16,180.9146
AAPL,2024-02-22,183.48,184.96,182.46,184.37,184.1203
NVDA,2024-02-28,776.2,789.33,771.25,776.63,776.5936
NVDA,2024-02-27,793.81,794.8,771.62,787.01,786.9731
NVDA,2024-02-26,797,806.4599,785.05,790.92,790.8829
NVDA,2024-02-23,807.9,823.94,775.7,788.17,788.133
NVDA,2024-02-22,750.25,785.75,742.2,785.38,785.3431
AAPL,2024-03-20,175.72,178.67,175.09,178.67,178.428
NVDA,2024-03-20,897.97,904.1,882.23,903.72,903.72
NVDA,2024-03-18,903.88,924.05,870.85,884.55,884.55
NVDA,2024-03-14,895.77,906.46,866,879.44,879.44
NVDA,2024-03-15,869.3,895.46,862.57,878.365,878.365
NVDA,2024-03-19,867,905.44,850.1,893.98,893.98
NVDA,2024-03-12,880.49,919.6,861.501,919.13,919.13
NVDA,2024-03-13,910.55,915.04,884.35,908.88,908.88
NVDA,2024-03-11,864.29,887.97,841.66,857.74,857.74
NVDA,2024-03-08,951.379,974,865.06,875.28,875.28
NVDA,2024-03-07,901.58,927.67,896.0201,926.69,926.69
NVDA,2024-03-06,880.22,897.24,870.3001,887,887
AAPL,2024-02-16,183.42,184.85,181.67,182.31,182.0631
AAPL,2024-02-20,181.79,182.43,180,181.56,181.3141
AAPL,2024-02-15,183.55,184.49,181.35,183.86,183.611
NVDA,2024-03-05,852.7,860.97,834.1701,859.64,859.64
AAPL,2024-02-14,185.32,185.53,182.44,184.15,183.9006
NVDA,2024-03-01,800,823,794.3503,822.79,822.7514
NVDA,2024-03-04,841.3,876.95,837.19,852.37,852.33
AAPL,2024-02-12,188.42,188.67,186.79,187.15,186.8965
AAPL,2024-02-13,185.77,186.21,183.51,185.04,184.7894
AAPL,2024-02-08,189.39,189.54,187.35,188.32,187.8252
AAPL,2024-02-09,188.65,189.99,188,188.85,188.5942
AAPL,2024-02-07,190.64,191.05,188.61,189.41,188.9124
NVDA,2024-02-29,790.94,799.9,783.5,791.12,791.0829
AAPL,2024-02-06,186.86,189.31,186.77,189.3,188.8027
NVDA,2024-02-21,680.06,688.88,662.48,674.72,674.6883
AAPL,2024-01-26,194.27,194.76,191.94,192.42,191.9145
AAPL,2024-01-25,195.22,196.27,193.11,194.17,193.6599
AAPL,2024-01-24,195.42,196.38,194.34,194.5,193.989
NVDA,2024-02-16,741,744.02,725.01,726.13,726.0959
NVDA,2024-02-20,719.47,719.56,677.34,694.52,694.4874
NVDA,2024-02-15,738.69,739.75,724,726.58,726.5459
NVDA,2024-02-14,732.02,742.36,719.38,739,738.9653
NVDA,2024-02-13,704,734.5,696.2,721.28,721.2462
NVDA,2024-02-12,726,746.11,712.5,722.48,722.4461
NVDA,2024-02-08,700.74,707.94,694.55,696.41,696.3773
NVDA,2024-02-09,705.33,721.85,702.12,721.33,721.2961
NVDA,2024-02-07,683.19,702.2,676,700.99,700.9571
NVDA,2024-01-19,579.89,595,572.25,594.91,594.8821
AAPL,2024-02-05,188.15,189.25,185.84,187.68,187.1869
NVDA,2024-01-18,572.6,576,561.07,571.07,571.0432
AAPL,2024-02-02,179.86,187.33,179.25,185.85,185.3617
AAPL,2024-02-01,183.99,186.95,183.82,186.86,186.3691
NVDA,2024-01-22,600.49,603.31,590.7,596.54,596.512
AAPL,2024-01-31,187.04,187.1,184.35,184.4,183.9155
AAPL,2024-01-30,190.94,191.8,187.47,188.04,187.546
AAPL,2024-01-29,192.01,192.2,189.58,191.73,191.2263
NVDA,2024-02-05,682.25,694.97,672.05,693.32,693.2875
NVDA,2024-02-02,639.74,666,636.9,661.6,661.569
NVDA,2024-02-01,621,631.91,616.5,630.27,630.2404
NVDA,2024-01-17,563.47,564.7068,547.4,560.53,560.5037
NVDA,2024-01-16,550.18,568.3499,549,563.82,563.7935
NVDA,2024-01-31,614.4,622.6902,607,615.27,615.2411
NVDA,2024-01-30,629,634.93,622.6,627.74,627.7105
NVDA,2024-01-29,612.32,624.89,609.07,624.65,624.6207
NVDA,2024-01-26,609.6,617.83,605.73,610.31,610.2814
NVDA,2024-01-25,623.5,627.19,608.5,616.17,616.1411
NVDA,2024-01-24,603.04,628.49,599.38,613.62,613.5912
NVDA,2024-01-23,595.7,599.1,585.85,598.73,598.7019
NVDA,2024-02-06,696.3,697.5399,663,682.23,682.198
AAPL,2024-01-23,195.02,195.75,193.83,195.18,194.6672
AAPL,2024-01-19,189.33,191.95,188.82,191.56,191.0567
AAPL,2024-01-22,192.3,195.33,192.26,193.89,193.3806
AAPL,2024-01-18,186.09,189.14,185.83,188.63,188.1344
AAPL,2024-01-17,181.27,182.93,180.3,182.68,182.2001
AAPL,2024-01-16,182.16,184.26,180.93,183.63,183.1476
NVDA,2024-01-12,546.2,549.7,543.3008,547.1,547.0743
AAPL,2024-01-12,186.06,186.74,185.19,185.92,185.4316
AAPL,2024-01-11,186.54,187.05,183.62,185.59,185.1024
AAPL,2024-01-09,183.92,185.15,182.73,185.14,184.6536
AAPL,2024-01-10,184.35,186.4,183.92,186.19,185.7008
NVDA,2024-01-11,549.99,553.46,535.6,548.22,548.1943
NVDA,2024-01-09,524.01,543.25,516.9,531.4,531.3751
NVDA,2024-01-10,536.16,546,534.89,543.5,543.4745
NVDA,2024-01-08,495.12,522.75,494.79,522.53,522.5055
AAPL,2024-01-08,182.09,185.6,181.5,185.56,185.0725
AAPL,2023-12-28,194.14,194.66,193.17,193.58,193.0714
AAPL,2023-12-26,193.61,193.89,192.83,193.05,192.5428
AAPL,2023-12-27,192.49,193.5,191.09,193.15,192.6426
AAPL,2023-12-22,195.18,195.41,192.97,193.6,193.0914
NVDA,2023-12-05,454.66,466,452.71,465.66,465.6381
AAPL,2024-01-05,181.99,182.76,180.17,181.18,180.704
AAPL,2024-01-04,182.15,183.09,180.88,181.91,181.4321
AAPL,2024-01-03,184.22,185.88,183.43,184.25,183.7659
AAPL,2024-01-02,187.15,188.44,183.89,185.64,185.1523
AAPL,2023-12-29,193.9,194.4,191.73,192.53,192.0242
NVDA,2023-12-04,460.77,460.77,450.1,455.1,455.0386
NVDA,2024-01-05,484.62,495.47,483.0601,490.97,490.947
NVDA,2023-12-01,465.25,472,461.87,467.65,467.587
AAPL,2023-12-13,195.09,198,194.85,197.96,197.4399
NVDA,2024-01-04,477.67,485,475.08,479.98,479.9575
NVDA,2024-01-03,474.85,481.841,473.2,475.69,475.6677
NVDA,2024-01-02,492.44,492.95,475.95,481.68,481.6574
NVDA,2023-12-29,498.13,499.97,487.51,495.22,495.1968
AAPL,2023-12-12,193.08,194.72,191.72,194.71,194.1985
AAPL,2023-12-11,193.11,193.49,191.42,193.18,192.6725
AAPL,2023-12-08,194.2,195.99,193.67,195.71,195.1958
AAPL,2023-12-21,196.1,197.08,193.5,194.68,194.1685
NVDA,2023-11-30,480.24,481.1,464.22,467.7,467.6369
AAPL,2023-12-20,196.9,197.68,194.83,194.83,194.3181
AAPL,2023-12-19,196.16,196.95,195.89,196.94,196.4226
AAPL,2023-12-18,196.09,196.63,194.39,195.89,195.3754
AAPL,2023-12-15,197.53,198.4,197,197.57,197.0509
NVDA,2023-12-28,496.43,498.8399,494.12,495.22,495.1968
NVDA,2023-12-26,489.68,496,489.6,492.79,492.7669
NVDA,2023-12-27,495.11,496.8,490.85,494.17,494.1468
NVDA,2023-12-22,491.95,493.83,484.67,488.3,488.2771
NVDA,2023-11-29,483.79,487.62,478.6,481.4,481.3351
AAPL,2023-12-14,198.02,199.62,196.16,198.11,197.5895
NVDA,2023-11-28,482.36,483.229,474.73,478.21,478.1455
NVDA,2023-11-27,478,485.3,476.52,482.42,482.355
NVDA,2023-12-19,494.24,497,488.95,496.04,496.0167
AAPL,2023-12-07,193.63,195,193.59,194.27,193.7596
NVDA,2023-12-18,494,504.3299,491.5,500.77,500.7465
NVDA,2023-12-15,481.94,494.04,481.2,488.9,488.8771
NVDA,2023-12-21,488.11,490.95,484.19,489.9,489.877
AAPL,2023-12-06,194.45,194.76,192.11,192.32,191.8147
NVDA,2023-12-20,496.55,499.99,480.98,481.11,481.0874
NVDA,2023-12-14,483.9,486.7,474.22,483.5,483.4773
NVDA,2023-12-13,476.29,485.94,476.08,480.88,480.8574
NVDA,2023-12-12,460.46,476.66,460.46,476.57,476.5476
NVDA,2023-12-11,474.91,475.31,458.3,466.27,466.2481
AAPL,2023-12-04,189.98,190.05,187.45,189.43,188.9323
NVDA,2023-12-08,465.95,477.4085,465.5,475.06,475.0377
AAPL,2023-11-24,190.87,190.9,189.25,189.97,189.4709
AAPL,2023-12-05,190.21,194.4,190.18,193.42,192.9118
AAPL,2023-12-01,190.33,191.56,189.23,191.24,190.7376
AAPL,2023-11-30,189.84,190.32,188.19,189.95,189.451
AAPL,2023-11-29,190.9,192.09,188.97,189.37,188.8725
AAPL,2023-11-28,189.78,191.08,189.4,190.4,189.8998
AAPL,2023-11-27,189.92,190.67,188.9,189.79,189.2914
AAPL,2023-11-22,191.49,192.93,190.83,191.31,190.8074
NVDA,2023-12-07,457,466.29,456.04,465.96,465.9381
NVDA,2023-12-06,472.145,473.87,454.12,455.03,455.0086
AAPL,2023-11-21,191.41,191.52,189.74,190.64,190.1392
NVDA,2023-11-24,484.7,489.21,477.45,477.76,477.6956
AAPL,2023-11-20,189.89,191.91,189.88,191.45,190.947
AAPL,2023-11-16,189.57,190.96,188.65,189.71,189.2116
AAPL,2023-11-17,190.25,190.38,188.57,189.69,189.1916
AAPL,2023-11-15,187.85,189.5,187.78,188.01,187.5161
AAPL,2023-11-14,187.7,188.11,186.3,187.44,186.9476
AAPL,2023-11-13,185.82,186.03,184.21,184.8,184.3145
AAPL,2023-11-10,183.97,186.57,183.53,186.4,185.9103
AAPL,2023-11-09,182.96,184.12,181.81,182.41,181.6914
NVDA,2023-11-22,498.52,503.3494,476.9,487.16,487.0943
NVDA,2023-11-15,499.35,499.6,482,488.88,488.8141
NVDA,2023-11-13,483.2,491.16,480.9901,486.2,486.1345
NVDA,2023-11-21,501.26,505.17,492.22,499.44,499.3727
NVDA,2023-11-14,496.8,498.34,490.4001,496.56,496.4931
NVDA,2023-11-10,475,484.72,472.8301,483.35,483.2848
NVDA,2023-11-09,474.67,482.3,467.5,469.5,469.4367
AAPL,2023-11-08,182.35,183.45,181.59,182.89,182.1695
NVDA,2023-11-17,495.24,497.17,490.07,492.98,492.9135
NVDA,2023-11-20,493.12,505.48,491.8101,504.09,504.022
NVDA,2023-11-16,486.79,495.2469,483.3,494.8,494.7333
AAPL,2023-11-07,179.18,182.44,178.97,181.82,181.1037
AAPL,2023-11-06,176.38,179.43,176.21,179.23,178.5239
NVDA,2023-11-07,457.19,462.18,451.575,459.55,459.488
AAPL,2023-11-03,174.24,176.82,173.35,176.65,175.9541
AAPL,2023-11-02,175.52,177.78,175.46,177.57,176.8705
AAPL,2023-11-01,171,174.23,170.12,173.97,173.2847
AAPL,2023-10-31,169.35,170.9,167.9,170.77,170.0973
AAPL,2023-10-30,169.02,171.17,168.87,170.29,169.6191
AAPL,2023-10-27,166.91,168.96,166.83,168.22,167.5573
NVDA,2023-11-06,452.845,459.35,448.99,457.51,457.4483
AAPL,2023-10-26,170.37,171.38,165.67,166.89,166.2325
NVDA,2023-11-03,440.2,453.0899,437.23,450.05,449.9893
NVDA,2023-11-01,408.84,423.81,408.69,423.25,423.1929
NVDA,2023-10-31,404.5,408.79,392.3001,407.8,407.745
NVDA,2023-10-30,410.87,417.66,404.81,411.61,411.5545
NVDA,2023-10-27,411.3,412.06,400.15,405,404.9454
AAPL,2023-10-11,178.2,179.85,177.6,179.8,179.0917
NVDA,2023-11-02,433.28,438.84,428.94,435.06,435.0013
NVDA,2023-10-26,418.53,422.5555,398.8019,403.26,403.2056
NVDA,2023-11-08,461,468.67,459.68,465.74,465.6772
NVDA,2023-10-25,433.98,436.5,415.55,417.79,417.7337
AAPL,2023-10-23,170.91,174.01,169.93,173,172.3185
AAPL,2023-10-20,175.31,175.42,172.64,172.88,172.1989
AAPL,2023-10-19,176.04,177.84,175.19,175.46,174.7688
AAPL,2023-10-18,175.58,177.58,175.11,175.84,175.1473
AAPL,2023-10-17,176.65,178.42,174.8,177.15,176.4521
AAPL,2023-10-16,176.75,179.08,176.51,178.72,178.0159
AAPL,2023-10-13,181.42,181.93,178.14,178.85,178.1454
AAPL,2023-10-12,180.07,182.34,179.04,180.71,179.9981
AAPL,2023-10-10,178.1,179.72,177.95,178.39,177.6872
AAPL,2023-10-25,171.88,173.06,170.65,171.1,170.426
AAPL,2023-10-24,173.05,173.67,171.45,173.44,172.7567
NVDA,2023-10-23,412.29,432.4799,409.45,429.75,429.6921
NVDA,2023-10-20,418.9,424.7,410.78,413.87,413.8142
NVDA,2023-10-19,428.11,432.97,418.82,421.01,420.9532
NVDA,2023-10-24,430.77,436.97,426.91,436.63,436.5711
AAPL,2023-09-21,174.55,176.3,173.86,173.93,173.2448
NVDA,2023-10-18,425.91,432.19,418.25,421.96,421.9031
NVDA,2023-10-17,440,447.54,424.8,439.38,439.3208
NVDA,2023-10-13,469.6,471.16,452.8,454.61,454.5487
NVDA,2023-10-16,450.63,462.25,449.12,460.95,460.8879
NVDA,2023-10-12,467.77,476.09,463.3,469.45,469.3867
NVDA,2023-10-11,461.96,468.59,460.5,468.06,467.9969
NVDA,2023-10-10,453.1,462.59,450.88,457.98,457.9183
NVDA,2023-10-09,448.42,456.05,443.68,452.73,452.669
NVDA,2023-10-06,441.93,457.89,440.26,457.62,457.5583
AAPL,2023-10-09,176.81,179.05,175.8,178.99,178.2849
AAPL,2023-10-06,173.8,177.99,173.18,177.49,176.7908
AAPL,2023-10-05,173.79,175.45,172.68,174.91,174.2209
AAPL,2023-10-04,171.09,174.21,170.97,173.66,172.9759
AAPL,2023-10-03,172.26,173.63,170.82,172.4,171.7208
AAPL,2023-10-02,171.22,174.3,170.93,173.75,173.0655
AAPL,2023-09-29,172.02,173.07,170.34,171.21,170.5355
AAPL,2023-09-28,169.34,172.03,167.62,170.69,170.0176
NVDA,2023-09-28,424.6,434.4631,421.15,430.89,430.8319
AAPL,2023-09-20,179.26,179.7,175.4,175.49,174.7987
NVDA,2023-10-05,440.5,449,438.88,446.88,446.8198
AAPL,2023-09-19,177.52,179.63,177.13,179.07,178.3646
AAPL,2023-09-18,176.48,179.38,176.17,177.97,177.2689
NVDA,2023-10-04,437.42,441.43,432.9201,440.41,440.3506
NVDA,2023-10-03,448.08,451.3,432.46,435.17,435.1113
AAPL,2023-09-15,176.48,176.5,173.82,175.01,174.3206
NVDA,2023-08-15,445.6,452.68,437.1,439.4,439.3046
NVDA,2023-10-02,440.3,451.75,438.61,447.82,447.7596
NVDA,2023-09-29,438.27,441.44,433.0694,434.99,434.9314
AAPL,2023-09-27,172.62,173.04,169.05,170.43,169.7586
AAPL,2023-09-26,174.82,175.2,171.66,171.96,171.2826
AAPL,2023-09-14,174,176.1,173.58,175.74,175.0477
NVDA,2023-08-14,404.86,438,403.11,437.53,437.435
AAPL,2023-09-25,174.2,176.97,174.15,176.08,175.3863
AAPL,2023-09-13,176.51,177.3,173.98,174.21,173.5237
AAPL,2023-09-22,174.67,177.08,174.05,174.79,174.1014
NVDA,2023-09-25,415.91,425.36,411.77,422.22,422.1631
NVDA,2023-09-22,415.72,421.15,412.31,416.1,416.0439
NVDA,2023-09-21,415.83,421,409.8,410.17,410.1147
NVDA,2023-09-20,436,439.03,422.23,422.39,422.3331
NVDA,2023-09-19,438.33,439.66,430.02,435.2,435.1413
NVDA,2023-09-27,423.3,428.72,416.2901,424.68,424.6227
NVDA,2023-09-26,420.01,428.2,416.55,419.11,419.0535
AAPL,2023-09-12,179.49,180.13,174.82,176.3,175.6055
AAPL,2023-09-11,180.07,180.3,177.34,179.36,178.6534
NVDA,2023-09-18,427.48,442.42,420,439.66,439.6007
NVDA,2023-09-14,459.5,459.8699,451.31,455.81,455.7485
NVDA,2023-09-15,453.41,455.99,438.08,439,438.9408
AAPL,2023-09-08,178.35,180.24,177.79,178.18,177.4781
AAPL,2023-09-01,189.49,189.92,188.28,189.46,188.7136
AAPL,2023-08-31,187.84,189.12,187.48,187.87,187.1299
AAPL,2023-09-07,175.18,178.21,173.54,177.56,176.8605
AAPL,2023-09-06,188.4,188.85,181.47,182.91,182.1894
AAPL,2023-08-30,184.94,187.85,184.74,187.65,186.9108
AAPL,2023-09-05,188.28,189.98,187.61,189.7,188.9527
NVDA,2023-09-08,459.42,466.06,452.71,455.72,455.6586
NVDA,2023-09-07,455.25,463.44,451.52,462.41,462.3477
NVDA,2023-09-06,484.41,485.49,465.8,470.61,470.5466
NVDA,2023-09-13,446,459.3,445.03,454.85,454.7887
NVDA,2023-09-12,447.38,456.73,445.31,448.7,448.6395
NVDA,2023-08-10,421.6,435.74,418.35,423.88,423.7879
NVDA,2023-09-05,482.23,488.5081,478.6,485.48,485.3746
NVDA,2023-08-09,442.74,443.12,421.34,425.54,425.4476
NVDA,2023-09-11,461.48,461.63,443.12,451.78,451.7191
NVDA,2023-09-01,497.62,498,481.416,485.09,484.9846
NVDA,2023-08-11,417.51,420.18,406.39,408.55,408.4613
AAPL,2023-08-28,180.09,180.59,178.55,180.19,179.4801
AAPL,2023-08-29,179.7,184.9,179.5,184.12,183.3947
AAPL,2023-08-25,177.38,179.15,175.82,178.61,177.9064
AAPL,2023-08-24,180.67,181.1,176.01,176.38,175.6852
AAPL,2023-08-23,178.52,181.55,178.33,181.12,180.4065
AAPL,2023-08-22,177.06,177.68,176.25,177.23,176.5318
AAPL,2023-08-21,175.07,176.13,173.74,175.84,175.1473
NVDA,2023-08-31,493.8,497.44,489.58,493.55,493.4428
NVDA,2023-08-30,490.44,499.27,484.25,492.64,492.533
AAPL,2023-08-18,172.3,175.1,171.96,174.49,173.8026
NVDA,2023-08-22,481.35,481.87,453.331,456.68,456.5808
AAPL,2023-08-17,177.14,177.51,173.48,174,173.3145
AAPL,2023-08-16,177.13,178.54,176.5,176.57,175.8744
NVDA,2023-08-21,444.94,470.65,442.22,469.67,469.568
NVDA,2023-08-18,426.35,435.7799,416.6,432.99,432.896
NVDA,2023-08-28,464.82,469.8,448.88,468.35,468.2483
NVDA,2023-08-29,466.66,490.81,463.9101,487.84,487.734
NVDA,2023-08-25,470.12,478.05,450.24,460.18,460.08
NVDA,2023-08-17,439.7,440.62,430.01,433.435,433.3409
NVDA,2023-08-16,445.2,446.75,434.06,434.86,434.7655
NVDA,2023-08-24,502.16,502.66,471.59,471.63,471.5276
NVDA,2023-08-08,448.53,452.42,440.5601,446.64,446.543
NVDA,2023-08-23,458.66,472,452.08,471.16,471.0577
AAPL,2023-08-15,178.88,179.48,177.05,177.45,176.7509
AAPL,2023-08-14,177.97,179.69,177.31,179.46,178.753
AAPL,2023-08-11,177.32,178.62,176.55,177.79,177.0896
NVDA,2023-08-07,451.11,455.4,445.6345,454.165,454.0664
AAPL,2023-08-10,179.48,180.75,177.6,177.97,177.0298
NVDA,2023-08-04,449.85,456.42,443.93,446.8,446.703
AAPL,2023-08-09,180.87,180.93,177.01,178.19,177.2487
AAPL,2023-08-08,179.69,180.27,177.58,179.8,178.8502
AAPL,2023-08-07,182.13,183.13,177.35,178.85,177.9052
NVDA,2023-08-03,438,451.18,438,445.15,445.0533
NVDA,2023-08-02,458.31,458.4,433.87,442.69,442.5938
AAPL,2023-08-04,185.52,187.38,181.92,181.99,181.0286
NVDA,2023-08-01,464.595,469,460.27,465.07,464.969
AAPL,2023-08-03,191.57,192.37,190.69,191.17,190.1601
AAPL,2023-08-02,195.04,195.18,191.85,192.58,191.5627
AAPL,2023-08-01,196.24,196.73,195.28,195.61,194.5767
AAPL,2023-07-31,196.06,196.49,195.26,196.45,195.4122
AAPL,2023-07-28,194.67,196.63,194.14,195.83,194.7955
AAPL,2023-07-26,193.67,195.64,193.32,194.5,193.4725
AAPL,2023-07-27,196.02,197.2,192.55,193.22,192.1993
AAPL,2023-07-19,193.1,198.23,192.65,195.1,194.0693
NVDA,2023-07-31,467.54,471.3,465.0601,467.29,467.1885
AAPL,2023-07-25,193.33,194.44,192.92,193.62,192.5972
AAPL,2023-07-24,193.41,194.91,192.25,192.75,191.7318
NVDA,2023-07-28,466.68,470.27,463.81,467.5,467.3985
NVDA,2023-07-26,460.21,460.53,446.3,454.52,454.4213
AAPL,2023-07-21,194.1,194.97,191.23,191.94,190.926
AAPL,2023-07-20,195.09,196.47,192.5,193.13,192.1098
NVDA,2023-07-27,465.19,473.95,457.5,459,458.9003
NVDA,2023-07-25,449.41,461.825,449.23,456.79,456.6908
AAPL,2023-07-17,191.9,194.32,191.81,193.99,192.9652
NVDA,2023-07-24,447.31,451.09,440.4,446.12,446.0231
AAPL,2023-07-14,190.23,191.18,189.63,190.69,189.6826
NVDA,2023-07-21,457.88,458.66,441,443.09,442.9938
AAPL,2023-06-28,187.93,189.9,187.6,189.25,188.2503
NVDA,2023-07-20,465.07,470.87,450.62,455.2,455.1011
NVDA,2023-07-19,474.64,478.18,467.42,470.77,470.6677
NVDA,2023-07-06,418.44,421.79,413.46,421.03,420.9386
NVDA,2023-07-05,421.35,431.77,420.85,423.17,423.0781
NVDA,2023-07-03,425.17,428.98,422.02,424.13,424.0379
AAPL,2023-07-13,190.5,191.19,189.78,190.54,189.5334
AAPL,2023-07-12,189.68,191.7,188.47,189.77,188.7675
AAPL,2023-07-11,189.16,189.3,186.6,188.08,187.0864
AAPL,2023-07-10,189.26,189.99,187.04,188.61,187.6136
AAPL,2023-07-07,191.41,192.67,190.24,190.68,189.6727
AAPL,2023-07-06,189.84,192.02,189.2,191.81,190.7967
AAPL,2023-07-05,191.57,192.98,190.62,191.33,190.3193
AAPL,2023-07-03,193.78,193.88,191.76,192.46,191.4433
NVDA,2023-07-17,462.89,464.96,452.6241,464.61,464.5091
NVDA,2023-07-14,465.828,480.88,450.6,454.69,454.5912
AAPL,2023-06-27,185.89,188.39,185.67,188.06,187.0665
AAPL,2023-06-26,186.83,188.05,185.23,185.27,184.2913
AAPL,2023-06-23,185.55,187.56,185.01,186.68,185.6938
NVDA,2023-07-13,445.18,461.55,444.92,459.77,459.6701
AAPL,2023-06-22,183.74,187.05,183.67,187,186.0121
NVDA,2023-07-12,430.33,439.35,427.7728,439.02,438.9246
NVDA,2023-07-11,424.81,427.58,420.67,424.05,423.9579
AAPL,2023-06-21,184.9,185.41,182.59,183.96,182.9882
NVDA,2023-07-10,426.57,428.11,416.49,421.8,421.7084
AAPL,2023-06-20,184.41,186.1,184.41,185.01,184.0326
NVDA,2023-07-07,423.22,432.14,421.8,425.03,424.9377
AAPL,2023-06-30,191.63,194.48,191.26,193.97,192.9453
AAPL,2023-06-16,186.73,186.99,184.27,184.92,183.9431
AAPL,2023-06-29,189.08,190.07,188.94,189.59,188.5885
AAPL,2022-09-13,159.9,160.54,153.37,153.84,152.3303
NVDA,2023-06-20,429.98,439.9,426.74,438.08,437.9848
NVDA,2023-06-29,415.58,416,406,408.22,408.1313
NVDA,2023-06-16,434.5,437.21,426.605,426.92,426.8273
AAPL,2023-06-15,183.96,186.52,183.78,186.01,185.0274
NVDA,2023-06-28,406.6,418.45,405.18,411.17,411.0807
NVDA,2023-06-27,407.99,419.4,404.48,418.76,418.669
NVDA,2023-06-26,424.61,427.64,401,406.32,406.2317
NVDA,2023-06-23,424.64,428.09,420.15,422.09,421.9983
NVDA,2023-06-22,422.53,434.255,422.34,430.25,430.1566
NVDA,2023-06-21,435.01,436.15,420.8,430.45,430.3565
NVDA,2023-06-30,416.8,425.5,415.01,423.02,422.9281
AAPL,2023-06-14,183.37,184.39,182.02,183.95,182.9782
AAPL,2023-06-12,181.27,183.89,180.97,183.79,182.8191
AAPL,2023-06-13,182.8,184.15,182.44,183.31,182.3416
AAPL,2023-06-09,181.5,182.23,180.63,180.96,180.004
AAPL,2023-06-08,177.9,180.84,177.46,180.57,179.6161
AAPL,2023-06-07,178.44,181.21,177.32,177.82,176.8806
NVDA,2023-05-16,288.41,298.7,288.32,292.13,292.0363
AAPL,2023-06-06,179.97,180.12,177.43,179.21,178.2633
AAPL,2023-06-05,182.63,184.95,178.04,179.58,178.6313
AAPL,2023-06-02,181.03,181.78,179.26,180.95,179.9941
NVDA,2023-05-17,295.84,301.99,294.3001,301.78,301.6832
NVDA,2023-06-13,401.86,411.01,397.4,410.22,410.1309
NVDA,2023-06-12,392,395.2999,386.18,394.82,394.7342
NVDA,2023-06-15,426.02,432.89,421.47,426.53,426.4374
NVDA,2023-06-14,408.24,430,405.52,429.97,429.8766
NVDA,2023-06-09,390.37,397.11,385.67,387.7,387.6158
NVDA,2023-06-07,389.15,394.99,373.56,374.75,374.6686
NVDA,2023-06-08,377.24,388.64,375.05,385.1,385.0164
NVDA,2023-06-06,388.3,391.6,381.48,386.54,386.4161
AAPL,2023-05-25,172.41,173.9,171.69,172.99,172.0761
AAPL,2023-05-26,173.32,175.77,173.11,175.43,174.5033
AAPL,2023-05-23,173.13,173.38,171.28,171.56,170.6537
AAPL,2023-05-24,171.09,172.42,170.52,171.84,170.9322
NVDA,2023-06-02,400.97,405,390.5801,393.27,393.1439
NVDA,2023-06-05,389.09,395.6503,387.07,391.71,391.5844
NVDA,2023-05-31,394.88,402.95,378.22,378.34,378.2187
AAPL,2023-05-31,177.33,179.35,176.76,177.25,176.3136
AAPL,2023-06-01,177.7,180.12,176.93,180.09,179.1386
AAPL,2023-05-30,176.96,178.99,176.57,177.3,176.3634
AAPL,2023-05-19,176.39,176.39,174.94,175.16,174.2347
AAPL,2023-05-22,173.98,174.71,173.45,174.2,173.2798
AAPL,2023-05-18,173,175.24,172.58,175.05,174.1253
NVDA,2023-05-30,405.95,419.38,399.49,401.11,400.9814
NVDA,2023-06-01,384.89,400.5,383.4,397.7,397.5725
NVDA,2023-02-06,208.06,215.7,207.86,210.89,210.7866
AAPL,2023-05-05,170.98,174.3,170.76,173.57,172.4146
NVDA,2023-05-26,378.9,391.7,375.5,389.46,389.3351
NVDA,2023-05-25,385.23,394.8,366.35,379.8,379.6782
NVDA,2023-05-23,310,312.88,306.31,306.88,306.7816
NVDA,2023-05-24,302.1,306.07,298.06,305.38,305.2821
AAPL,2023-05-16,171.99,173.14,171.8,172.07,171.161
AAPL,2023-05-17,171.71,172.93,170.42,172.69,171.7777
AAPL,2023-05-08,172.48,173.85,172.11,173.5,172.3451
AAPL,2023-05-04,164.89,167.04,164.31,165.79,164.6864
NVDA,2023-05-15,285.085,289.69,281.52,289.53,289.4372
AAPL,2023-05-15,173.16,173.21,171.47,172.07,171.161
AAPL,2023-05-12,173.62,174.06,171,172.57,171.6584
AAPL,2023-05-11,173.85,174.59,172.17,173.75,172.5934
AAPL,2023-05-10,173.02,174.03,171.9,173.56,172.4047
AAPL,2023-05-09,173.05,173.54,171.6,171.77,170.6266
NVDA,2023-05-19,315.36,315.8,309.16,312.64,312.5397
NVDA,2023-05-22,309.01,315.2,306.8,311.76,311.66
NVDA,2023-05-18,304.1,318.28,303.2,316.78,316.6784
NVDA,2023-05-12,285.29,287.8,280.46,283.4,283.3091
NVDA,2023-05-10,290.05,291.13,284.6128,288.85,288.7574
NVDA,2023-05-09,288.99,289.73,284.5,285.71,285.6184
AAPL,2023-05-03,169.5,170.92,167.16,167.45,166.3353
AAPL,2023-05-02,170.09,170.35,167.54,168.54,167.4181
AAPL,2023-05-01,169.28,170.45,168.64,169.59,168.4611
NVDA,2023-05-11,288.96,289.5,282.46,285.78,285.6884
AAPL,2023-04-18,166.1,167.41,165.65,166.47,165.3619
AAPL,2023-04-28,168.49,169.85,167.88,169.68,168.5505
AAPL,2023-04-27,165.19,168.56,165.19,168.41,167.2889
AAPL,2023-04-26,163.06,165.28,162.8,163.76,162.6699
AAPL,2023-04-25,165.19,166.31,163.73,163.77,162.6798
AAPL,2023-04-24,165,165.6,163.89,165.33,164.2294
AAPL,2023-04-21,165.05,166.45,164.49,165.02,163.9215
AAPL,2023-04-20,166.09,167.87,165.56,166.65,165.5407
NVDA,2023-02-03,210,217.4499,207.89,211,210.8965
NVDA,2023-04-24,270.13,273.6599,266.7101,270.42,270.3333
NVDA,2023-04-21,269.52,271.83,267.22,271.19,271.103
NVDA,2023-04-20,276.71,280.3,270,271.04,270.9531
NVDA,2023-02-02,210,219.49,207,217.09,216.9835
NVDA,2023-05-05,278.255,287.55,277.31,286.8,286.708
NVDA,2023-05-08,285.22,292.2,283.5,291.51,291.4165
NVDA,2023-05-04,276.51,278.59,272.4,275.62,275.5316
AAPL,2023-01-24,140.31,143.16,140.3,142.53,141.3654
NVDA,2023-05-03,278.4,283.67,274.72,278.02,277.9309
NVDA,2023-05-02,286.8,288.3599,280.83,282.1,282.0095
NVDA,2023-05-01,278.4,290.5844,277.8,289.1,289.0073
AAPL,2023-04-17,165.09,165.39,164.03,165.23,164.1301
AAPL,2023-04-14,164.59,166.32,163.82,165.21,164.1102
NVDA,2023-04-28,272.25,277.58,270.7148,277.49,277.401
NVDA,2023-04-27,273.63,274.95,266.2501,272.26,272.1727
NVDA,2023-04-25,270.78,272.47,262.25,262.41,262.3259
NVDA,2023-04-26,270.02,273.3,267.051,269.56,269.4736
AAPL,2023-04-13,161.63,165.8,161.42,165.56,164.4579
AAPL,2023-04-12,161.22,162.06,159.78,160.1,159.0343
AAPL,2023-04-11,162.35,162.36,160.51,160.8,159.7296
AAPL,2023-04-10,161.42,162.03,160.08,162.03,160.9514
AAPL,2023-04-05,164.74,165.05,161.8,163.76,162.6699
AAPL,2023-04-06,162.43,164.96,162,164.66,163.5639
NVDA,2023-04-05,268.29,269.98,263.95,268.81,268.7238
AAPL,2023-04-19,165.8,168.16,165.54,167.63,166.5141
NVDA,2023-04-19,273.61,280,272.32,279.31,279.2204
NVDA,2023-04-18,275.335,281.1,273.57,276.67,276.5813
NVDA,2023-04-17,265.655,270.06,264.3318,270.02,269.9334
AAPL,2023-04-03,164.27,166.29,164.22,166.17,165.0639
NVDA,2023-04-13,267.34,268.869,263.29,264.63,264.5451
NVDA,2023-04-14,265.04,268.83,262.2,267.58,267.4942
NVDA,2023-04-12,273.7,274.6799,264.475,264.95,264.865
NVDA,2023-04-11,277.235,277.9,271.26,271.69,271.6029
NVDA,2023-04-10,268.23,276.2099,266.69,275.79,275.7016
AAPL,2023-04-04,166.6,166.84,165.11,165.63,164.5275
NVDA,2023-04-06,265.84,270.8,264.27,270.37,270.2833
AAPL,2023-03-30,161.53,162.47,161.27,162.36,161.2792
AAPL,2023-03-29,159.37,161.05,159.35,160.77,159.6998
AAPL,2023-03-31,162.44,165,161.91,164.9,163.8023
NVDA,2023-03-30,272.29,274.99,271.02,273.83,273.7422
AAPL,2023-03-28,157.97,158.49,155.98,157.65,156.6006
AAPL,2023-03-27,159.94,160.77,157.87,158.28,157.2264
AAPL,2023-03-24,158.86,160.34,157.85,160.25,159.1833
AAPL,2023-03-23,158.83,161.55,157.68,158.93,157.8721
AAPL,2023-03-22,159.3,162.14,157.81,157.83,156.7794
NVDA,2023-03-29,268.25,270.78,265.97,269.84,269.7535
NVDA,2023-03-27,268.37,270,263.65,265.31,265.2249
NVDA,2023-04-03,275.09,280,273.36,279.65,279.5603
NVDA,2023-04-04,279.66,280,273.07,274.53,274.442
NVDA,2023-03-28,264.47,265.13,258.5,264.1,264.0153
NVDA,2023-02-01,196.91,211.92,196.11,209.43,209.3273
NVDA,2023-03-24,270.31,271.67,263.55,267.79,267.7041
NVDA,2023-03-31,271.4,278.3431,271.05,277.77,277.6809
AAPL,2023-03-16,152.16,156.46,151.64,155.85,154.8126
NVDA,2023-01-31,191.695,196.87,189.5,195.37,195.2742
AAPL,2023-03-15,151.19,153.25,149.92,152.99,151.9716
NVDA,2023-03-23,271.155,274.99,266.9,271.91,271.8228
NVDA,2023-03-22,264.25,275.89,262.37,264.68,264.5951
AAPL,2023-03-13,147.81,153.14,147.7,150.47,149.4684
AAPL,2023-03-14,151.28,153.4,150.1,152.59,151.5743
NVDA,2023-03-21,261.8,263.92,253.81,261.99,261.906
AAPL,2023-03-10,150.21,150.94,147.61,148.5,147.5115
AAPL,2023-03-09,153.56,154.54,150.23,150.59,149.5876
AAPL,2023-03-08,152.81,153.47,151.83,152.87,151.8524
AAPL,2023-03-21,157.32,159.4,156.54,159.28,158.2197
AAPL,2023-03-20,155.07,157.82,154.15,157.4,156.3522
AAPL,2023-03-17,156.08,156.74,154.28,155,153.9682
NVDA,2023-03-20,256.15,260.24,251.2983,259,258.9169
NVDA,2023-03-17,259.82,263.99,256.68,257.25,257.1675
AAPL,2023-02-23,150.09,150.34,147.24,149.4,148.4055
NVDA,2023-03-16,240.27,255.88,238.94,255.41,255.3281
NVDA,2023-03-15,237.61,242.86,233.6,242.28,242.2023
AAPL,2023-03-07,153.7,154.03,151.13,151.6,150.5908
AAPL,2023-03-06,153.79,156.3,153.46,153.83,152.806
AAPL,2023-02-22,148.87,149.95,147.16,148.91,147.9188
AAPL,2023-02-21,150.2,151.3,148.41,148.48,147.4916
AAPL,2023-03-03,148.04,151.11,147.33,151.03,150.0246
AAPL,2023-03-02,144.38,146.71,143.9,145.91,144.9387
AAPL,2023-03-01,146.83,147.23,145.01,145.31,144.3427
AAPL,2023-02-28,147.05,149.08,146.83,147.41,146.4287
AAPL,2023-02-27,147.71,149.17,147.45,147.92,146.9353
AAPL,2023-02-24,147.11,147.19,145.72,146.71,145.7334
NVDA,2023-03-02,224.88,233.804,224.32,233.14,233.0257
NVDA,2023-03-01,231.92,232.5557,225.08,226.98,226.8687
NVDA,2023-03-13,227.52,232.98,222.97,229.66,229.5864
NVDA,2023-03-14,234.96,242.19,234.6,240.63,240.5528
NVDA,2023-03-10,234.09,236.27,227.26,229.65,229.5764
NVDA,2023-03-09,241.75,244.54,233.8284,234.36,234.2849
NVDA,2023-03-08,234.87,242,234.235,241.81,241.7325
NVDA,2023-01-30,199.5,201.4,191.5,191.62,191.526
NVDA,2023-03-07,236,241.25,232.41,232.88,232.8053
NVDA,2023-01-27,194.62,206.28,194.05,203.65,203.5501
AAPL,2023-02-17,152.35,153,150.85,152.55,151.5345
NVDA,2023-01-26,197.01,201.66,192.78,198.02,197.9229
NVDA,2023-03-06,238.91,242.48,234.87,235.54,235.4245
AAPL,2023-02-16,153.51,156.33,153.35,153.71,152.6868
NVDA,2023-02-28,233.72,238.25,232.06,232.16,232.0461
NVDA,2023-02-27,236.7,238.7994,234.54,235.01,234.8947
AAPL,2023-02-15,153.11,155.5,152.88,155.33,154.296
NVDA,2023-02-24,232.25,234.74,229.47,232.86,232.7458
NVDA,2023-02-23,234.4,238.88,230.25,236.64,236.5239
NVDA,2023-02-22,207.07,211.04,204.21,207.54,207.4382
NVDA,2023-01-25,189.125,193.7,185.8,193.23,193.1352
NVDA,2023-03-03,233.2,239,231.3,238.9,238.7828
AAPL,2023-02-14,152.12,153.77,150.86,153.2,152.1802
AAPL,2023-02-13,150.95,154.26,150.92,153.85,152.8259
NVDA,2023-02-21,210,214.938,206.18,206.55,206.4487
AAPL,2023-02-10,149.46,151.34,149.22,151.01,150.0048
AAPL,2023-02-08,153.88,154.58,151.17,151.92,150.6787
AAPL,2023-02-07,150.64,155.23,150.64,154.65,153.3864
NVDA,2023-02-10,216.9,220.7764,208.11,212.65,212.5457
NVDA,2023-02-17,216.31,217.4,209.75,213.88,213.7751
NVDA,2023-02-16,221.33,225.5,219.268,220.02,219.9121
NVDA,2023-02-08,223.87,228.78,220.0801,222.05,221.9411
NVDA,2023-02-07,213.82,222.59,211.5,221.73,221.6213
AAPL,2023-02-09,153.78,154.33,150.42,150.87,149.6372
AAPL,2023-02-06,152.57,153.1,150.78,151.73,150.4902
NVDA,2023-02-15,225.49,228.55,221.06,227.64,227.5284
NVDA,2023-02-14,215.78,230.488,213.66,229.71,229.5973
NVDA,2023-02-13,215.38,220.48,209.62,217.88,217.7731
AAPL,2023-02-03,148.03,157.38,147.83,154.5,153.2376
AAPL,2023-02-02,148.9,151.18,148.17,150.82,149.5876
AAPL,2023-02-01,143.97,146.61,141.32,145.43,144.2417
AAPL,2023-01-23,138.12,143.32,137.9,141.11,139.957
AAPL,2023-01-31,142.7,144.34,142.28,144.29,143.111
AAPL,2023-01-30,144.96,145.55,142.85,143,141.8315
AAPL,2023-01-27,143.16,147.23,143.08,145.93,144.7376
NVDA,2023-02-09,226.06,230.2,221.2,223.37,223.2605
AAPL,2023-01-26,143.17,144.25,141.9,143.96,142.7837
AAPL,2023-01-20,135.28,138.02,134.22,137.87,136.7435
AAPL,2023-01-25,140.89,142.43,138.81,141.86,140.7009
AAPL,2023-01-19,134.08,136.25,133.77,135.27,134.1647
AAPL,2023-01-18,136.82,138.61,135.03,135.21,134.1052
AAPL,2023-01-17,134.83,137.29,134.13,135.94,134.8292
NVDA,2023-01-24,188.27,194.95,188.2,192.65,192.5555
AAPL,2023-01-13,132.03,134.92,131.66,134.76,133.6589
AAPL,2022-09-12,159.59,164.26,159.3,163.43,161.8262
AAPL,2023-01-12,133.88,134.26,131.44,133.41,132.3199
AAPL,2023-01-11,131.25,133.51,130.46,133.49,132.3992
AAPL,2023-01-10,130.26,131.26,128.12,130.73,129.6618
NVDA,2023-01-13,162.78,169.22,161.65,168.99,168.9071
NVDA,2023-01-23,180.64,192.45,178.175,191.93,191.8359
AAPL,2023-01-09,130.47,133.41,129.89,130.15,129.0865
NVDA,2023-01-12,161,166.37,154.92,165.11,165.029
NVDA,2023-01-11,158.395,160.28,155.63,160.01,159.9315
NVDA,2023-01-20,170.11,178.56,168.25,178.39,178.3025
NVDA,2023-01-10,155.07,159.6199,154.72,159.09,159.012
AAPL,2023-01-06,126.01,130.29,124.89,129.62,128.5609
NVDA,2023-01-19,170.36,171.97,167.31,167.65,167.5678
NVDA,2023-01-18,176.67,178.73,172.82,173.77,173.6848
NVDA,2023-01-17,168.99,177.28,168.99,177.02,176.9332
AAPL,2023-01-04,126.89,128.66,125.08,126.36,125.3275
AAPL,2023-01-05,127.13,127.77,124.76,125.02,123.9985
AAPL,2022-09-08,154.64,156.36,152.68,154.46,152.9442
AAPL,2023-01-03,130.28,130.9,124.17,125.07,124.048
NVDA,2023-01-06,144.74,150.1,140.34,148.59,148.5171
AAPL,2022-12-30,128.41,129.95,127.43,129.93,128.8683
AAPL,2022-12-22,134.35,134.56,130.3,132.23,131.1495
NVDA,2023-01-04,145.67,148.53,142.41,147.49,147.4177
NVDA,2023-01-09,152.84,160.56,151.41,156.28,156.2034
AAPL,2022-12-29,127.99,130.48,127.73,129.61,128.551
NVDA,2023-01-05,144.91,145.64,141.4795,142.65,142.58
NVDA,2023-01-03,148.51,149.96,140.96,143.15,143.0798
AAPL,2022-12-28,129.67,131.03,125.87,126.04,125.0101
AAPL,2022-12-27,131.38,131.41,128.72,130.03,128.9675
AAPL,2022-12-23,130.92,132.42,129.64,131.86,130.7826
NVDA,2022-12-30,143.34,146.2899,142.33,146.14,146.0683
AAPL,2022-09-09,155.47,157.82,154.75,157.37,155.8256
NVDA,2022-12-21,161.14,166.27,161.02,165.01,164.9291
AAPL,2022-12-16,136.69,137.65,133.73,134.51,133.4109
AAPL,2022-12-15,141.11,141.8,136.03,136.5,135.3847
NVDA,2022-12-22,160.935,161.38,148.82,153.39,153.3148
AAPL,2022-12-14,145.35,146.66,141.16,143.21,142.0398
AAPL,2022-12-13,149.5,149.97,144.24,145.47,144.2814
AAPL,2022-12-12,142.7,144.5,141.06,144.49,143.3094
AAPL,2022-12-09,142.34,145.57,140.9,142.16,140.9984
NVDA,2022-12-12,170.37,175.38,167.97,175.35,175.264
NVDA,2022-12-29,144.02,146.83,142.27,146.03,145.9584
NVDA,2022-12-28,139.27,142.62,138.84,140.36,140.2912
NVDA,2022-12-27,150.74,151,140.56,141.21,141.1407
NVDA,2022-12-23,151.96,153.39,148.83,152.06,151.9854
AAPL,2022-12-21,132.98,136.81,132.75,135.45,134.3432
AAPL,2022-12-20,131.39,133.25,129.89,132.3,131.219
AAPL,2022-12-19,135.11,135.2,131.32,132.37,131.2884
AAPL,2022-12-08,142.36,143.52,141.1,142.65,141.4844
NVDA,2022-12-20,160.64,163.1,158.52,160.85,160.7711
NVDA,2022-12-19,165.72,166.09,161.45,162.54,162.4603
AAPL,2022-12-01,148.21,149.13,146.61,148.31,147.0982
NVDA,2022-12-09,171.6,175.83,169.75,170.01,169.9266
NVDA,2022-12-08,162.73,171.79,159.59,171.69,171.6058
NVDA,2022-12-16,168.642,170.41,164.1,165.71,165.6287
AAPL,2022-11-30,141.4,148.72,140.55,148.03,146.8204
NVDA,2022-12-15,171.46,173.2,167,169.52,169.4369
AAPL,2022-11-29,144.29,144.81,140.35,141.17,140.0165
AAPL,2022-12-07,142.19,143.37,140,140.94,139.7884
AAPL,2022-11-28,145.14,146.64,143.38,144.22,143.0416
AAPL,2022-11-25,148.31,148.88,147.12,148.11,146.8998
NVDA,2022-11-28,160.26,163.57,157.25,158.27,158.1519
AAPL,2022-12-06,147.07,147.3,141.92,142.91,141.7423
AAPL,2022-12-05,147.77,150.92,145.77,146.63,145.4319
AAPL,2022-12-02,145.96,148,145.65,147.81,146.6022
AAPL,2022-09-07,154.82,156.67,153.61,155.96,154.4295
NVDA,2022-12-02,166.59,169.3257,164.45,168.76,168.6772
NVDA,2022-09-14,132.54,132.8999,129.13,131.28,131.1821
NVDA,2022-12-14,179.87,182.52,174.2,176.74,176.6533
NVDA,2022-12-13,185.31,187.9,177.11,180.72,180.6314
NVDA,2022-11-25,163.18,164.87,161.72,162.7,162.5786
AAPL,2022-11-22,148.13,150.42,146.93,150.18,148.9529
AAPL,2022-11-23,149.45,151.83,149.34,151.07,149.8356
NVDA,2022-12-07,157.72,161.86,156.67,161.2,161.1209
NVDA,2022-12-01,169.99,172.65,166.35,171.35,171.266
AAPL,2022-11-21,150.16,150.37,147.72,148.01,146.8006
NVDA,2022-11-30,156.97,169.3,155.97,169.23,169.147
NVDA,2022-11-29,158.27,159.32,155.2,156.39,156.2733
NVDA,2022-12-06,165.3,165.73,158.19,159.87,159.7916
NVDA,2022-12-05,166.79,169.95,164.7201,166.1,166.0185
AAPL,2022-11-18,152.31,152.7,149.97,151.29,150.0538
NVDA,2022-11-23,160.98,165.27,160.4801,165.19,165.0668
AAPL,2022-11-16,149.13,149.87,147.29,148.79,147.5742
AAPL,2022-11-17,146.43,151.48,146.15,150.72,149.4885
NVDA,2022-11-17,157.15,162.66,155.35,156.77,156.653
AAPL,2022-11-15,152.22,153.59,148.56,150.04,148.814
AAPL,2022-11-14,148.97,150.28,147.43,148.28,147.0684
NVDA,2022-11-16,161.615,163.62,158.73,159.1,158.9813
AAPL,2022-11-11,145.82,150.01,144.37,149.7,148.4768
AAPL,2022-11-10,141.24,146.87,139.5,146.87,145.6699
AAPL,2022-11-09,138.5,138.55,134.59,134.87,133.768
NVDA,2022-11-15,167.215,169.98,163.82,166.66,166.5357
NVDA,2022-11-22,153.28,160.5757,151.216,160.38,160.2603
NVDA,2022-11-21,151.47,154.77,150.8,153.17,153.0557
NVDA,2022-11-14,162.18,165.4,159.22,162.95,162.8284
NVDA,2022-11-18,159.66,160.02,151.2001,154.09,153.975
NVDA,2022-11-11,158.075,163.89,154.82,163.27,163.1482
NVDA,2022-11-10,148,157.73,145.47,157.5,157.3825
AAPL,2022-11-01,155.08,155.45,149.13,150.65,149.1716
AAPL,2022-10-26,150.96,151.99,148.04,149.35,147.8843
AAPL,2022-10-31,153.16,154.24,151.92,153.34,151.8352
AAPL,2022-10-28,148.2,157.5,147.82,155.74,154.2116
AAPL,2022-11-08,140.41,141.43,137.49,139.5,138.3601
AAPL,2022-11-07,137.11,139.15,135.67,138.92,137.7849
AAPL,2022-11-04,142.09,142.67,134.38,138.38,137.2493
NVDA,2022-11-08,148.01,148.9101,142.16,146.02,145.9111
AAPL,2022-11-03,142.06,142.8,138.75,138.88,137.5171
AAPL,2022-10-27,148.07,149.05,144.13,144.8,143.379
NVDA,2022-11-07,142.28,144.12,139.54,143.01,142.9033
NVDA,2022-11-09,141.615,142.11,137.5901,137.76,137.6572
AAPL,2022-11-02,148.95,152.17,145,145.03,143.6067
NVDA,2022-11-04,139.86,142.29,136.97,141.56,141.4544
NVDA,2022-11-03,130.43,137.81,129.56,134.21,134.1099
NVDA,2022-11-02,138.5,142.1,132.1124,132.19,132.0914
AAPL,2022-10-18,145.49,146.7,140.61,143.75,142.3393
NVDA,2022-10-27,136.3,138.38,131.22,131.76,131.6617
AAPL,2022-10-25,150.09,152.49,149.36,152.34,150.845
AAPL,2022-10-17,141.07,142.9,140.27,142.41,141.0124
AAPL,2022-10-24,147.19,150.23,146,149.45,147.9834
AAPL,2022-10-21,142.87,147.85,142.65,147.27,145.8248
AAPL,2022-09-06,156.47,157.09,153.69,154.53,153.0135
AAPL,2022-10-14,144.31,144.52,138.19,138.38,137.022
NVDA,2022-11-01,138.11,139.25,135.19,135.43,135.329
AAPL,2022-10-13,134.99,143.59,134.37,142.99,141.5868
NVDA,2022-10-31,137.78,138.38,132.97,134.97,134.8693
NVDA,2022-10-28,131.04,138.5,130.61,138.34,138.2368
AAPL,2022-10-20,143.02,145.89,142.65,143.39,141.9828
AAPL,2022-10-19,141.69,144.95,141.5,143.86,142.4482
AAPL,2022-10-11,139.9,141.35,138.22,138.98,137.6161
NVDA,2022-10-26,128.69,133.88,127.08,128.96,128.8638
NVDA,2022-10-19,118.79,123.5,118.34,120.51,120.4201
AAPL,2022-10-10,140.42,141.89,138.57,140.42,139.042
NVDA,2022-10-18,123.44,124.92,116.18,119.67,119.5807
AAPL,2022-10-12,139.13,140.36,138.16,138.34,136.9824
NVDA,2022-10-25,126.935,133,126.64,132.61,132.5111
AAPL,2022-10-07,142.54,143.1,139.45,140.09,138.7152
AAPL,2022-10-06,145.81,147.54,145.22,145.43,144.0028
NVDA,2022-10-24,125.08,127.1,120.64,125.99,125.896
AAPL,2022-10-05,144.07,147.38,143.01,146.4,144.9633
NVDA,2022-10-21,120.982,124.98,118.87,124.66,124.567
NVDA,2022-10-20,121.13,127.69,121.05,121.94,121.849
NVDA,2022-10-17,115.18,119.48,115.17,118.88,118.7913
NVDA,2022-10-14,120.57,121.11,112.04,112.27,112.1862
NVDA,2022-10-12,115.79,117.35,113.45,115,114.9142
AAPL,2022-10-04,145.03,146.22,144.26,146.1,144.6662
NVDA,2022-10-13,109.71,120.7799,108.13,119.6,119.5108
AAPL,2022-09-28,147.64,150.64,144.84,149.84,148.3695
NVDA,2022-10-11,115.61,118.46,112.83,115.86,115.7736
AAPL,2022-09-30,141.28,143.1,138,138.2,136.8438
AAPL,2022-10-03,138.21,143.07,137.69,142.45,141.0521
NVDA,2022-10-04,128.79,132.2,128.79,131.67,131.5718
AAPL,2022-09-29,146.1,146.72,140.68,142.48,141.0818
NVDA,2022-10-10,120.37,121.2432,114.0812,116.7,116.6129
NVDA,2022-10-07,125.05,126.7,120.22,120.76,120.6699
NVDA,2022-09-30,120.87,126.33,120.75,121.39,121.2994
NVDA,2022-10-06,132.2,136.56,131.03,131.3,131.202
NVDA,2022-10-03,123.47,126.78,121.05,125.12,125.0267
NVDA,2022-09-29,124.48,125,119.4601,122.2,122.1088
NVDA,2022-10-05,129.107,133.21,126.21,132.09,131.9915
AAPL,2022-09-27,152.74,154.72,149.95,151.76,150.2707
AAPL,2022-09-26,149.66,153.77,149.64,150.77,149.2904
AAPL,2022-09-16,151.21,151.35,148.37,150.7,149.2211
AAPL,2022-09-15,154.65,155.24,151.38,152.37,150.8747
AAPL,2022-09-22,152.38,154.47,150.91,152.74,151.2411
AAPL,2022-09-23,151.19,151.47,148.56,150.43,148.9537
NVDA,2022-09-23,124.2,126.11,122.57,125.16,125.0666
AAPL,2022-09-21,157.34,158.74,153.6,153.72,152.2115
NVDA,2022-09-28,124.1,128.23,123.5386,127.36,127.265
NVDA,2022-09-26,124.91,126.59,122.14,122.28,122.1888
NVDA,2022-09-22,130.7,131.4897,124.28,125.61,125.5163
NVDA,2022-09-21,132.13,140.31,131.1,132.61,132.5111
AAPL,2022-09-20,153.4,158.08,153.08,156.9,155.3602
AAPL,2022-03-23,167.99,172.64,167.65,170.21,168.0589
NVDA,2022-09-09,141.57,144.74,141.26,143.87,143.7627
AAPL,2022-09-14,154.79,157.1,153.61,155.31,153.7858
NVDA,2022-09-27,125.07,127.36,122.58,124.13,124.0374
AAPL,2022-09-19,149.31,154.56,149.1,154.48,152.964
NVDA,2022-09-20,132.145,134.8276,130.57,131.76,131.6617
NVDA,2022-09-08,134.59,140.08,133.69,139.9,139.7956
NVDA,2022-04-05,272.54,273.19,258.2,259.31,258.9848
NVDA,2022-09-07,135.63,138.38,133.46,137.14,137.0377
NVDA,2022-09-19,130.12,134.63,130.1,133.82,133.7202
NVDA,2022-09-16,127.415,132.12,126.17,131.98,131.8815
NVDA,2022-09-15,130.152,132.3299,127.9,129.29,129.1935
NVDA,2022-09-06,137.31,137.79,133.51,134.65,134.5096
AAPL,2022-09-02,159.75,160.36,154.97,155.81,154.2809
AAPL,2022-09-01,156.64,158.42,154.67,157.96,156.4098
AAPL,2022-08-31,160.31,160.58,157.14,157.22,155.6771
AAPL,2022-08-30,162.13,162.56,157.72,158.91,157.3505
NVDA,2022-09-13,138.02,139.22,130.99,131.31,131.212
AAPL,2022-08-16,172.78,173.71,171.66,173.03,171.332
NVDA,2022-09-12,143.69,145.47,141.98,145.05,144.9418
AAPL,2022-08-22,169.69,169.86,167.14,167.57,165.9255
NVDA,2022-09-02,141,141.71,135.91,136.47,136.3277
NVDA,2022-09-01,142.09,143.8,132.7021,139.37,139.2246
NVDA,2022-08-31,153.84,155.4,149.5851,150.94,150.7826
AAPL,2022-08-29,161.15,162.9,159.82,161.38,159.7963
AAPL,2022-08-26,170.57,171.05,163.56,163.62,162.0143
AAPL,2022-08-25,168.78,170.14,168.35,170.03,168.3614
AAPL,2022-08-24,167.32,168.11,166.25,167.53,165.8859
NVDA,2022-08-29,160.2,163.38,157.67,158.01,157.8452
NVDA,2022-08-25,168.44,179.47,168.33,179.13,178.9432
AAPL,2022-08-23,167.08,168.71,166.65,167.23,165.5889
NVDA,2022-08-30,159.6,160.39,151.82,154.68,154.5187
AAPL,2022-08-19,173.03,173.74,171.31,171.52,169.8368
AAPL,2022-08-18,173.75,174.9,173.12,174.15,172.441
AAPL,2022-08-17,172.77,176.15,172.57,174.55,172.837
NVDA,2022-08-26,178.57,179.24,162.37,162.6,162.4304
NVDA,2022-08-24,170.12,174.06,168.95,172.22,172.0404
NVDA,2022-08-23,169.885,174.65,169.7,171.81,171.6308
AAPL,2022-08-08,166.37,167.81,164.2,164.87,163.252
NVDA,2022-08-19,184.06,185.2,177.7,178.49,178.3038
NVDA,2022-08-18,183.01,188.6499,181.83,187.73,187.5342
NVDA,2022-08-17,185.23,186.88,181.45,183.35,183.1588
AAPL,2022-08-05,163.21,165.85,163,165.35,163.7273
AAPL,2022-08-15,171.52,173.39,171.35,173.19,171.4904
AAPL,2022-08-12,169.82,172.17,169.4,172.1,170.4111
AAPL,2022-08-11,170.06,170.99,168.19,168.49,166.8365
AAPL,2022-08-10,167.68,169.34,166.9,169.24,167.5791
NVDA,2022-08-22,174.9,175.58,169.66,170.34,170.1623
AAPL,2022-08-04,166.01,167.19,164.43,165.81,163.9551
AAPL,2022-08-03,160.84,166.59,160.75,166.13,164.2715
NVDA,2022-08-04,188.49,192.74,187.6,192.15,191.9496
AAPL,2022-08-09,164.02,165.82,163.25,164.92,163.3015
NVDA,2022-08-16,189.195,191.42,185.01,188.79,188.5931
NVDA,2022-08-10,176.98,181.18,173.1701,180.97,180.7813
NVDA,2022-08-05,188.1,192.2892,186.66,189.89,189.692
NVDA,2022-08-03,181.84,189.68,181.37,188.93,188.733
NVDA,2022-08-09,172.52,174.4719,167.24,170.86,170.6818
AAPL,2022-08-01,161.01,163.59,160.89,161.51,159.7032
NVDA,2022-04-04,267.28,275.58,266.13,273.6,273.2569
AAPL,2022-07-29,161.24,163.63,159.5,162.51,160.692
AAPL,2022-08-02,160.1,162.41,159.63,160.01,158.2199
NVDA,2022-08-15,187.01,191.64,186.13,190.32,190.1215
AAPL,2022-07-28,156.98,157.64,154.41,157.35,155.5897
AAPL,2022-07-27,152.58,157.33,152.16,156.79,155.036
AAPL,2022-07-26,152.26,153.09,150.8,151.6,149.904
NVDA,2022-08-12,181.6,187.18,179.53,187.09,186.8949
NVDA,2022-08-11,181.31,187.07,178.76,179.42,179.2329
NVDA,2022-08-08,175.02,182.39,172.42,177.93,177.7444
NVDA,2022-08-02,181.22,189.3753,180.92,185.26,185.0668
NVDA,2022-07-26,168.89,169.19,164.78,165.33,165.1576
AAPL,2022-07-25,154.01,155.04,152.28,152.95,151.2389
NVDA,2022-07-25,170.19,171.24,166.49,170.24,170.0625
AAPL,2022-07-21,154.5,155.57,151.94,155.35,153.6121
AAPL,2022-07-22,155.39,156.28,153.41,154.09,152.3662
AAPL,2022-07-20,151.12,153.72,150.37,153.04,151.3279
AAPL,2022-07-19,147.92,151.23,146.91,151,149.3107
NVDA,2022-07-21,178.85,181.44,175.4456,180.5,180.3118
NVDA,2022-08-01,181.82,188.46,179.9,184.41,184.2177
NVDA,2022-07-29,178.13,182.44,176.92,181.63,181.4406
NVDA,2022-07-28,179.75,181.4,174.4,179.84,179.6524
NVDA,2022-07-27,170.32,179.36,169.1301,177.9,177.7145
AAPL,2022-07-18,150.74,151.57,146.7,147.07,145.4247
NVDA,2022-07-22,178.93,179.67,171.365,173.19,173.0094
NVDA,2022-07-20,169.47,179.325,168.01,178.07,177.8843
AAPL,2022-07-05,137.77,141.61,136.93,141.56,139.9764
AAPL,2022-07-15,149.78,150.86,148.2,150.17,148.49
AAPL,2022-07-14,144.08,148.95,143.25,148.47,146.809
AAPL,2022-07-13,142.99,146.45,142.12,145.49,143.8624
NVDA,2022-07-18,163.02,168.97,160.02,161.01,160.8421
NVDA,2022-07-15,156.59,157.82,154.45,157.62,157.4556
AAPL,2022-07-12,145.76,148.45,145.05,145.86,144.2282
NVDA,2022-07-19,164.86,171.1,161.7201,169.92,169.7428
AAPL,2022-07-08,145.26,147.55,145,147.04,145.395
AAPL,2022-07-07,143.29,146.55,143.28,146.35,144.7128
AAPL,2022-07-06,141.35,144.12,141.08,142.92,141.3211
NVDA,2022-07-14,151.08,154.7299,147.28,153.72,153.5597
NVDA,2022-07-13,145.9,153.75,144.65,151.64,151.4819
NVDA,2022-07-12,152.68,154.31,148.77,150.82,150.6627
AAPL,2022-07-11,145.67,146.64,143.78,144.87,143.2493
AAPL,2022-06-23,136.82,138.59,135.63,138.27,136.7232
NVDA,2022-07-11,155.26,155.2699,150.3801,151.52,151.362
NVDA,2022-04-01,273.75,274.96,262.67,267.12,266.785
AAPL,2022-07-01,136.04,139.04,135.66,138.93,137.3758
AAPL,2022-06-22,134.79,137.76,133.91,135.35,133.8358
AAPL,2022-06-21,133.42,137.06,133.32,135.87,134.35
AAPL,2022-06-30,137.25,138.37,133.77,136.72,135.1905
AAPL,2022-06-14,133.13,133.89,131.48,132.76,131.2748
AAPL,2022-06-29,137.46,140.67,136.67,139.23,137.6724
AAPL,2022-06-28,142.13,143.42,137.32,137.44,135.9024
AAPL,2022-06-27,142.7,143.49,140.97,141.66,140.0752
NVDA,2022-07-05,141.75,149.71,140.55,149.64,149.4839
AAPL,2022-06-24,139.9,141.91,139.77,141.66,140.0752
NVDA,2022-06-24,165,171.4,163.1,171.26,171.0814
NVDA,2022-07-08,154.3,160.3699,153.89,158.38,158.2148
NVDA,2022-07-07,154.555,159.45,153.89,158.58,158.4146
NVDA,2022-07-06,150.1,153.1899,147.89,151.3,151.1422
AAPL,2022-06-17,130.07,133.08,129.81,131.56,130.0882
NVDA,2022-07-01,148.99,150.6291,143.92,145.23,145.0785
AAPL,2022-06-15,134.29,137.34,132.16,135.43,133.9149
AAPL,2022-06-13,132.87,135.2,131.44,131.88,130.4046
NVDA,2022-06-17,156.48,159.95,153.28,158.8,158.6344
NVDA,2022-06-30,153.61,155.67,148.62,151.59,151.4319
NVDA,2022-06-29,158.14,158.2,151.7,155.42,155.2579
AAPL,2022-06-10,140.28,140.76,137.06,137.13,135.5959
NVDA,2022-06-28,169,172.0199,159.45,159.82,159.6533
AAPL,2022-06-09,147.08,147.95,142.53,142.64,141.0443
NVDA,2022-06-27,173.12,173.3,166.255,168.69,168.5141
NVDA,2022-06-23,165.185,165.85,158.53,162.25,162.0808
NVDA,2022-06-22,162.26,166.62,161.8,163.6,163.4294
NVDA,2022-06-21,164.745,170.08,164.07,165.66,165.4872
NVDA,2022-06-09,184.81,189.33,180.41,180.48,180.2918
AAPL,2022-06-16,132.08,132.39,129.04,130.06,128.605
NVDA,2022-06-16,158.6,159.4232,154.01,156.01,155.8473
AAPL,2022-06-07,144.35,149,144.1,148.71,147.0464
AAPL,2022-06-06,147.03,148.57,144.9,146.14,144.5051
AAPL,2022-06-08,148.58,149.87,147.46,147.96,146.3048
NVDA,2022-06-07,184.72,190,181.88,189.26,189.0227
AAPL,2022-06-03,146.9,147.97,144.46,145.38,143.7536
NVDA,2022-06-15,160.95,168.68,159.26,165.27,165.0976
NVDA,2022-06-14,157.31,160.66,154.12,158.36,158.1948
NVDA,2022-06-06,191.39,193.37,185.642,187.86,187.6244
NVDA,2022-06-13,160,163.12,156.06,156.47,156.3068
NVDA,2022-06-08,187.99,191.8,185.35,186.48,186.2855
AAPL,2022-06-02,147.83,151.27,146.86,151.21,149.5184
NVDA,2022-06-02,182.92,196.19,181.98,195.92,195.6743
NVDA,2022-06-10,176,176.97,168.69,169.74,169.563
AAPL,2022-05-24,140.81,141.97,137.33,140.36,138.7898
AAPL,2022-05-20,139.09,140.7,132.61,137.59,136.0508
AAPL,2022-06-01,149.9,151.74,147.68,148.71,147.0464
AAPL,2022-05-31,149.07,150.66,146.84,148.84,147.1749
AAPL,2022-05-19,139.88,141.66,136.6,137.35,135.8134
AAPL,2022-05-27,145.39,149.68,145.26,149.64,147.966
AAPL,2022-05-26,137.39,144.34,137.14,143.78,142.1715
NVDA,2022-06-01,187.24,190.5318,181.22,183.2,182.9703
NVDA,2022-06-03,190.815,193.323,185.2156,187.2,186.9652
AAPL,2022-05-25,138.43,141.79,138.34,140.52,138.948
NVDA,2022-03-31,277.82,282.48,272.7,272.86,272.5178
NVDA,2022-05-31,189.8,192,183.5,186.72,186.4858
NVDA,2022-05-27,181.86,188.81,181,188.11,187.8741
AAPL,2022-05-23,137.79,143.26,137.65,143.11,141.509
NVDA,2022-05-25,160.2,171.1099,160,169.75,169.5371
NVDA,2022-05-26,160.36,180.92,160.22,178.51,178.2861
AAPL,2022-05-10,155.52,156.74,152.93,154.51,152.7815
AAPL,2022-05-09,154.93,155.83,151.49,152.06,150.3589
AAPL,2022-05-06,156.01,159.44,154.18,157.28,155.5205
NVDA,2022-05-23,162.74,169.15,161.7901,168.98,168.7681
NVDA,2022-05-24,165.1,165.97,157.8,161.54,161.3374
AAPL,2022-05-17,148.86,149.77,146.68,149.24,147.5704
AAPL,2022-05-16,145.55,147.52,144.18,145.54,143.9118
AAPL,2022-05-05,163.85,164.08,154.95,156.77,154.7888
NVDA,2022-05-19,169.37,176.87,167.3405,171.24,171.0253
AAPL,2022-05-12,142.77,146.2,138.8,142.56,140.9652
AAPL,2022-05-13,144.59,148.1,143.11,147.11,145.4643
AAPL,2022-05-11,153.5,155.45,145.81,146.5,144.8611
NVDA,2022-03-30,283.04,284.955,275.03,276.9,276.5528
NVDA,2022-05-20,173.32,174.1,157.55,166.94,166.7306
AAPL,2022-05-18,146.85,147.36,139.9,140.82,139.2446
NVDA,2022-05-18,177.05,181.18,168.64,169.38,169.1676
AAPL,2022-05-03,158.15,160.71,156.32,159.48,157.4645
AAPL,2022-05-02,156.71,158.23,153.27,157.96,155.9637
NVDA,2022-05-05,198.67,199.25,185,188.44,188.2037
NVDA,2022-05-17,180.74,183.71,176.34,181.77,181.5421
NVDA,2022-05-16,175.09,177.88,171.06,172.64,172.4235
AAPL,2022-04-29,161.84,166.2,157.25,157.65,155.6576
NVDA,2022-05-10,176.89,181.98,170.25,175.95,175.7294
NVDA,2022-05-09,180.34,182.55,168.27,169.5,169.2874
AAPL,2022-04-28,159.25,164.52,158.93,163.64,161.5719
AAPL,2022-04-27,155.91,159.79,155.38,156.57,154.5913
AAPL,2022-04-25,161.12,163.17,158.46,162.88,160.8216
AAPL,2022-05-04,159.67,166.48,159.26,166.02,163.9219
NVDA,2022-05-06,187.36,195.12,179.9,186.75,186.5158
NVDA,2022-05-12,162.191,167.88,155.67,161.75,161.5472
NVDA,2022-05-13,167.88,179.2843,165.925,177.06,176.838
NVDA,2022-05-11,173.47,177.53,165.68,166.3,166.0915
AAPL,2022-04-26,162.25,162.34,156.72,156.8,154.8184
AAPL,2022-04-20,168.76,168.88,166.1,167.23,165.1166
AAPL,2022-04-22,166.46,167.87,161.5,161.79,159.7453
NVDA,2022-05-03,194,198.25,191.33,196.02,195.7742
NVDA,2022-05-02,185.405,195.74,183.91,195.33,195.085
NVDA,2022-04-26,197.18,197.88,186.7,187.88,187.6444
NVDA,2022-04-25,192.02,199.45,190.96,199.02,198.7704
NVDA,2022-04-22,203.03,204.86,195,195.15,194.9053
NVDA,2022-04-29,194.02,201.2848,185.17,185.47,185.2374
NVDA,2022-05-04,199.23,204,187.51,203.34,203.085
AAPL,2022-04-21,168.91,171.53,165.91,166.42,164.3168
AAPL,2022-04-19,165.02,167.82,163.91,167.4,165.2844
NVDA,2022-04-28,189.67,200.37,184.8957,197.82,197.5719
NVDA,2022-04-27,185.98,191.67,182.9,184.15,183.9191
AAPL,2022-04-18,163.92,166.6,163.57,165.07,162.9839
NVDA,2022-04-19,217.2,223.73,213.14,221.98,221.7016
AAPL,2022-04-07,171.16,173.36,169.85,172.14,169.9645
NVDA,2022-04-20,225.171,226.7037,212,214.82,214.5506
AAPL,2022-04-06,172.36,173.63,170.13,171.83,169.6584
NVDA,2022-04-21,217.092,223.92,200,201.83,201.5769
AAPL,2022-04-14,170.62,171.27,165.04,165.29,163.2011
AAPL,2022-04-13,167.39,171.04,166.77,170.4,168.2465
NVDA,2022-04-18,212,220.88,210.79,217.83,217.5568
AAPL,2022-04-12,168.02,169.87,166.64,167.66,165.5411
NVDA,2022-04-14,225.05,227.77,211.63,212.58,212.3134
AAPL,2022-04-11,168.71,169.03,165.5,165.75,163.6553
AAPL,2022-04-08,171.78,171.78,169.2,170.09,167.9404
AAPL,2022-04-01,174.03,174.88,171.94,174.31,172.1071
AAPL,2022-03-31,177.84,178.03,174.4,174.61,172.4033
NVDA,2022-04-11,222.14,223.1994,216.6,219.17,218.8952
NVDA,2022-04-08,239.17,239.23,230.6201,231.19,230.9001
AAPL,2022-04-05,177.5,178.3,174.42,175.06,172.8476
NVDA,2022-04-07,244.41,247.22,234.78,242.08,241.7764
NVDA,2022-04-13,217.28,225,214.55,222.03,221.7516
AAPL,2022-04-04,174.57,178.49,174.44,178.44,176.1849
AAPL,2022-03-30,178.55,179.61,176.7,177.77,175.5234
NVDA,2022-04-12,225.37,227.25,212.8204,215.04,214.7703
AAPL,2022-03-29,176.69,179.01,176.34,178.96,176.6983
AAPL,2022-03-24,171.06,174.14,170.21,174.07,171.8701
NVDA,2022-04-06,249.34,253,240.03,244.07,243.7639
NVDA,2022-03-29,286.945,289.46,279.8,286.56,286.2006
AAPL,2022-03-22,165.51,169.42,164.91,168.82,166.6865
NVDA,2022-03-25,278.86,283.58,272.71,276.92,276.5727
NVDA,2022-03-24,261.66,283.1999,259.07,281.5,281.147
AAPL,2022-03-28,172.17,175.73,172,175.6,173.3808
AAPL,2022-03-25,173.88,175.28,172.75,174.72,172.5119
AAPL,2021-08-12,146.19,149.05,145.84,148.89,146.6073
AAPL,2022-03-17,158.61,161,157.63,160.62,158.5901
AAPL,2022-03-16,157.05,160,154.46,159.59,157.5731
AAPL,2022-03-15,150.9,155.57,150.38,155.09,153.13
AAPL,2022-03-21,163.51,166.35,163.01,165.38,163.29
NVDA,2022-03-23,261.26,266.115,255.7501,256.34,256.0185
AAPL,2021-08-11,146.05,146.72,145.53,145.86,143.6238
NVDA,2022-03-28,277.555,282.5,272.06,282.19,281.8361
AAPL,2022-03-18,160.51,164.48,159.76,163.98,161.9076
AAPL,2022-03-14,151.45,154.12,150.1,150.62,148.7165
AAPL,2022-03-09,161.48,163.41,159.41,162.95,160.8907
NVDA,2022-03-18,247.99,265.6899,246.24,264.53,264.1983
NVDA,2022-03-22,267.27,272.38,260.72,265.24,264.9074
AAPL,2022-03-10,160.2,160.39,155.98,158.52,156.5167
AAPL,2022-03-11,158.93,159.28,154.5,154.73,152.7745
NVDA,2022-03-21,265.07,271.5199,259.67,267.34,267.0047
AAPL,2022-03-08,158.82,162.88,155.8,157.44,155.4503
AAPL,2021-08-10,146.44,147.71,145.3,145.6,143.3678
NVDA,2022-03-17,241.2,248.42,239.06,247.66,247.3494
NVDA,2022-03-16,235,245.97,231.72,244.96,244.6528
NVDA,2022-03-15,215.18,230.38,213.2201,229.73,229.4419
NVDA,2022-03-08,213.09,223.7299,206.5,215.14,214.8702
NVDA,2022-03-14,218.69,222.62,211.5901,213.3,213.0325
AAPL,2022-03-02,164.39,167.36,162.95,166.56,164.455
AAPL,2022-03-03,168.47,168.91,165.55,166.23,164.1292
AAPL,2022-03-01,164.7,166.6,161.97,163.2,161.1375
NVDA,2022-03-10,225.31,227.88,218.82,226.58,226.2959
NVDA,2022-03-11,230.22,231.45,220.46,221,220.7229
AAPL,2022-03-07,163.36,165.02,159.04,159.3,157.2868
AAPL,2021-08-09,146.2,146.7,145.52,146.09,143.8503
NVDA,2022-03-09,223.87,232.2,222.47,230.14,229.8514
NVDA,2022-03-07,228.17,230.33,213.3,213.52,213.2522
AAPL,2022-03-04,164.49,165.55,162.1,163.17,161.1079
AAPL,2022-02-28,163.06,165.42,162.43,165.12,163.0332
NVDA,2022-03-04,233.84,236.8,224.82,229.36,229.0724
AAPL,2022-02-25,163.84,165.12,160.87,164.85,162.7667
AAPL,2022-02-24,152.58,162.85,152,162.74,160.6833
AAPL,2022-02-23,165.54,166.15,159.75,160.07,158.0471
NVDA,2022-03-02,237.56,244.09,234.15,242.2,241.8963
NVDA,2022-03-03,242.615,243.2599,234.69,237.14,236.8426
NVDA,2022-03-01,242.91,243.77,231.32,234.77,234.4356
AAPL,2022-02-11,172.33,173.08,168.04,168.64,166.5088
NVDA,2022-02-28,239.92,246.65,237.0701,243.85,243.5027
NVDA,2022-02-25,237.21,242.17,233.81,241.57,241.226
NVDA,2022-02-24,210.15,238,208.9,237.48,237.1418
AAPL,2022-02-10,174.14,175.48,171.55,172.12,169.9448
AAPL,2022-02-18,169.82,170.54,166.19,167.3,165.1857
NVDA,2022-02-23,238.02,241.5499,223.01,223.87,223.5512
AAPL,2022-02-22,164.98,166.69,162.15,164.32,162.2434
NVDA,2022-02-22,230.35,240.6399,230,233.9,233.5669
AAPL,2022-02-09,176.05,176.65,174.9,176.28,174.0522
AAPL,2022-02-08,171.73,175.35,171.43,174.83,172.6205
AAPL,2022-02-17,171.03,171.91,168.47,168.88,166.7457
NVDA,2022-02-10,259.95,269.2499,256,258.24,257.8722
AAPL,2022-02-15,170.97,172.95,170.25,172.79,170.6063
AAPL,2022-02-16,171.85,173.34,170.05,172.55,170.3693
AAPL,2022-02-14,167.37,169.58,166.56,168.88,166.7457
NVDA,2022-02-17,256.3,257.85,241.65,245.07,244.721
NVDA,2022-02-18,246.675,249.86,231,236.42,236.0833
NVDA,2022-02-09,256.22,267.25,253.53,267.05,266.6697
NVDA,2022-02-08,243.59,252.3,239.8,251.08,250.7224
AAPL,2022-02-04,171.68,174.1,170.68,172.39,170.2114
NVDA,2022-02-15,249.49,265.45,247.84,264.95,264.5727
AAPL,2022-02-03,174.48,176.24,172.12,172.9,170.4977
NVDA,2022-02-16,262.59,265.82,255.52,265.11,264.7324
NVDA,2022-02-14,239.34,248.75,237.55,242.67,242.3244
AAPL,2022-02-01,174.01,174.84,172.31,174.61,172.1839
AAPL,2022-02-02,174.75,175.88,173.33,175.84,173.3969
AAPL,2022-01-31,170.16,175,169.51,174.78,172.3516
NVDA,2022-02-07,243.72,251.82,242.02,247.28,246.9278
AAPL,2022-01-28,165.71,170.35,162.8,170.33,167.9634
AAPL,2022-01-27,162.45,163.84,158.28,159.22,157.0078
AAPL,2022-01-26,163.5,164.39,157.82,159.69,157.4712
NVDA,2022-02-11,259.16,261.52,237.73,239.49,239.1489
AAPL,2022-02-07,172.86,173.95,170.95,171.66,169.4906
NVDA,2022-02-04,239.72,246.35,236.32,243.19,242.8436
NVDA,2022-02-02,257.94,258.17,245.5301,252.42,252.0605
NVDA,2022-02-01,251.04,251.45,238.9001,246.38,246.0291
NVDA,2022-01-31,231.82,245.09,230.52,244.86,244.5113
AAPL,2022-01-25,158.98,162.76,157.02,159.78,157.56
NVDA,2022-01-27,235.68,239.95,216.75,219.44,219.1275
NVDA,2022-01-26,232.4,240.57,223,227.72,227.3957
NVDA,2022-02-03,244.58,250.77,237.8,239.48,239.1389
NVDA,2022-01-25,225.46,229.43,220,223.24,222.9221
NVDA,2022-01-28,220.122,228.58,212.96,228.4,228.0747
AAPL,2022-01-19,170,171.08,165.94,166.23,163.9204
AAPL,2022-01-24,160.02,162.3,154.7,161.62,159.3744
AAPL,2022-01-14,171.34,173.78,171.09,173.07,170.6653
NVDA,2022-01-24,223.3,233.8,208.88,233.72,233.3871
AAPL,2022-01-21,164.42,166.33,162.3,162.41,160.1534
AAPL,2022-01-20,166.98,169.68,164.18,164.51,162.2243
AAPL,2022-01-13,175.78,176.62,171.79,172.19,169.7976
AAPL,2022-01-12,176.12,177.18,174.82,175.53,173.0912
AAPL,2021-08-06,146.35,147.11,145.63,146.14,143.8995
AAPL,2022-01-18,171.51,172.54,169.41,169.8,167.4408
AAPL,2022-01-11,172.32,175.18,170.82,175.08,172.6474
AAPL,2022-01-10,169.08,172.5,168.17,172.19,169.7976
NVDA,2022-01-12,280.665,285.95,276.08,279.99,279.5912
NVDA,2022-01-18,262.6,266.38,257.7,259.03,258.6611
NVDA,2022-01-19,260.79,265.4317,250.52,250.67,250.313
NVDA,2022-01-21,235.07,248.23,232.63,233.74,233.4071
NVDA,2022-01-20,253.04,255.7904,240.78,241.5,241.1561
NVDA,2022-01-11,273.225,280.65,268.39,278.17,277.7738
NVDA,2022-01-10,265.81,274.69,256.4384,274,273.6098
NVDA,2022-01-14,263,271.969,262.1001,269.42,269.0363
AAPL,2022-01-06,172.7,175.3,171.64,172,169.6102
NVDA,2022-01-13,283.79,284.8,264.98,265.75,265.3715
AAPL,2022-01-07,172.89,174.14,171.03,172.17,169.7778
AAPL,2021-12-31,178.09,179.23,177.26,177.57,175.1028
AAPL,2021-12-30,179.47,180.57,178.09,178.2,175.7241
AAPL,2022-01-05,179.61,180.17,174.64,174.92,172.4896
AAPL,2022-01-03,177.83,182.88,177.71,182.01,179.4811
AAPL,2021-12-29,179.33,180.63,178.14,179.38,176.8877
AAPL,2021-12-28,180.16,181.33,178.53,179.29,176.7989
AAPL,2021-12-27,177.09,180.42,177.07,180.33,177.8245
AAPL,2021-08-05,146.98,147.84,146.17,147.06,144.5888
NVDA,2022-01-07,281.41,284.22,270.57,272.47,272.0819
AAPL,2022-01-04,182.63,182.94,179.12,179.7,177.2032
NVDA,2022-01-03,298.15,307.11,297.85,301.21,300.781
NVDA,2022-01-05,289.49,294.16,275.33,276.04,275.6469
NVDA,2022-01-06,276.4,284.3799,270.65,281.78,281.3787
NVDA,2021-08-17,196.85,197.7,192.67,194.58,194.2448
NVDA,2021-12-29,302.725,305.48,293.66,300.01,299.5827
AAPL,2021-12-23,175.85,176.85,175.27,176.28,173.8307
NVDA,2021-12-28,313.12,313.3,300.1181,303.22,302.7882
NVDA,2021-12-27,296.6,310.865,296.4,309.45,309.0093
NVDA,2022-01-04,302.77,304.68,283.49,292.9,292.4828
AAPL,2021-08-04,147.27,147.79,146.28,146.95,144.4806
AAPL,2021-12-22,173.04,175.86,172.15,175.64,173.1996
AAPL,2021-12-21,171.56,173.2,169.12,172.99,170.5864
AAPL,2021-12-20,168.28,170.58,167.46,169.75,167.3915
NVDA,2021-12-31,296.74,300.3,293.3057,294.11,293.6911
AAPL,2021-12-17,169.93,173.47,169.69,171.14,168.7622
AAPL,2021-12-16,179.28,181.14,170.75,172.26,169.8666
NVDA,2021-12-30,298.27,304.57,295.4,295.86,295.4386
AAPL,2021-12-15,175.11,179.5,172.31,179.3,176.8088
NVDA,2021-12-23,297.55,300.59,294.3101,296.4,295.9779
AAPL,2021-12-14,175.25,177.74,172.21,174.33,171.9078
AAPL,2021-12-13,181.12,182.13,175.53,175.74,173.2982
AAPL,2021-12-10,175.21,179.63,174.69,179.45,176.9567
NVDA,2021-12-21,283.74,291.2,274.01,290.75,290.3359
NVDA,2021-12-17,279.85,289.22,277.6,278.01,277.6141
NVDA,2021-12-16,311.52,311.6,280.93,283.87,283.4657
NVDA,2021-12-15,284,305,278.38,304.59,304.1562
NVDA,2021-12-22,288.91,295.55,284.49,294,293.5813
AAPL,2021-12-08,172.13,175.96,170.7,175.08,172.6474
AAPL,2021-12-09,174.91,176.75,173.92,174.56,172.1346
NVDA,2021-12-14,276.99,286.78,272.5,283.37,282.9664
NVDA,2021-12-13,302.49,302.94,281.16,281.61,281.2089
NVDA,2021-12-20,273.05,281.44,271.45,277.19,276.7952
AAPL,2021-11-29,159.37,161.19,158.79,160.24,158.0136
AAPL,2021-12-06,164.29,167.88,164.28,165.32,163.023
AAPL,2021-11-26,159.57,160.45,156.36,156.81,154.6313
NVDA,2021-12-10,311.5,313.05,298.61,301.98,301.5499
AAPL,2021-12-07,169.08,171.58,168.34,171.18,168.8016
AAPL,2021-12-03,164.02,164.96,159.72,161.84,159.5914
AAPL,2021-12-02,158.74,164.2,157.8,163.76,161.4847
AAPL,2021-12-01,167.48,170.3,164.53,164.77,162.4807
NVDA,2021-12-09,317.34,322.05,304.28,304.9,304.4658
AAPL,2021-11-30,159.99,165.52,159.92,165.3,163.0033
NVDA,2021-12-07,309.57,324.49,306.51,324.27,323.8082
NVDA,2021-12-03,320,321.29,301.3,306.93,306.4929
NVDA,2021-12-08,319.99,322.9,314.2101,318.26,317.8067
NVDA,2021-12-02,312.14,324.7799,310.25,321.26,320.8025
NVDA,2021-12-01,332.1947,332.8934,313.8,314.35,313.9023
AAPL,2021-11-23,161.12,161.8,159.06,161.41,159.1673
NVDA,2021-11-30,331.69,333.53,318.6401,326.76,326.2547
AAPL,2021-11-24,160.75,162.14,159.64,161.94,159.69
NVDA,2021-12-06,298.8,302.41,280.38,300.37,299.9422
NVDA,2021-11-29,323.66,334.12,320.36,333.76,333.2439
AAPL,2021-11-22,161.68,165.7,161,161.02,158.7828
AAPL,2021-11-19,157.65,161.02,156.53,160.55,158.3193
NVDA,2021-11-26,326,327.1,313.5,315.03,314.5428
AAPL,2021-11-18,153.71,158.67,153.05,157.87,155.6765
AAPL,2021-11-17,151,155,150.99,153.49,151.3574
AAPL,2021-11-16,149.94,151.49,149.34,151,148.902
AAPL,2021-11-12,148.43,150.4,147.48,149.99,147.906
AAPL,2021-11-11,148.96,149.43,147.68,147.87,145.8155
NVDA,2021-11-23,315.35,323.6,308.8,317.46,316.9691
NVDA,2021-08-16,201.35,202.87,194.53,199.5,199.1564
NVDA,2021-11-24,314.61,328.55,309.28,326.74,326.2347
NVDA,2021-11-12,300.1,306.8,296.3,303.9,303.43
NVDA,2021-11-11,304.68,305.9,297.7701,303.9,303.43
AAPL,2021-11-15,150.37,151.88,149.43,150,147.9159
NVDA,2021-11-22,335.17,346.47,319,319.56,319.0658
NVDA,2021-11-19,322.43,330.88,319.05,329.85,329.3399
NVDA,2021-11-18,323.67,327.6,313.21,316.75,316.2602
NVDA,2021-11-17,304.18,305.09,288,292.61,292.1575
NVDA,2021-11-16,297.59,303.9,297.0587,302.03,301.5629
AAPL,2021-11-01,148.99,149.7,147.8,148.96,146.6763
AAPL,2021-11-10,150.02,150.13,147.85,147.92,145.8648
NVDA,2021-11-15,305.52,306.44,292.47,300.25,299.7857
AAPL,2021-11-09,150.2,151.43,150.06,150.81,148.7146
AAPL,2021-11-08,151.41,151.57,150.16,150.44,148.3498
AAPL,2021-10-29,147.22,149.94,146.41,149.8,147.5034
AAPL,2021-11-05,151.89,152.2,150.06,151.28,149.1781
AAPL,2021-11-04,151.58,152.43,150.64,150.96,148.6456
AAPL,2021-11-03,150.39,151.97,149.82,151.49,149.1675
AAPL,2021-11-02,148.66,151.57,148.65,150.02,147.72
AAPL,2021-10-28,149.82,153.17,149.72,152.57,150.2309
NVDA,2021-11-10,293.56,308.5,287.78,294.59,294.1344
NVDA,2021-11-05,301.87,314,294.1,297.52,297.0599
NVDA,2021-11-04,272.29,313.65,271.18,298.01,297.5491
NVDA,2021-11-03,266.7,267.84,262.35,265.98,265.5687
NVDA,2021-11-09,322.82,323.1,299.64,306.57,306.0959
NVDA,2021-10-29,250.005,257.09,250,255.67,255.2746
NVDA,2021-11-08,301.49,311,299.07,308.04,307.5636
NVDA,2021-11-02,258.22,266.78,258,264.01,263.6017
AAPL,2021-10-27,149.36,149.73,148.49,148.85,146.5679
NVDA,2021-11-01,256.49,258.94,252.27,258.27,257.8706
NVDA,2021-10-28,248.78,249.5,245.23,249.41,249.0243
AAPL,2021-10-26,149.33,150.84,149.01,149.32,147.0307
AAPL,2021-10-18,143.45,146.84,143.16,146.55,144.3032
AAPL,2021-10-25,148.68,149.37,147.62,148.64,146.3612
AAPL,2021-10-22,149.69,150.18,148.64,148.69,146.4104
AAPL,2021-10-15,143.77,144.9,143.51,144.84,142.6194
AAPL,2021-10-14,142.11,143.88,141.51,143.76,141.556
AAPL,2021-10-21,148.81,149.64,147.87,149.48,147.1883
AAPL,2021-10-20,148.7,149.75,148.12,149.26,146.9717
AAPL,2021-10-19,147.01,149.17,146.55,148.76,146.4793
NVDA,2021-10-22,228.23,231.3,225.61,227.26,226.9086
NVDA,2021-10-27,244.74,250.9,242.8201,244.51,244.1319
NVDA,2021-10-15,218.1,219.31,216.62,218.62,218.2819
NVDA,2021-10-14,212.88,217.55,211.2201,217.46,217.1237
NVDA,2021-10-26,239.89,252.59,239.24,247.17,246.7878
NVDA,2021-10-25,229.73,233.5499,227.7,231.66,231.3017
NVDA,2021-10-21,220.97,227.11,220.83,226.92,226.5691
NVDA,2021-10-20,223.045,224.33,219.82,221.03,220.6882
NVDA,2021-10-19,222.76,223.79,220.37,222.9,222.5553
AAPL,2021-10-13,141.24,141.4,139.2,140.91,138.7497
AAPL,2021-10-04,141.76,142.21,138.27,139.14,137.0068
AAPL,2021-10-12,143.23,143.25,141.04,141.51,139.3405
AAPL,2021-10-11,142.27,144.81,141.81,142.81,140.6205
NVDA,2021-10-18,217.49,222.91,216.44,222.22,221.8763
NVDA,2021-10-12,208.275,210.57,205.28,206.71,206.3903
AAPL,2021-10-06,139.47,142.15,138.37,142,139.823
AAPL,2021-10-08,144.03,144.18,142.56,142.9,140.7092
AAPL,2021-10-07,143.06,144.22,142.72,143.29,141.0932
AAPL,2021-10-05,139.49,142.24,139.36,141.11,138.9466
NVDA,2020-10-16,561.47,564.86,551.7,552.46,137.7573
NVDA,2021-10-06,201.2,207.2,200.8,207,206.6799
NVDA,2021-10-08,211.01,212.06,207.75,208.31,207.9879
NVDA,2021-10-07,210.92,213.22,209.72,210.75,210.4241
NVDA,2021-10-05,199.5,206.48,198.54,204.51,204.1937
AAPL,2021-09-29,142.47,144.45,142.03,142.83,140.6402
AAPL,2021-10-01,141.9,142.92,139.11,142.65,140.463
AAPL,2021-09-30,143.66,144.38,141.28,141.5,139.3306
NVDA,2021-10-13,209.18,209.9,207.13,209.39,209.0662
NVDA,2021-10-01,207.5,208.59,202.03,207.42,207.0992
NVDA,2021-09-30,207.684,210.66,206.88,207.16,206.8396
NVDA,2021-10-11,205.75,210.63,205.11,206.95,206.63
AAPL,2021-09-28,143.25,144.75,141.69,141.91,139.7343
AAPL,2021-09-23,146.65,147.08,145.64,146.83,144.5789
AAPL,2021-09-27,145.47,145.96,143.82,145.37,143.1413
NVDA,2021-10-04,205.04,205.4179,195.55,197.32,197.0149
AAPL,2021-09-22,144.45,146.43,143.7,145.85,143.6139
AAPL,2021-09-21,143.93,144.6,142.78,143.43,141.231
AAPL,2021-09-20,143.8,144.84,141.27,142.94,140.7486
AAPL,2021-09-16,148.44,148.97,147.22,148.79,146.5089
AAPL,2020-10-12,120.06,125.18,119.28,124.4,121.71
AAPL,2021-09-24,145.66,147.47,145.56,146.92,144.6675
NVDA,2021-09-29,209.395,210.17,204.67,205.17,204.8527
NVDA,2021-09-28,212.135,214.19,206.51,206.99,206.6699
AAPL,2021-09-17,148.82,148.82,145.76,146.06,143.8207
NVDA,2021-09-27,217.104,217.99,213.25,216.6,216.265
NVDA,2021-09-16,221.835,222.77,219.27,222.42,222.076
NVDA,2021-09-24,220.7,221.49,218.61,220.81,220.4685
AAPL,2021-09-15,148.56,149.44,146.37,149.03,146.7452
NVDA,2021-09-23,221.4,225.345,218.9,224.82,224.4723
NVDA,2021-09-22,213.655,219.6,211.96,219.41,219.0707
NVDA,2021-09-21,214.165,214.25,209.5,212.46,212.1314
NVDA,2021-09-20,211.46,214.33,206.62,211.13,210.8035
AAPL,2021-09-14,150.35,151.07,146.91,148.12,145.8491
AAPL,2021-09-09,155.49,156.11,153.95,154.07,151.7079
NVDA,2021-09-17,223,223.21,218.3,219,218.6613
AAPL,2021-09-10,155,155.48,148.7,148.97,146.6861
AAPL,2021-09-07,154.97,157.26,154.39,156.69,154.2877
AAPL,2021-09-08,156.98,157.04,153.98,155.11,152.732
AAPL,2021-09-13,150.63,151.42,148.75,149.55,147.2572
AAPL,2021-08-31,152.66,152.8,151.29,151.83,149.5023
AAPL,2021-09-03,153.76,154.63,153.09,154.3,151.9344
AAPL,2021-09-02,153.87,154.72,152.4,153.65,151.2944
NVDA,2021-09-15,223.09,223.6699,219.66,223.41,223.0645
AAPL,2021-09-01,152.83,154.98,152.34,152.51,150.1718
NVDA,2021-09-02,225.18,225.9299,222.945,223.96,223.6137
AAPL,2021-08-30,149,153.49,148.61,153.12,150.7725
NVDA,2021-09-14,222.75,224.1,220.86,222.42,222.076
NVDA,2021-09-13,226.84,229.64,218.58,221.52,221.1774
NVDA,2021-09-10,223.483,226.26,222.7,224.78,224.4324
AAPL,2021-08-25,149.81,150.32,147.8,148.36,146.0855
NVDA,2021-09-01,224.85,226.97,223.565,224.41,224.063
NVDA,2021-09-09,223.12,225.38,221.31,221.77,221.427
NVDA,2021-09-07,228.33,228.99,225.224,226.62,226.2695
AAPL,2021-08-23,148.31,150.19,147.89,149.71,147.4148
AAPL,2021-08-24,149.45,150.86,149.15,149.62,147.3261
NVDA,2021-09-08,225.13,226.1,219.77,223.39,223.0445
NVDA,2021-09-03,223.25,229.86,222,228.43,228.0767
AAPL,2021-08-20,147.44,148.5,146.78,148.19,145.9181
AAPL,2021-08-27,147.48,148.75,146.83,148.6,146.3218
NVDA,2021-08-30,228.3,230.43,225.51,226.88,226.4892
AAPL,2021-08-19,145.03,148,144.5,146.7,144.4509
NVDA,2021-08-31,226.95,226.95,221.2,223.85,223.5038
AAPL,2021-08-18,149.8,150.72,146.15,146.36,144.1161
NVDA,2021-08-27,221.84,227.22,221.67,226.36,225.9701
AAPL,2021-08-26,148.35,149.12,147.51,147.54,145.278
NVDA,2021-08-19,194.94,204.95,187.62,197.98,197.639
AAPL,2021-08-16,148.54,151.19,146.47,151.12,148.8031
NVDA,2021-08-18,195,196.3365,190,190.4,190.072
AAPL,2021-08-17,150.23,151.68,149.09,150.19,147.8874
AAPL,2021-08-13,148.97,149.44,148.27,149.1,146.8141
NVDA,2021-08-26,222,223.4,217.9,220.68,220.2999
NVDA,2021-08-25,217.37,224.7,217.22,222.13,221.7474
NVDA,2021-08-24,217.53,219.59,215.35,217.93,217.5546
NVDA,2021-08-23,209.71,219.97,209.5,219.58,219.2018
AAPL,2021-08-03,145.81,148.04,145.18,147.36,144.8837
NVDA,2021-08-13,199.05,202.1381,198.51,201.88,201.5323
NVDA,2021-08-12,198.7,200.2899,196.2,199.05,198.7071
NVDA,2021-08-11,200.43,200.49,194.3,196.99,196.6507
NVDA,2021-08-10,203.22,204.3,198.3454,199.36,199.0166
NVDA,2021-08-09,204.46,205.0799,201.43,202.95,202.6004
NVDA,2021-08-20,199.91,208.6506,199.33,208.16,207.8014
AAPL,2021-07-28,144.81,146.97,142.54,144.98,142.5437
NVDA,2021-08-05,205,207.33,203.42,206.37,206.0145
AAPL,2021-08-02,146.36,146.95,145.25,145.52,143.0746
AAPL,2021-07-27,149.12,149.21,145.55,146.77,144.3036
AAPL,2021-07-26,148.27,149.83,147.7,148.99,146.4863
AAPL,2021-07-23,147.55,148.72,146.92,148.56,146.0636
NVDA,2021-08-04,199.9,203.18,198.28,202.74,202.3908
NVDA,2021-08-06,205.24,205.7,202.1,203.66,203.3092
AAPL,2021-07-22,145.94,148.2,145.81,146.8,144.3331
NVDA,2021-08-03,197.4,202.22,192.2,198.15,197.8087
AAPL,2021-07-21,145.53,146.13,144.63,145.4,142.9567
AAPL,2021-07-30,144.38,146.33,144.11,145.86,143.4089
NVDA,2021-07-22,196.42,198.87,192.76,195.94,195.6025
AAPL,2021-07-29,144.69,146.55,144.58,145.64,143.1926
NVDA,2021-08-02,197,199.61,193.61,197.5,197.1598
NVDA,2021-07-21,188.82,195.27,187.42,194.1,193.7657
AAPL,2021-07-16,148.46,149.76,145.88,146.39,143.93
NVDA,2021-07-30,194.18,196.3,192.63,194.99,194.6541
AAPL,2021-07-14,148.1,149.57,147.68,149.15,146.6436
AAPL,2021-07-13,144.03,147.46,143.63,145.64,143.1926
AAPL,2021-07-12,146.21,146.32,144,144.5,142.0718
AAPL,2021-07-20,143.46,147.1,142.96,146.15,143.6941
NVDA,2021-07-29,195.19,198.53,193.2803,196.62,196.2813
NVDA,2021-07-28,193.192,196.46,189.95,195.03,194.6941
NVDA,2021-07-27,192.65,196.22,187.41,192.08,191.7491
NVDA,2021-07-26,193.11,194.42,189.14,192.94,192.6077
AAPL,2021-07-15,149.24,150,147.09,148.48,145.9849
NVDA,2021-07-20,187.3,188.38,181.64,186.12,185.7994
AAPL,2021-07-09,142.75,145.65,142.65,145.11,142.6715
AAPL,2021-07-08,141.58,144.06,140.67,143.24,140.833
AAPL,2021-07-07,143.54,144.89,142.66,144.57,142.1406
NVDA,2021-07-19,716.61,761.68,714.62,751.19,187.474
NVDA,2021-07-23,196.564,197,192.5,195.58,195.2431
AAPL,2021-07-19,143.75,144.07,141.67,142.45,140.0562
AAPL,2021-07-06,140.07,143.15,140.07,142.02,139.6335
NVDA,2021-07-16,761.22,766.2844,722.92,726.44,181.2972
NVDA,2021-07-15,792.47,793.88,754.3401,758.65,189.3358
NVDA,2021-07-14,814.31,816.71,790.11,793.66,198.0732
NVDA,2021-07-13,816.02,818.45,804.5601,810,202.1512
NVDA,2021-07-12,809.6,821.31,807.51,820.5,204.7717
NVDA,2021-07-09,798.5,803.205,790.17,802.01,200.1571
NVDA,2021-07-08,794.26,805.32,788.03,796.11,198.6847
AAPL,2021-07-02,137.9,140,137.75,139.96,137.6081
NVDA,2021-07-07,834.14,835,813.282,814.87,203.3666
AAPL,2021-07-01,136.6,137.33,135.76,137.27,134.9633
AAPL,2021-06-29,134.8,136.49,134.35,136.33,134.0391
AAPL,2021-06-28,133.41,135.25,133.35,134.78,132.5151
AAPL,2021-06-25,133.46,133.89,132.81,133.11,130.8732
NVDA,2021-07-06,829.5,833.68,814.01,827.94,206.6285
AAPL,2021-06-30,136.17,137.41,135.87,136.96,134.6585
AAPL,2021-06-24,134.45,134.64,132.93,133.41,131.1681
AAPL,2021-06-21,130.3,132.41,129.21,132.3,130.0768
NVDA,2021-07-02,817.605,820.21,811.51,819.48,204.5171
AAPL,2021-06-23,133.77,134.32,133.23,133.7,131.4533
AAPL,2021-06-22,132.13,134.08,131.62,133.98,131.7286
NVDA,2021-06-24,769.11,776.8,763.53,768.22,191.7242
NVDA,2021-07-01,805,818.24,800.76,808.48,201.7719
NVDA,2021-06-30,799.965,806.5,794.55,800.1,199.6805
NVDA,2021-06-29,795.3,803.95,786.275,801.07,199.9225
NVDA,2021-06-28,774.45,803.15,772.76,799.4,199.5058
NVDA,2021-06-25,771.22,773.82,755.775,761.24,189.9822
NVDA,2021-06-23,760.31,766.11,756.31,762.29,190.2442
AAPL,2021-06-16,130.37,130.89,128.46,130.15,127.9629
AAPL,2021-06-18,130.71,131.51,130.24,130.46,128.2677
NVDA,2021-06-22,738.86,758.55,735.435,755.47,188.5422
AAPL,2021-06-15,129.94,130.6,129.39,129.64,127.4615
AAPL,2021-06-17,129.8,132.55,129.65,131.79,129.5754
AAPL,2021-06-14,127.82,130.54,127.07,130.48,128.2874
AAPL,2021-06-07,126.17,126.32,124.83,125.9,123.7843
AAPL,2021-06-11,126.53,127.44,126.1,127.35,125.21
AAPL,2020-10-09,115.28,117,114.92,116.97,114.4406
NVDA,2021-06-21,737.41,741.46,712.906,737.09,183.9551
AAPL,2021-06-10,127.02,128.19,125.94,126.11,123.9908
AAPL,2021-06-09,127.21,127.75,126.52,127.13,124.9937
AAPL,2021-06-08,126.6,128.46,126.21,126.74,124.6102
NVDA,2021-06-11,699.18,717.569,697.75,713.01,177.9455
NVDA,2021-06-18,751.36,775,743.36,745.55,186.0665
NVDA,2021-06-16,711.63,718.1871,703.377,712.41,177.7957
NVDA,2021-06-17,710.9827,753.4,710.2501,746.29,186.2511
AAPL,2021-06-02,124.28,125.24,124.05,125.06,122.9585
NVDA,2021-06-10,694,699.68,687.0401,697,173.9499
NVDA,2021-06-09,700.63,703,690.23,694.33,173.2835
NVDA,2021-06-15,716.6,720.65,709.118,711.54,177.5786
AAPL,2021-06-04,124.07,126.16,123.85,125.89,123.7745
NVDA,2021-06-08,701.09,704.8635,690.04,698.28,174.2294
AAPL,2021-06-01,125.08,125.35,123.94,124.28,122.1916
NVDA,2021-06-14,716.24,721.58,706.5101,720.75,179.8771
NVDA,2021-06-04,684.5,706.44,683.82,703.13,175.4395
AAPL,2021-05-28,125.57,125.8,124.55,124.61,122.516
AAPL,2021-05-27,126.44,127.64,125.08,125.28,123.1748
NVDA,2021-06-07,702.846,712.5,687.71,704.76,175.8462
AAPL,2021-05-26,126.96,127.39,126.42,126.85,124.7184
AAPL,2021-05-25,127.82,128.32,126.32,126.9,124.7675
AAPL,2021-05-24,126.01,127.94,125.94,127.1,124.9642
AAPL,2020-10-07,114.62,115.55,114.13,115.08,112.5915
AAPL,2020-10-08,116.25,116.4,114.59,114.97,112.4839
NVDA,2021-05-26,629.37,631.75,623.45,628,156.6937
NVDA,2021-05-25,630.64,632.7399,619.3,625.91,156.1722
AAPL,2021-05-20,125.23,127.72,125.1,127.31,125.1706
NVDA,2021-05-24,608.5,629.8,607.04,624.48,155.8154
AAPL,2021-06-03,124.68,124.85,123.13,123.54,121.464
AAPL,2021-05-21,127.82,128,125.21,125.43,123.3222
NVDA,2021-06-02,650.09,676.7547,649.42,671.13,167.4551
NVDA,2021-06-01,650.8,655.525,636.13,650.58,162.3276
NVDA,2021-06-03,668.03,690.36,663.32,678.79,169.3664
NVDA,2021-05-28,620.04,651.099,620.04,649.78,162.128
AAPL,2021-05-19,123.16,124.92,122.86,124.69,122.5947
AAPL,2021-05-18,126.56,126.99,124.78,124.85,122.752
NVDA,2021-05-27,627.99,630,618.4,619.52,154.5778
AAPL,2021-05-17,126.82,126.93,125.17,126.27,124.1481
AAPL,2021-05-14,126.25,127.89,125.85,127.45,125.3083
AAPL,2021-05-13,124.58,126.15,124.26,124.97,122.87
NVDA,2021-05-21,606.55,608.88,594.7756,599.67,149.625
AAPL,2021-05-12,123.4,124.64,122.25,122.77,120.7069
AAPL,2021-05-07,130.85,131.26,129.48,130.21,128.0219
NVDA,2021-05-18,570.68,576.17,560.16,560.63,139.884
NVDA,2021-05-17,566.28,566.77,554.14,566.62,141.3786
AAPL,2021-05-11,123.5,126.27,122.77,125.91,123.7942
AAPL,2021-05-10,129.41,129.54,126.81,126.85,124.7184
NVDA,2021-05-20,572.1,587.3514,570.82,584.5,145.8399
NVDA,2021-05-12,560.38,570.41,548.37,550.34,137.3165
NVDA,2021-05-19,542.66,563.18,541.73,562.63,140.383
AAPL,2021-05-04,131.19,131.49,126.7,127.85,125.4884
AAPL,2021-05-03,132.04,134.07,131.83,132.54,130.0918
NVDA,2021-05-14,555.6,573.1242,549.94,569.72,142.1521
NVDA,2021-05-13,561.35,563.23,538.36,546.61,136.3859
NVDA,2021-05-11,553,574.19,550,572.25,142.7834
NVDA,2021-05-10,591.49,592.24,570,570.63,142.3791
AAPL,2021-05-06,127.89,129.75,127.13,129.74,127.3435
AAPL,2021-05-05,129.2,130.45,127.97,128.1,125.7338
NVDA,2021-05-04,585.49,585.5,560.4101,574.05,143.2325
NVDA,2021-05-06,579.81,582.85,568.7236,580.92,144.9466
NVDA,2021-05-05,588.36,592.54,575.5,578.34,144.3029
AAPL,2021-04-30,131.78,133.56,131.07,131.46,129.0317
AAPL,2021-04-29,136.47,137.07,132.45,133.48,131.0144
NVDA,2021-05-07,592.33,598.83,586.8683,592.49,147.8335
AAPL,2021-04-28,134.31,135.02,133.08,133.58,131.1126
AAPL,2021-04-27,135.01,135.41,134.11,134.39,131.9076
AAPL,2021-04-26,134.83,135.06,133.56,134.72,132.2315
AAPL,2020-10-06,115.7,116.12,112.25,113.16,110.713
NVDA,2021-04-30,606.98,614.5999,599.88,600.38,149.8021
NVDA,2021-04-29,616,617.46,602.86,612.99,152.9485
AAPL,2021-04-23,132.16,135.12,132.16,134.32,131.8389
AAPL,2021-04-20,135.02,135.53,131.81,133.11,130.6513
NVDA,2021-05-03,605,609.87,591.5,593.47,148.078
AAPL,2021-04-19,133.51,135.47,133.34,134.84,132.3493
NVDA,2020-10-15,552.427,560.23,550.71,558.8,139.3381
NVDA,2021-04-27,623.14,626.82,614.18,615.27,153.5174
NVDA,2021-04-26,607.402,619.16,605,619.12,154.478
NVDA,2021-04-28,614.58,621.29,608.6207,611.07,152.4694
AAPL,2021-04-22,133.04,134.15,131.41,131.94,129.5029
AAPL,2021-04-21,132.36,133.75,131.3,133.5,131.0341
NVDA,2021-04-21,604.75,614.5,604.09,614.42,153.3053
NVDA,2021-04-23,597.375,613.395,596.01,610.61,152.3546
AAPL,2021-04-14,134.94,135,131.66,132.03,129.5912
AAPL,2021-04-16,134.3,134.67,133.28,134.16,131.6819
AAPL,2021-04-15,133.82,135,133.64,134.5,132.0156
NVDA,2021-04-20,612.93,619.88,598.52,606.85,151.4165
NVDA,2021-04-15,626.5,648.566,625.26,645.49,161.0576
NVDA,2021-04-16,642.124,646.63,634.61,636.5,158.8145
NVDA,2021-04-14,625,628.8184,609.1,611.08,152.4719
NVDA,2021-04-12,571.59,614.1,565.57,608.36,151.7932
NVDA,2021-04-13,609.26,628,605.03,627.18,156.4891
AAPL,2021-04-08,128.95,130.39,128.52,130.36,127.9521
AAPL,2021-04-12,132.52,132.85,130.63,131.24,128.8158
AAPL,2021-04-13,132.44,134.66,131.93,134.43,131.9469
NVDA,2021-04-19,621.4616,632.3,609.3201,614.47,153.3178
AAPL,2021-04-07,125.83,127.92,125.14,127.9,125.5375
AAPL,2021-04-09,129.8,133.04,129.47,133,130.5433
AAPL,2020-10-05,113.91,116.65,113.55,116.5,113.9808
NVDA,2021-04-22,615,617.5427,591.34,594.01,148.2127
AAPL,2021-03-30,120.11,120.4,118.86,119.9,117.6853
AAPL,2021-03-29,121.65,122.58,120.73,121.39,119.1477
NVDA,2021-04-09,568.56,576.32,567,576,143.719
NVDA,2021-04-07,555.23,569.7399,548.46,565.74,141.159
AAPL,2021-03-26,120.35,121.48,118.92,121.21,118.9711
NVDA,2021-04-08,570.11,578.86,569.9577,572.68,142.8906
NVDA,2021-04-06,559.9871,562.165,550.9449,554.46,138.3445
NVDA,2021-04-05,554.7,560.5585,549.32,559.5,139.6021
AAPL,2021-03-25,119.54,121.66,119,120.59,118.3625
AAPL,2021-04-06,126.5,127.13,125.65,126.21,123.8787
AAPL,2021-04-05,123.87,126.16,123.07,125.9,123.5744
AAPL,2021-04-01,123.66,124.18,122.49,123,120.728
AAPL,2021-03-31,121.65,123.52,121.15,122.15,119.8937
AAPL,2021-03-22,120.33,123.87,120.26,123.39,121.1108
NVDA,2021-03-31,520.62,538.82,519.3,533.93,133.222
AAPL,2021-03-16,125.7,127.22,124.72,125.57,123.2505
NVDA,2021-03-25,499.98,508.59,490.88,501.41,125.1079
AAPL,2021-03-15,121.41,124,120.42,123.99,121.6997
AAPL,2021-03-19,119.9,121.43,119.68,119.99,117.7736
AAPL,2021-03-12,120.4,121.17,119.16,121.03,118.7944
NVDA,2021-04-01,542.89,554.8,540.45,552.47,137.848
NVDA,2021-03-30,513.678,519.01,508.2,514.87,128.4663
AAPL,2021-03-18,122.88,123.18,120.32,120.53,118.3036
NVDA,2021-03-29,512.81,522.5,508,517.93,129.2299
AAPL,2021-03-24,122.82,122.9,120.07,120.09,117.8718
NVDA,2021-03-26,502.18,514.25,494.94,513.57,128.142
AAPL,2021-03-23,123.33,124.24,122.14,122.54,120.2765
AAPL,2021-03-17,124.05,125.86,122.34,124.76,122.4555
NVDA,2021-03-18,525.46,527.36,508.6817,508.9,126.9768
NVDA,2021-03-24,526.05,526.365,505.47,505.72,126.1833
NVDA,2021-03-23,530.17,533.78,520.85,522.83,130.4525
AAPL,2021-03-08,120.93,121,116.21,116.36,114.2107
NVDA,2021-03-17,521.59,538.13,519.58,533.65,133.1522
NVDA,2021-03-16,534.26,540.5,524.67,531.65,132.6532
NVDA,2021-03-22,516.51,535.78,516.27,527.45,131.6052
NVDA,2021-03-15,514.59,528.27,510.685,527.65,131.6551
AAPL,2021-03-10,121.69,122.17,119.45,119.98,117.7638
AAPL,2021-03-05,120.98,121.94,117.57,121.42,119.1772
AAPL,2021-03-09,119.03,122.06,118.79,121.09,118.8533
AAPL,2021-03-11,122.54,123.21,121.26,121.96,119.7072
NVDA,2021-03-19,510,516.86,504.5,513.83,128.2069
NVDA,2021-03-12,505.93,515.55,503.6,514.24,128.3092
NVDA,2021-03-08,498,498.85,462.66,463.73,115.6664
AAPL,2021-02-26,122.59,124.85,121.2,121.26,119.0201
AAPL,2021-03-04,121.75,123.6,118.62,120.13,117.911
AAPL,2021-03-03,124.81,125.71,121.84,122.06,119.8054
NVDA,2021-03-11,518,521.85,509.38,519.74,129.6815
AAPL,2021-03-02,128.41,128.72,125.01,125.12,122.8088
AAPL,2021-03-01,123.75,127.93,122.79,127.79,125.4295
AAPL,2021-02-25,124.68,126.46,120.54,120.99,118.7551
NVDA,2021-03-04,512.03,519,483.35,494.81,123.4185
NVDA,2021-03-03,537.05,538.06,511.95,512.19,127.7536
NVDA,2021-03-10,513.62,519.2,498.3,498.73,124.4392
NVDA,2021-03-05,502,502,467.17,498.46,124.3289
NVDA,2021-03-09,485.21,504.67,482.37,500.81,124.9582
NVDA,2021-03-02,556,556.82,535.84,536.25,133.7547
NVDA,2021-03-01,555,557,542.1299,553.67,138.0998
AAPL,2021-02-24,124.94,125.56,122.23,125.35,123.0346
AAPL,2021-02-18,129.2,130,127.41,129.71,127.3141
NVDA,2021-02-26,550.1,554.18,534.44,548.58,136.8302
AAPL,2021-02-23,123.76,126.71,118.39,125.86,123.5352
AAPL,2021-02-17,131.25,132.22,129.47,130.84,128.4232
NVDA,2021-02-25,561.817,574.99,528.65,532.3,132.7695
NVDA,2021-02-24,564.91,580.27,550.24,579.96,144.6572
AAPL,2021-02-22,128.01,129.72,125.6,126,123.6726
AAPL,2021-02-16,135.49,136.01,132.79,133.19,130.7298
NVDA,2021-02-23,563.01,569.55,535.58,565.68,141.0954
AAPL,2021-02-12,134.35,135.53,133.69,135.37,132.8695
AAPL,2020-10-02,112.89,115.37,112.22,113.02,110.5761
AAPL,2021-02-11,135.9,136.39,133.77,135.13,132.6339
AAPL,2021-02-05,137.35,137.42,135.86,136.76,134.2338
AAPL,2021-02-19,130.24,130.71,128.8,129.87,127.4711
NVDA,2021-02-19,600.98,607.0799,593.868,597.06,148.9224
NVDA,2021-02-18,589.16,594.93,583,593.16,147.9496
NVDA,2021-02-17,606.84,608.9407,591.2,596.24,148.7178
NVDA,2021-02-22,590.99,605.33,573,574.23,143.228
AAPL,2021-02-10,136.48,136.99,134.4,135.39,132.8891
AAPL,2021-02-03,135.76,135.77,133.61,133.94,131.2698
AAPL,2021-02-02,135.73,136.31,134.61,134.99,132.2988
NVDA,2021-02-10,578.53,596.2,573.655,590.57,147.3036
AAPL,2021-02-04,136.3,137.4,134.59,137.39,134.651
AAPL,2021-02-01,133.75,135.38,130.93,134.14,131.4658
AAPL,2021-01-29,135.83,136.74,130.21,131.96,129.3292
AAPL,2021-01-28,139.52,141.99,136.7,137.09,134.357
NVDA,2021-02-03,545.44,557.27,540.66,541.22,134.9944
AAPL,2021-02-09,136.62,137.88,135.85,136.01,133.4977
NVDA,2021-02-16,602.57,614.9,598,613.21,152.9506
AAPL,2021-02-08,136.03,136.96,134.92,136.91,134.3811
NVDA,2021-02-12,602,611.6455,591,598.45,149.2691
NVDA,2021-02-11,599.21,610.89,597,610.03,152.1574
NVDA,2021-02-09,573.625,583.33,568.9,570.53,142.3051
NVDA,2021-02-08,549.0886,578.95,549.0886,577.55,144.056
NVDA,2021-02-02,535.95,542.88,531.4199,542.27,135.2563
AAPL,2021-01-26,143.6,144.3,141.37,143.16,140.306
NVDA,2021-02-05,549,549.49,541.83,543.64,135.598
AAPL,2021-01-22,136.28,139.85,135.02,139.07,136.2975
NVDA,2021-02-01,522.134,530.83,516.11,529.48,132.0661
AAPL,2021-01-21,133.8,139.67,133.59,136.87,134.1414
AAPL,2021-01-25,143.07,145.09,136.54,142.92,140.0707
AAPL,2021-01-27,143.43,144.3,140.41,142.06,139.2279
NVDA,2021-01-29,523,533.39,516.4602,519.59,129.5993
NVDA,2021-02-04,541.24,546.94,533.5145,546.57,136.3288
NVDA,2021-01-28,519.85,533.59,518.42,522.04,130.2104
NVDA,2021-01-25,551.27,553.14,529.4592,546.13,136.2191
NVDA,2021-01-27,529.2,529.31,511.75,516.71,128.881
AAPL,2021-01-20,128.66,132.49,128.55,132.03,129.3978
NVDA,2021-01-22,549.6035,553.6693,545.09,548.5,136.8102
AAPL,2021-01-19,127.78,128.71,126.94,127.83,125.2816
NVDA,2021-01-20,524.47,537.22,522.27,534.63,133.3507
NVDA,2021-01-19,520.65,523.7593,513.76,521.01,129.9535
AAPL,2021-01-11,129.19,130.17,128.5,128.98,126.4086
AAPL,2021-01-15,128.78,130.22,127,127.14,124.6053
AAPL,2021-01-14,130.8,131,128.76,128.91,126.34
AAPL,2021-01-13,128.76,131.45,128.49,130.89,128.2806
AAPL,2021-01-12,128.5,129.69,126.86,128.8,126.2322
NVDA,2021-01-21,536.7442,559.9743,530.1201,554.7,138.3567
NVDA,2021-01-26,543.218,545.79,535.5,537.41,134.0441
NVDA,2021-01-15,529.12,533.01,513.94,514.38,128.2998
NVDA,2021-01-14,543,543.99,527.22,528.01,131.6995
NVDA,2021-01-13,539.5986,544.9999,535.4001,541.27,135.0069
NVDA,2021-01-12,550.1,550.18,533.8,539.39,134.5379
AAPL,2021-01-08,132.43,132.63,130.23,132.05,129.4174
AAPL,2020-12-31,134.08,134.74,131.72,132.69,130.0447
NVDA,2021-01-08,534.5,536.8399,521.68,531.07,132.4627
AAPL,2021-01-07,128.36,131.63,127.86,130.92,128.31
AAPL,2021-01-06,127.72,131.05,126.38,126.6,124.0761
AAPL,2020-12-30,135.58,135.99,133.4,133.72,131.0542
AAPL,2020-12-29,138.05,138.79,134.34,134.87,132.1812
NVDA,2021-01-11,536.75,558.44,534.5,544.86,135.9023
AAPL,2021-01-05,128.89,131.74,128.43,131.01,128.3982
AAPL,2021-01-04,133.52,133.61,126.76,129.41,126.8301
NVDA,2021-01-07,518.7,535.11,515.4601,533.76,133.1337
AAPL,2020-12-28,133.99,137.34,133.51,136.69,133.9649
NVDA,2021-01-06,528.9,529.8,503.44,504.58,125.8554
AAPL,2020-12-16,127.41,128.37,126.56,127.81,125.262
AAPL,2020-12-22,131.61,134.41,129.65,131.88,129.2508
NVDA,2021-01-05,523.99,537.74,523.48,536.19,133.7398
NVDA,2021-01-04,524.17,546.0999,518.5,524.54,130.834
AAPL,2020-12-14,122.6,123.35,121.54,121.78,119.3522
AAPL,2020-12-15,124.34,127.9,124.13,127.88,125.3306
NVDA,2020-12-24,521.49,525.3,517.55,519.75,129.6392
NVDA,2020-12-31,525.46,526.045,516.6,522.2,130.2503
AAPL,2020-12-24,131.32,133.46,131.1,131.97,129.339
AAPL,2020-12-23,132.16,132.43,130.78,130.96,128.3492
NVDA,2020-12-30,519.612,528.55,515.87,525.83,131.1557
NVDA,2020-12-29,517,522.9,513.69,517.73,129.1354
AAPL,2020-12-21,125.02,128.31,123.45,128.23,125.6736
AAPL,2020-12-18,128.96,129.1,126.12,126.66,124.1349
AAPL,2020-12-17,128.9,129.58,128.04,128.7,126.1342
NVDA,2020-12-28,522.5,522.5,510.527,516,128.7039
NVDA,2020-12-23,530.24,531,520.2,520.37,129.7939
AAPL,2020-12-07,122.31,124.57,122.25,123.75,121.2829
NVDA,2020-12-18,535.16,536.2,522.82,530.88,132.4153
NVDA,2020-12-17,534.67,535.18,527.14,533.65,133.1062
AAPL,2020-12-04,122.6,122.86,121.52,122.25,119.8128
AAPL,2020-12-10,120.5,123.87,120.15,123.24,120.7831
NVDA,2020-12-16,536.9,537.49,528.5,529.7,132.121
AAPL,2020-12-09,124.53,125.95,121,121.78,119.3522
NVDA,2020-12-14,523.515,535.55,523.1,532.35,132.782
NVDA,2020-12-15,537.59,538.56,527.47,534.42,133.2983
NVDA,2020-12-22,532.77,533.4899,522.1552,531.13,132.4777
AAPL,2020-12-11,122.43,122.76,120.55,122.41,119.9696
NVDA,2020-12-21,522.99,534.8,518.7,533.29,133.0164
AAPL,2020-12-03,123.52,123.78,122.21,122.94,120.4891
NVDA,2020-12-11,518.69,520.8,512.92,520.53,129.8338
AAPL,2020-12-02,122.02,123.37,120.89,123.08,120.6263
AAPL,2020-12-01,121.01,123.47,120.01,122.72,120.2734
AAPL,2020-11-30,116.97,120.97,116.81,119.05,116.6766
NVDA,2020-12-08,543.4,543.95,531.26,534,133.1935
AAPL,2020-12-08,124.37,124.98,123.09,124.38,121.9004
NVDA,2020-12-04,537.94,542.3999,535.5476,542.33,135.2713
NVDA,2020-12-03,543.5,546.4,533.16,535.84,133.6525
AAPL,2020-11-27,116.57,117.49,116.22,116.59,114.2657
NVDA,2020-12-02,534.02,546.9377,529.37,541.78,135.0942
AAPL,2020-11-25,115.55,116.75,115.17,116.03,113.7168
AAPL,2020-11-24,113.91,115.85,112.59,115.17,112.874
NVDA,2020-12-07,544.05,549.25,540,544.27,135.7551
NVDA,2020-12-01,539.69,541.15,529.13,535.6,133.5532
AAPL,2020-11-13,119.44,119.67,117.87,119.26,116.8824
NVDA,2020-11-30,530.6,536.5,518.8941,536.06,133.6679
AAPL,2020-11-23,117.18,117.62,113.75,113.85,111.5803
NVDA,2020-12-10,514.76,522.7499,513.975,518.89,129.4247
NVDA,2020-12-09,532.02,536.56,514.7295,517.23,129.0107
AAPL,2020-11-20,118.64,118.77,117.29,117.34,115.0007
NVDA,2020-11-25,521.3,530.7756,520.8,529.39,132.0047
AAPL,2020-11-18,118.61,119.82,118,118.03,115.6769
AAPL,2020-11-19,117.59,119.06,116.81,118.64,116.2748
NVDA,2020-11-27,535,536.3,526.8218,530.45,132.269
NVDA,2020-11-23,526.845,535.3,520.62,525.6,131.0596
AAPL,2020-11-12,119.62,120.53,118.57,119.21,116.8334
NVDA,2020-11-20,538.16,539.7799,522.6,523.51,130.5385
NVDA,2020-11-24,525.7,526.48,515.4,518.31,129.2419
AAPL,2020-11-06,118.32,119.2,116.13,118.69,116.3238
NVDA,2020-11-18,538.61,544.23,527.4,537.15,133.9397
NVDA,2020-11-19,528.51,539.5,524,537.61,134.0544
AAPL,2020-10-30,111.06,111.99,107.72,108.86,106.506
AAPL,2020-11-17,119.55,120.67,118.96,119.39,117.0098
AAPL,2020-11-16,118.92,120.99,118.15,120.3,117.9017
AAPL,2019-09-17,219.96,220.82,219.12,220.7,53.4516
NVDA,2020-11-17,542.1,543.85,532.1549,536.89,133.8748
AAPL,2020-11-11,117.19,119.63,116.44,119.49,117.1078
AAPL,2020-11-10,115.55,117.59,114.13,115.97,113.658
NVDA,2020-11-16,526.9,545.98,526.2401,540.61,134.8024
AAPL,2020-11-05,117.95,119.62,116.87,119.03,116.4561
NVDA,2020-11-13,545.0911,546.7499,522.37,531.88,132.6256
AAPL,2020-11-04,114.14,115.59,112.35,114.95,112.4643
NVDA,2020-11-12,539.157,550.64,532.64,538.27,134.2189
AAPL,2020-11-03,109.66,111.49,108.73,110.44,108.0518
AAPL,2020-11-09,120.5,121.99,116.05,116.32,114.001
NVDA,2020-11-11,522.15,537.395,517.93,536.72,133.8324
NVDA,2020-11-10,544.26,544.26,505.13,510.8,127.3692
AAPL,2020-11-02,109.11,110.68,107.32,108.77,106.418
NVDA,2020-11-03,508.34,524.2,504.11,520.78,129.8578
NVDA,2020-11-09,582.1,587.66,544.43,545.23,135.9544
AAPL,2020-10-29,112.37,116.93,112.2,115.32,112.8263
AAPL,2020-10-28,115.05,115.43,111.1,111.2,108.7954
AAPL,2020-10-27,115.49,117.28,114.54,116.6,114.0786
NVDA,2020-11-02,506.31,513.4663,495.8,503.23,125.4816
NVDA,2020-10-30,514,517.455,492,501.36,125.0153
NVDA,2020-11-06,564.39,583.55,555.8,582.48,145.2428
AAPL,2020-10-22,117.45,118.04,114.59,115.75,113.247
AAPL,2020-10-21,116.67,118.71,116.45,116.87,114.3428
AAPL,2020-10-26,114.01,116.55,112.88,115.05,112.5622
NVDA,2020-10-29,513.54,527.71,510,520.96,129.9026
AAPL,2020-10-23,116.39,116.55,114.28,115.04,112.5524
AAPL,2020-10-20,116.2,118.98,115.63,117.51,114.969
AAPL,2020-10-19,119.96,120.42,115.66,115.98,113.4721
NVDA,2020-11-05,566.5,573.56,559.64,566.4,141.2332
NVDA,2020-11-04,535.57,553.1,533.475,551.77,137.5852
NVDA,2020-10-23,538,543.73,531.65,543.61,135.5505
NVDA,2020-10-27,532.24,537.68,527.66,535.87,133.6205
AAPL,2020-10-16,121.28,121.55,118.81,119.02,116.4463
NVDA,2020-10-19,556.115,559.3399,536.27,539.91,134.6279
NVDA,2020-10-22,540.9,544.47,529.27,534.44,133.2639
NVDA,2020-10-14,571.62,573.71,558.4,563.81,140.5874
NVDA,2020-10-13,571.86,573.9399,560.745,569.93,142.1134
NVDA,2020-10-28,527.92,530.4,504.36,505.08,125.9429
NVDA,2020-10-21,545,551.66,539.1001,540.99,134.8972
AAPL,2020-10-14,121,123.03,119.62,121.19,118.5694
NVDA,2020-10-26,537.08,547.7117,521.54,525.65,131.0721
AAPL,2020-10-15,118.72,121.2,118.15,120.71,118.0998
NVDA,2020-10-12,559.58,573.88,556.5,569.04,141.8915
AAPL,2020-10-01,117.64,117.72,115.83,116.79,114.2645
AAPL,2020-10-13,125.27,125.39,119.65,121.1,118.4813
NVDA,2020-10-20,543.34,551.99,540.2801,545.82,136.1016
AAPL,2020-09-28,115.01,115.32,112.78,114.96,112.4741
NVDA,2020-10-09,550.68,552.97,546.43,550.51,137.271
NVDA,2020-10-08,563,563.38,550.32,553.55,138.029
NVDA,2020-10-07,559.99,564.77,554.54,558.56,139.2783
NVDA,2020-10-02,529,540.78,522.04,522.49,130.2842
AAPL,2020-09-22,112.68,112.86,109.16,111.81,109.3922
AAPL,2020-09-25,108.43,112.44,107.67,112.28,109.8521
AAPL,2020-09-21,104.54,110.19,103.1,110.08,107.6996
AAPL,2019-09-16,217.73,220.13,217.56,219.9,53.2578
NVDA,2020-10-06,553.2,565.68,546.6,549.46,137.0092
NVDA,2020-10-05,529.44,545.77,528.9106,545.7,136.0716
AAPL,2020-09-30,113.79,117.26,113.62,115.81,113.3057
AAPL,2020-09-29,114.55,115.31,113.57,114.09,111.6229
AAPL,2020-09-23,111.62,112.11,106.77,107.12,104.8036
AAPL,2020-09-24,105.17,110.25,105,108.22,105.8799
NVDA,2020-10-01,550.32,550.5095,538.4301,544.58,135.7924
NVDA,2020-09-30,526.3,544.9,526.01,541.22,134.9545
NVDA,2020-09-29,517.5,537.71,517.33,529.03,131.9149
NVDA,2020-09-25,497.9,515.34,489.83,514.95,128.404
AAPL,2020-09-18,110.4,110.88,106.09,106.84,104.5297
NVDA,2020-09-23,503.02,509.08,483.17,484.95,120.9235
NVDA,2020-09-22,503,505.9199,486.222,505.51,126.0502
NVDA,2020-09-18,503.75,505.3,479.55,487.57,121.5768
NVDA,2020-09-28,521.61,522.07,510,521.4,130.0124
AAPL,2020-09-17,109.72,112.2,108.71,110.34,107.954
NVDA,2020-09-21,477,500.9,476.18,500.69,124.8483
AAPL,2020-09-16,115.23,116,112.04,112.13,109.7053
AAPL,2020-09-11,114.57,115.23,110,112,109.5781
AAPL,2020-09-10,120.36,120.5,112.5,113.49,111.0359
AAPL,2020-09-15,118.33,118.83,113.61,115.54,113.0416
AAPL,2020-09-09,117.26,119.14,115.26,117.32,114.7831
AAPL,2020-09-14,114.72,115.93,112.8,115.36,112.8655
NVDA,2020-09-17,485.289,503.59,481.39,498.54,124.3122
NVDA,2020-09-24,482.89,502.78,480.56,493.92,123.1602
NVDA,2020-09-14,523.24,532.6,505.2457,514.89,128.3891
AAPL,2020-09-04,120.07,123.7,110.89,120.96,118.3444
AAPL,2020-09-08,113.95,118.99,112.68,112.82,110.3804
AAPL,2020-09-02,137.59,137.98,127,131.4,128.5586
NVDA,2020-09-11,499.42,506.1,475.83,486.58,121.3299
NVDA,2020-09-08,469.38,502,468.17,476.52,118.8214
AAPL,2020-09-01,132.76,134.8,130.53,134.18,131.2785
AAPL,2020-08-31,127.58,131,126,129.04,126.2496
NVDA,2020-09-04,511.35,527,468.19,504.9,125.898
AAPL,2020-09-03,126.91,128.84,120.5,120.88,118.2661
NVDA,2020-09-16,518.29,523.71,500.55,500.58,124.8208
NVDA,2020-09-15,531.2,531.95,513.11,519.64,129.5735
NVDA,2020-09-10,519.57,522.61,486.68,492.47,122.7986
NVDA,2020-09-09,496,512.37,489.27,508.6,126.8207
NVDA,2020-09-03,553.145,555.38,515.15,520.62,129.8179
AAPL,2020-08-21,477.05,499.47,477,497.48,121.6806
AAPL,2020-08-28,504.05,505.77,498.31,499.23,122.1087
AAPL,2020-08-20,463,473.57,462.93,473.1,115.7174
NVDA,2020-08-28,506.997,525.92,505.7,525.91,131.0977
AAPL,2020-08-19,463.93,468.65,462.44,462.83,113.2054
AAPL,2020-08-27,508.57,509.94,495.33,500.04,122.3068
AAPL,2020-08-26,504.72,507.97,500.33,506.09,123.7866
AAPL,2020-08-25,498.79,500.72,492.21,499.3,122.1258
NVDA,2020-09-02,588.15,589.0699,556,573.86,143.0934
NVDA,2020-09-01,539.2,559.75,537.46,552.84,137.852
AAPL,2020-08-24,514.79,515.14,495.75,503.43,123.136
NVDA,2020-08-31,527.311,543,521.51,534.98,133.3587
AAPL,2020-08-13,457.72,464.17,455.71,460.04,112.523
NVDA,2020-08-24,515.35,516.5,500.3,508.81,126.8351
NVDA,2020-08-25,505.23,510.45,502.95,510,127.1317
NVDA,2020-08-27,511.26,514,502.6573,505.13,125.9177
NVDA,2020-08-26,511.9694,514.7396,507.11,510.92,127.361
AAPL,2020-08-12,441.99,453.1,441.19,452.04,110.5663
AAPL,2020-08-07,452.82,454.7,441.17,444.45,108.7098
AAPL,2020-08-17,464.25,464.35,455.85,458.43,112.1292
AAPL,2020-08-18,457.41,464,456.03,462.25,113.0636
AAPL,2020-08-11,447.88,449.93,436.43,437.5,107.0099
NVDA,2020-08-19,491.86,492.6,483.92,485.54,121.0344
NVDA,2020-08-21,488.07,512.348,487.8064,507.34,126.4686
AAPL,2020-08-10,450.4,455.1,440,450.91,110.2899
AAPL,2020-08-06,441.62,457.65,439.19,455.61,111.2389
NVDA,2019-09-20,176.9,177.85,172.28,172.69,42.9707
NVDA,2020-08-17,474.05,496.39,472.6876,493.48,123.0136
NVDA,2020-08-18,498,499.84,483.45,490.43,122.2533
AAPL,2020-08-05,437.51,441.57,435.59,440.25,107.4887
AAPL,2020-08-14,459.32,460,452.18,459.63,112.4227
NVDA,2020-08-20,479,495,475.15,485.64,121.0593
NVDA,2020-08-14,461.2,468.19,457.62,462.56,115.306
NVDA,2020-08-10,453.37,456.33,434.26,446.6,111.3275
AAPL,2019-09-09,214.84,216.44,211.07,214.17,51.87
AAPL,2019-09-13,220,220.79,217.02,218.75,52.9793
AAPL,2019-09-12,224.8,226.42,222.86,223.09,54.0304
AAPL,2020-07-31,411.54,425.66,403.3,425.04,103.7751
AAPL,2020-08-04,436.53,443.16,433.55,438.66,107.1005
AAPL,2020-07-30,376.75,385.19,375.07,384.76,93.9406
AAPL,2019-09-11,218.07,223.71,217.73,223.59,54.1515
AAPL,2020-08-03,432.8,446.55,431.57,435.75,106.39
NVDA,2020-08-07,452.5,460.19,441.5,447.98,111.6715
AAPL,2019-09-10,213.86,216.78,211.71,216.7,52.4828
NVDA,2020-08-13,461.84,468.87,454.23,457.72,114.0995
NVDA,2020-08-12,439.63,458.68,438.33,457.61,114.072
NVDA,2020-08-11,442.95,445.47,431.83,434,108.1866
AAPL,2020-07-28,377.47,378.2,372.99,373.01,91.0718
AAPL,2020-07-29,375,380.92,374.85,380.16,92.8175
NVDA,2020-08-05,449.76,454.8672,446.65,451.47,112.5415
AAPL,2020-07-27,374.84,379.62,373.92,379.24,92.5929
NVDA,2020-08-06,453.99,454.32,447.15,453.42,113.0276
AAPL,2020-07-22,386.77,391.9,386.41,389.09,94.9978
NVDA,2020-07-31,422.53,430.66,417.32,424.59,105.8409
AAPL,2020-07-24,363.95,371.88,356.58,370.46,90.4492
AAPL,2020-07-23,387.99,388.31,368.04,371.38,90.6738
NVDA,2020-07-30,415,424.9218,411.81,424.56,105.8334
NVDA,2020-08-04,442,449.11,436.2401,449.11,111.9532
NVDA,2020-08-03,429.3,443.95,428.61,440.41,109.7845
AAPL,2020-07-21,396.69,397,386.97,388,94.7317
AAPL,2020-07-20,385.67,394,384.25,393.43,96.0574
NVDA,2020-07-29,415.632,420.65,413.88,418.62,104.3527
NVDA,2020-07-28,414.97,415.28,408.37,408.62,101.8599
NVDA,2020-07-27,409.29,417.67,408.71,416.86,103.914
NVDA,2020-07-24,395,414.59,391.08,407.78,101.6505
NVDA,2020-07-23,418,421.88,401.25,405.19,101.0049
AAPL,2020-07-10,381.34,383.92,378.82,383.68,93.6769
AAPL,2020-07-17,387.95,388.59,383.36,385.31,94.0749
AAPL,2020-07-16,386.25,389.62,383.62,386.09,94.2653
AAPL,2020-07-15,395.96,396.99,385.96,390.9,95.4397
AAPL,2020-07-14,379.36,389.02,375.51,388.23,94.7878
NVDA,2020-07-22,414.7,424.1,411.6623,417.55,104.086
AAPL,2020-07-13,389.06,399.82,381.03,381.91,93.2448
AAPL,2020-07-09,385.05,385.27,378.69,383.01,93.5133
NVDA,2020-07-21,420.52,422.3971,411.47,413.14,102.9867
NVDA,2020-07-17,409.02,409.94,403.5101,408.06,101.7203
NVDA,2020-07-20,410.97,421.25,406.27,420.43,104.8039
AAPL,2020-07-08,376.72,381.5,376.36,381.37,93.1129
NVDA,2020-07-16,400.6,408.2699,395.82,405.39,101.0548
NVDA,2020-07-14,403,416.11,391.42,415.08,103.4703
NVDA,2020-07-15,416.57,417.32,402.23,409.09,101.9771
AAPL,2020-06-30,360.08,365.98,360,364.8,89.0673
NVDA,2020-07-13,423.8,431.6899,401,402.09,100.2321
AAPL,2020-07-07,375.41,378.62,372.23,372.69,90.9937
AAPL,2020-07-06,370,375.78,369.87,373.85,91.2769
AAPL,2020-06-29,353.25,362.17,351.28,361.78,88.33
AAPL,2020-06-26,364.41,365.32,353.02,353.63,86.3401
AAPL,2020-06-25,360.7,365,357.57,364.84,89.0771
NVDA,2020-07-10,423.55,426.21,415.15,419.17,104.4898
NVDA,2020-07-09,415.21,422.8,409.34,420.36,104.7864
AAPL,2020-07-02,367.85,370.47,363.64,364.11,88.8988
AAPL,2020-07-01,365.12,367.36,363.91,364.11,88.8988
NVDA,2020-07-08,399.75,409,398.62,408.64,101.8649
NVDA,2020-07-07,397.85,402.8,394.03,394.87,98.4324
NVDA,2020-07-06,389.67,396.35,388.5,393.57,98.1083
AAPL,2020-06-23,364,372.38,362.27,366.53,89.4897
AAPL,2020-06-24,365,368.79,358.52,360.06,87.91
NVDA,2020-06-24,379.05,382.2552,365.7802,369.42,92.0882
NVDA,2020-07-01,380.83,383.0269,376.52,381.2,95.0247
NVDA,2020-07-02,385.56,389.5,383.13,384.49,95.8448
NVDA,2020-06-30,372.5597,381.05,370.6601,379.91,94.7032
NVDA,2020-06-29,366.79,368.18,356,368,91.7343
NVDA,2020-06-25,374.23,380.2,367.29,379.6,94.6259
AAPL,2020-06-12,344.72,347.8,334.22,338.8,82.7193
NVDA,2020-06-23,382.04,385.7,376.3,378,94.227
AAPL,2020-06-11,349.31,351.06,335.48,335.9,82.0113
NVDA,2020-06-26,380,380,365,366.2,91.2856
AAPL,2020-06-22,351.34,359.46,351.15,358.87,87.6195
AAPL,2020-06-19,354.64,356.56,345.15,349.72,85.3855
AAPL,2020-06-18,351.41,353.45,349.22,351.73,85.8762
AAPL,2020-06-17,355.15,355.4,351.09,351.59,85.842
AAPL,2020-06-16,351.46,353.2,344.72,352.08,85.9617
NVDA,2020-06-22,372,381.25,370.932,381.07,94.9923
AAPL,2020-06-15,333.25,345.68,332.58,342.99,83.7423
NVDA,2020-06-18,369.08,371.3,364.58,368.72,91.9137
NVDA,2020-06-19,369.7,377.8,369.0935,370.45,92.345
AAPL,2020-06-09,332.14,345.61,332.01,343.99,83.9865
AAPL,2020-06-10,347.9,354.77,346.09,352.84,86.1472
NVDA,2020-06-17,364.55,371.96,362.81,369.44,92.0932
NVDA,2020-06-16,369,370.67,353.5501,362.74,90.4231
NVDA,2020-06-11,366,370.45,351.44,351.85,87.7084
NVDA,2020-06-15,352.61,367.29,349.75,366.95,91.4725
NVDA,2020-06-12,366.5,367.49,348.1338,357.3,89.067
NVDA,2020-06-10,366.71,380,366.14,374.67,93.3969
AAPL,2020-06-08,330.25,333.6,327.32,333.46,81.4155
AAPL,2020-06-05,323.35,331.75,323.23,331.5,80.937
NVDA,2020-06-09,352,364.3899,350.05,361.84,90.1987
AAPL,2020-06-04,324.39,325.62,320.78,322.32,78.6957
NVDA,2020-06-05,351.78,359.88,348.3192,356.8,88.9423
AAPL,2020-06-03,324.66,326.2,322.3,325.12,79.3793
AAPL,2020-06-02,320.75,323.44,318.93,323.34,78.9447
AAPL,2020-06-01,317.75,322.35,317.21,321.85,78.5809
AAPL,2020-05-26,323.5,324.24,316.5,316.73,77.3308
AAPL,2020-05-15,300.35,307.9,300.21,307.71,75.1286
AAPL,2020-05-29,319.25,321.15,316.47,317.94,77.6263
NVDA,2019-09-19,180.22,180.96,176.5101,176.94,44.0283
NVDA,2020-06-04,349.12,357.73,347.1,350.66,87.4118
NVDA,2020-06-03,352.89,354.65,348,350.78,87.4018
NVDA,2020-06-02,351.85,353.49,346.32,353.01,87.9574
NVDA,2020-06-01,353.33,353.63,347.58,352.25,87.7681
NVDA,2019-09-18,180.79,181.42,176.5,179.98,44.7847
NVDA,2020-05-29,342.18,355.02,339.4,355.02,88.4583
AAPL,2020-05-28,316.77,323.44,315.63,318.25,77.7019
AAPL,2020-05-27,316.14,318.71,313.09,318.11,77.6678
NVDA,2020-06-08,355.09,355.585,347.43,352.2,87.7957
AAPL,2020-05-22,315.77,319.23,315.35,318.89,77.8582
AAPL,2020-05-21,318.66,320.89,315.87,316.85,77.3601
NVDA,2020-05-28,336.49,350.42,335.17,339.48,84.5863
AAPL,2020-05-14,304.51,309.79,301.53,309.54,75.5754
NVDA,2020-05-27,345,345.31,319.87,341.01,84.9675
AAPL,2020-05-13,312.15,315.95,303.21,307.65,75.1139
NVDA,2020-05-26,366.27,367.27,346.88,348.71,86.886
NVDA,2020-05-22,353.01,363.72,348.53,361.05,89.9607
NVDA,2020-05-21,362.06,362.0962,349.5,351.01,87.4591
AAPL,2020-05-11,308.1,317.05,307.24,315.01,76.9109
AAPL,2020-05-12,317.83,319.69,310.91,311.41,76.0319
AAPL,2020-05-20,316.68,319.52,316.52,319.23,77.9412
AAPL,2020-05-19,315.03,318.52,313.01,313.14,76.4543
AAPL,2020-05-18,313.17,316.5,310.32,314.96,76.8987
NVDA,2020-05-13,316.7,323.14,303.79,311.2,77.5399
NVDA,2020-05-20,359.64,361.72,355.55,358.8,89.4001
NVDA,2020-05-12,324.94,326.9,311.71,312.1,77.7641
NVDA,2020-05-19,351.61,363.5,350.51,352.22,87.7606
NVDA,2020-05-18,350.42,356.66,347.2201,350.01,87.2099
NVDA,2020-05-11,312.3,324.5,311.15,322.62,80.3853
NVDA,2020-05-15,315.59,340.02,314.96,339.63,84.6236
NVDA,2020-05-14,313.665,321.44,307.5,321.22,80.0365
AAPL,2020-05-01,286.25,299,285.85,289.07,70.387
AAPL,2020-04-30,289.96,294.53,288.35,293.8,71.5387
AAPL,2020-05-06,300.46,303.24,298.87,300.63,73.2018
AAPL,2020-04-29,284.73,289.67,283.89,287.73,70.0607
AAPL,2020-05-08,305.64,310.35,304.29,310.13,75.7194
AAPL,2020-05-05,295.06,301,294.46,297.56,72.4543
AAPL,2020-05-07,303.22,305.17,301.97,303.74,73.9591
AAPL,2020-05-04,289.17,293.69,286.32,293.16,71.3829
AAPL,2020-04-28,285.08,285.83,278.2,278.58,67.8327
NVDA,2020-05-06,296.93,302,295.41,297.79,74.1986
AAPL,2020-04-27,281.8,284.54,279.95,283.17,68.9504
NVDA,2020-05-08,307.75,312.75,306.39,312.5,77.8638
NVDA,2020-05-07,303.38,307.41,301.323,304.87,75.9627
NVDA,2020-05-05,295.47,300.27,291.29,293.74,73.1895
NVDA,2020-05-04,280.88,291.84,280.88,291.285,72.5778
NVDA,2020-05-01,284.35,288.9,280.8432,282.78,70.4586
NVDA,2020-04-30,296.293,298.46,291.72,292.28,72.8257
AAPL,2020-04-24,277.2,283.01,277,282.97,68.9017
AAPL,2020-04-23,275.87,281.75,274.87,275.03,66.9683
NVDA,2020-04-29,296.77,300.58,293.75,298.46,74.3655
NVDA,2020-04-28,303,304.2,291.14,291.36,72.5965
AAPL,2020-04-15,282.4,286.33,280.63,284.43,69.2572
AAPL,2020-04-14,280,288.25,278.05,287.05,69.8951
NVDA,2020-04-27,294.99,303.5,294,297.08,74.0217
AAPL,2020-04-13,268.31,273.7,265.83,273.25,66.5349
AAPL,2020-04-22,273.61,277.9,272.2,276.1,67.2289
AAPL,2020-04-21,276.28,277.25,265.43,268.37,65.3467
AAPL,2020-04-20,277.95,281.68,276.85,276.93,67.431
AAPL,2020-04-17,284.69,286.95,276.86,282.8,68.8603
AAPL,2020-04-16,287.38,288.2,282.35,286.69,69.8075
NVDA,2020-04-24,283.6,289.67,280.6,289.59,72.1555
NVDA,2020-04-23,287.84,293.1375,283,284.01,70.7651
NVDA,2020-04-13,260.55,270.2,257,269.85,67.237
NVDA,2020-04-17,298,298.86,286.94,292.32,72.8357
NVDA,2020-04-21,282.31,284.77,267.11,269.51,67.1522
NVDA,2020-04-22,277.23,287.87,275.4,286.15,71.2983
AAPL,2020-04-07,270.8,271.7,259,259.43,63.1698
NVDA,2020-04-20,287.24,293.5,285.27,287.05,71.5226
NVDA,2020-04-16,287.08,299,286.55,294.7,73.4287
AAPL,2020-04-06,250.9,263.11,249.38,262.47,63.91
AAPL,2020-04-03,242.8,245.7,238.97,241.41,58.782
AAPL,2020-04-09,268.7,270.07,264.7,267.99,65.2541
AAPL,2020-03-31,255.6,262.49,252,254.29,61.9183
AAPL,2020-03-30,250.74,255.52,249.4,254.81,62.0449
AAPL,2020-04-02,240.34,245.15,236.9,244.93,59.6391
AAPL,2020-04-08,262.74,267.37,261.23,266.07,64.7866
NVDA,2020-04-15,277.2,284.1671,275.38,280.84,69.9753
AAPL,2020-04-01,246.5,248.72,239.13,240.91,58.6603
NVDA,2020-04-14,275,285.32,273.8893,283.95,70.7502
NVDA,2020-04-01,255.65,261.53,241.28,243.07,60.5643
AAPL,2020-03-27,252.75,255.87,247.05,247.74,60.3234
NVDA,2020-04-09,272,272.92,260.42,262.95,65.5177
NVDA,2020-04-08,263.41,267.95,260.6,266.95,66.5144
AAPL,2020-03-26,246.52,258.68,246.36,258.44,62.9288
NVDA,2020-03-27,250,263.1177,248.68,252.73,62.9713
AAPL,2020-03-25,250.75,258.25,244.3,245.52,59.7828
NVDA,2020-03-31,267.2,275.3999,257.75,263.6,65.6797
NVDA,2020-03-30,255.36,265.96,253.59,265.59,66.1755
AAPL,2020-03-24,236.36,247.69,234.3,246.88,60.114
AAPL,2020-03-23,228.08,228.5,212.61,224.37,54.6329
NVDA,2020-03-24,229,252.66,228.05,249.18,62.0867
AAPL,2020-03-20,247.18,251.83,228,229.24,55.8187
AAPL,2020-03-19,247.39,252.84,242.61,244.78,59.6026
AAPL,2020-03-18,239.77,250,237.12,246.67,60.0628
AAPL,2020-03-17,247.51,257.61,238.4,252.86,61.5701
AAPL,2020-03-16,241.95,259.08,240,242.21,58.9768
NVDA,2020-03-17,200.91,220.86,191,217.27,54.1359
AAPL,2020-03-12,255.94,270,248,248.23,60.4427
AAPL,2020-03-11,277.39,281.22,271.86,275.43,67.0657
NVDA,2020-03-16,212.41,226.1,194,196.4,48.9358
NVDA,2020-04-07,277.3,278.25,257.3,259.03,64.541
NVDA,2020-04-06,255.24,269.88,252.93,268.4,66.8757
NVDA,2020-04-03,253.96,255.63,238.39,243.91,60.7736
NVDA,2020-04-02,244.24,256,242.31,255.47,63.654
NVDA,2020-03-23,205.71,216.48,198.52,212.69,52.9947
NVDA,2020-03-20,219,230.32,205.13,205.75,51.2655
NVDA,2020-03-26,253.94,262.22,250,257.24,64.095
NVDA,2020-03-25,253.8,261.82,243.66,245.62,61.1997
AAPL,2020-03-13,264.89,279.92,252.95,277.97,67.6842
NVDA,2020-03-19,201.96,216.73,193.39,212.97,53.0645
NVDA,2020-03-18,200.095,209.94,180.6807,202.82,50.5355
NVDA,2020-03-11,255.455,256.6,242.57,246.47,61.4115
NVDA,2020-03-13,230.5,241.02,219.61,240.84,60.0087
AAPL,2020-03-10,277.14,286.44,269.37,285.34,69.4788
AAPL,2020-03-09,263.75,278.09,263,266.17,64.811
AAPL,2019-09-06,214.05,214.42,212.51,213.26,51.6497
AAPL,2020-03-06,282,290.82,281.23,289.03,70.3773
AAPL,2020-03-05,295.52,299.55,291.41,292.92,71.3245
AAPL,2020-03-04,296.44,303.4,293.13,302.74,73.7156
NVDA,2020-03-12,225.46,236.119,215.8,216.31,53.8967
NVDA,2020-03-10,256.54,261.08,245.99,261.08,65.0518
AAPL,2020-02-28,257.26,278.41,256.37,273.36,66.5617
NVDA,2020-03-09,239.9,259.4,238.18,245.44,61.1549
AAPL,2020-03-03,303.67,304,285.8,289.32,70.4479
AAPL,2020-02-25,300.95,302.53,286.13,288.08,70.1459
AAPL,2020-03-02,282.28,301.44,277.72,298.81,72.7586
NVDA,2020-03-06,266.08,268.39,258,266.04,66.2876
AAPL,2020-02-24,297.26,304.18,289.23,298.18,72.6052
NVDA,2020-03-05,276.5,283.2,271.5,273.29,68.0941
NVDA,2020-02-28,242.455,272.46,241.79,270.07,67.2918
NVDA,2020-03-04,270.2,284.89,267.2,284.51,70.8897
AAPL,2020-02-21,318.62,320.45,310.5,313.05,76.226
NVDA,2020-03-03,278.6665,281.07,262.4601,265.89,66.2503
AAPL,2020-02-27,281.1,286,272.96,273.52,66.6007
NVDA,2020-03-02,276.9,277.59,261,276.43,68.8765
AAPL,2020-02-26,286.53,297.88,286.5,292.65,71.2587
AAPL,2020-02-20,322.63,324.65,318.21,320.3,77.9913
AAPL,2020-02-19,320,324.57,320,323.62,78.7997
AAPL,2018-04-11,172.23,173.92,171.7,172.44,40.8241
AAPL,2020-02-18,315.36,319.75,314.61,319,77.6748
NVDA,2020-02-27,254.9,267,248.89,252.6,62.9389
AAPL,2020-02-14,324.74,325.98,322.85,324.95,79.1236
NVDA,2020-02-26,262.06,275.45,262,267.65,66.6489
AAPL,2020-02-13,324.19,326.22,323.35,324.87,79.1041
AAPL,2020-02-12,321.47,327.22,321.47,327.2,79.6715
NVDA,2020-02-18,285.644,297.31,284.86,296.57,73.8504
AAPL,2020-02-11,323.6,323.9,318.71,319.61,77.8233
NVDA,2020-02-14,287.26,294.97,286,289.79,72.1621
AAPL,2020-02-10,314.18,321.55,313.85,321.55,78.2957
AAPL,2020-02-07,322.37,323.4,318,320.03,77.9256
AAPL,2020-02-06,322.57,325.22,320.26,325.21,78.9994
AAPL,2020-02-05,323.52,324.76,318.95,321.45,78.086
AAPL,2020-02-04,315.31,319.64,313.63,318.85,77.4544
AAPL,2020-02-03,304.3,313.49,302.22,308.66,74.9791
NVDA,2020-02-25,276.304,278.79,257.96,262.05,65.2544
NVDA,2020-02-24,270.19,281.8723,268,273.28,68.0509
NVDA,2020-02-21,304.19,305.2,290.66,294.07,73.2279
NVDA,2020-02-20,312.765,316.32,296.35,308.7,76.871
NVDA,2020-02-19,301.49,315.41,301.4856,314.7,78.3651
NVDA,2020-02-13,270.21,273.48,269.11,270.78,67.4283
AAPL,2020-01-31,320.93,322.68,308.29,309.51,75.1856
NVDA,2020-02-10,252.5,263,252.3,262.97,65.4835
NVDA,2020-02-07,252.64,253.53,250.572,251.59,62.6497
NVDA,2020-01-31,243.97,244.45,234.75,236.43,58.8747
NVDA,2020-02-12,270.01,272.8,268.4474,272.54,67.8666
NVDA,2020-02-11,267.32,272.5,264.83,267.89,66.7087
NVDA,2020-02-06,252.14,254.25,248.88,254.245,63.3109
AAPL,2020-01-30,320.54,324.09,318.75,323.87,78.6739
NVDA,2020-02-05,251.99,252.4,247.41,250.76,62.4431
NVDA,2020-02-04,246.03,247.9,244.02,247.13,61.5391
AAPL,2020-01-29,324.45,327.85,321.38,324.34,78.7881
NVDA,2020-02-03,235.7,241.1111,235.45,240.33,59.8458
AAPL,2020-01-28,312.6,318.4,312.19,317.69,77.1727
AAPL,2020-01-15,311.85,315.5,309.55,311.34,75.6301
AAPL,2020-01-21,317.19,319.02,316,316.57,76.9006
AAPL,2020-01-27,310.06,311.77,304.88,308.95,75.0496
NVDA,2020-01-30,241.61,246.35,239.4,245.81,61.2104
AAPL,2020-01-24,320.25,323.33,317.52,318.31,77.3233
AAPL,2020-01-23,317.92,319.56,315.65,319.23,77.5468
NVDA,2020-01-27,238.24,242.25,232.23,240.2,59.8135
AAPL,2020-01-22,318.58,319.99,317.31,317.7,77.1751
NVDA,2020-01-24,257.5,259.5,248.3,250.48,62.3733
NVDA,2020-01-23,251.72,253.2,248.15,252.86,62.966
NVDA,2020-01-22,249.76,253.59,249,250.05,62.2663
NVDA,2020-01-21,247.805,249.29,246.5703,247.94,61.7408
AAPL,2020-01-14,316.7,317.57,312.17,312.68,75.9556
AAPL,2020-01-13,311.64,317.07,311.15,316.96,76.9953
AAPL,2020-01-17,316.27,318.74,315,318.73,77.4253
AAPL,2020-01-16,313.59,315.7,312.09,315.24,76.5775
AAPL,2020-01-02,296.24,300.6,295.19,300.35,72.9605
NVDA,2020-01-29,247.39,248.84,243.94,245.54,61.1432
NVDA,2020-01-28,242.85,249.27,240.7143,247.97,61.7483
NVDA,2020-01-17,249.7,250,247.37,249.28,62.0745
NVDA,2020-01-16,247.72,249.17,246.775,248.93,61.9874
NVDA,2020-01-14,250.26,251.28,246.75,247.28,61.5765
NVDA,2020-01-15,247.79,248.6891,244.53,245.57,61.1507
AAPL,2020-01-10,310.6,312.67,308.25,310.33,75.3848
NVDA,2020-01-13,247.66,252.9884,246.75,251.98,62.7469
AAPL,2020-01-09,307.24,310.43,306.2,309.63,75.2147
AAPL,2019-12-31,289.93,293.68,289.52,293.65,71.3329
AAPL,2020-01-08,297.16,304.44,297.16,303.19,73.6503
AAPL,2019-12-23,280.53,284.25,280.37,284,68.9887
AAPL,2020-01-07,299.84,300.9,297.48,298.39,72.4843
AAPL,2020-01-06,293.79,299.96,292.75,299.8,72.8269
AAPL,2020-01-03,297.15,300.58,296.5,297.43,72.2511
NVDA,2020-01-10,247.33,248.55,243.75,244.32,60.8394
NVDA,2020-01-09,243.85,245.9297,240.855,243.02,60.5157
NVDA,2020-01-08,239.76,242.04,238.149,240.38,59.8583
NVDA,2020-01-07,238.2,241.77,236.39,239.93,59.7462
NVDA,2020-01-06,232.32,237.27,231.27,237.06,59.0315
AAPL,2019-12-20,282.23,282.65,278.56,279.44,67.881
AAPL,2019-12-27,291.12,293.97,288.12,289.8,70.3977
NVDA,2020-01-03,235.1,237.83,234.1,236.07,58.785
AAPL,2019-12-19,279.5,281.18,278.95,280.02,68.0219
NVDA,2020-01-02,238.75,239.91,236.72,239.91,59.7412
AAPL,2019-12-30,289.46,292.69,285.22,291.52,70.8155
AAPL,2019-12-18,279.8,281.9,279.12,279.74,67.9539
NVDA,2019-12-27,239.8,240.34,235.81,236.87,58.9842
AAPL,2019-12-16,277,280.79,276.98,279.86,67.9831
AAPL,2019-12-17,279.57,281.77,278.8,280.41,68.1167
NVDA,2019-12-30,235.99,236.2,231.06,232.32,57.8512
NVDA,2019-12-31,230.9,235.675,230.13,235.3,58.5933
AAPL,2019-12-26,284.82,289.98,284.7,289.91,70.4244
AAPL,2019-12-24,284.69,284.89,282.92,284.27,69.0543
NVDA,2019-12-16,225.9,228.0642,224.77,225.15,56.0658
NVDA,2019-12-24,238.2,239.31,236.82,238.62,59.42
NVDA,2019-12-23,240.52,241.81,238.39,238.82,59.4698
NVDA,2019-12-20,238.13,240.39,237.355,239.37,59.6068
NVDA,2019-12-19,230.9,236,230.7,235.46,58.6331
NVDA,2019-09-17,180.48,181.2356,178.61,181.07,45.0559
AAPL,2019-12-13,271.46,275.3,270.93,275.15,66.8389
AAPL,2019-12-12,267.78,272.56,267.32,271.46,65.9426
NVDA,2019-12-18,229.69,231.94,229.35,229.51,57.1515
NVDA,2019-12-26,238.76,240.32,238,239.19,59.5619
AAPL,2019-12-06,267.48,271,267.3,270.71,65.7604
AAPL,2019-12-05,263.79,265.89,262.73,265.58,64.5142
AAPL,2019-12-04,261.07,263.31,260.68,261.74,63.5814
AAPL,2019-12-03,258.31,259.53,256.29,259.45,63.0251
AAPL,2019-12-11,268.81,271.1,268.5,270.77,65.7749
NVDA,2019-12-17,225.9,229.2,225.52,228.29,56.8477
NVDA,2019-09-16,178.92,181.6,178.5,180.21,44.8419
AAPL,2019-12-10,268.6,270.07,265.86,268.48,65.2187
AAPL,2019-12-09,270,270.8,264.91,266.92,64.8397
NVDA,2019-12-09,211.25,214.37,210.9,212.17,52.8336
NVDA,2019-12-06,211.52,213.49,211.12,212.17,52.8336
NVDA,2019-12-13,224.19,228.98,221.82,223.99,55.7769
NVDA,2019-12-12,216.18,224.8,215.82,224.07,55.7968
AAPL,2019-12-02,267.27,268.25,263.45,264.16,64.1693
NVDA,2019-12-05,210.3,210.93,207.5083,208.74,51.9794
NVDA,2019-12-04,211.02,211.92,208.27,209.42,52.1488
NVDA,2019-12-02,216.46,217,208.64,209.25,52.1064
AAPL,2019-11-26,266.94,267.16,262.5,264.29,64.2008
AAPL,2019-11-29,266.6,268,265.9,267.25,64.9199
AAPL,2019-09-05,212,213.97,211.51,213.28,51.6545
NVDA,2019-12-03,201.87,207.82,200.37,207.66,51.7105
AAPL,2019-11-27,265.58,267.98,265.31,267.84,65.0632
AAPL,2019-11-25,262.71,266.44,262.52,266.37,64.7061
NVDA,2019-11-26,220.5,220.6897,216.74,217,53.9965
AAPL,2019-11-22,262.59,263.18,260.84,261.78,63.5911
AAPL,2019-11-21,263.69,264.01,261.18,262.01,63.647
AAPL,2019-11-20,265.54,266.08,260.4,263.19,63.9336
AAPL,2019-11-19,267.9,268,265.39,266.29,64.6867
AAPL,2019-11-18,265.8,267.43,264.23,267.1,64.8834
NVDA,2019-12-11,214.4,217.56,214.3,217.34,54.121
NVDA,2019-12-10,213.38,216.06,211.26,213.98,53.2843
NVDA,2019-11-25,216.04,221.41,215.52,221.21,55.044
NVDA,2019-11-29,217,218.14,215.78,216.74,53.9716
NVDA,2019-11-22,211.09,212.9633,209.94,210.89,52.4761
AAPL,2019-11-15,263.68,265.78,263.01,265.76,64.5579
NVDA,2019-11-27,218.67,220.05,217.18,218.24,54.3451
NVDA,2012-05-03,12.88,12.955,12.55,12.63,2.8961
NVDA,2019-11-21,211,213.24,209.31,210.18,52.2994
NVDA,2019-11-20,207.07,214.55,206.5643,211.18,52.5483
AAPL,2019-11-14,263.75,264.88,262.1,262.64,63.8
AAPL,2019-11-12,261.55,262.79,260.92,261.96,63.6348
NVDA,2019-11-15,209.7,211.7799,200.6377,204.19,50.8089
NVDA,2019-11-19,211.032,211.98,205.65,207.99,51.7545
NVDA,2019-11-18,203.89,213.35,203.77,212.28,52.822
AAPL,2019-11-13,261.13,264.78,261.07,264.47,64.2446
AAPL,2019-11-11,258.3,262.47,258.28,262.2,63.6931
NVDA,2019-11-12,209.72,211.86,208.31,209.61,52.1576
AAPL,2019-11-08,258.69,260.44,256.85,260.14,63.1927
AAPL,2019-11-06,256.77,257.49,255.37,257.24,62.3012
AAPL,2019-11-07,258.74,260.35,258.11,259.43,63.0203
NVDA,2019-11-07,211.106,211.7,206.54,208.34,51.8416
NVDA,2019-11-08,207.66,209.05,206.15,207.78,51.7022
NVDA,2019-11-06,208.64,209.67,204.11,207.63,51.6649
AAPL,2019-10-31,247.24,249.17,237.26,248.76,60.2474
NVDA,2019-11-05,210.49,211.54,207.68,209.61,52.1576
NVDA,2019-11-04,205.85,211,204.9203,210.5,52.3791
AAPL,2019-10-30,244.76,245.3,241.21,243.26,58.9154
AAPL,2019-11-05,257.05,258.19,256.32,257.13,62.2746
AAPL,2019-11-04,257.33,257.85,255.38,257.5,62.3642
NVDA,2019-11-11,207.75,209.11,204.2801,208.18,51.8018
NVDA,2019-11-14,208.93,209.88,206.516,209.79,52.2024
NVDA,2019-10-31,202.16,203,197.81,201.02,50.0201
NVDA,2019-11-13,208.35,209.46,205.9,208.57,51.8988
AAPL,2019-11-01,249.54,255.93,249.16,255.82,61.9573
AAPL,2019-10-29,248.97,249.75,242.57,243.29,58.9226
NVDA,2019-11-01,199.6,203.89,198.5925,202.59,50.4108
AAPL,2019-10-28,247.42,249.25,246.72,249.05,60.3177
NVDA,2016-01-15,27.52,27.85,26.64,27.11,6.6161
NVDA,2019-10-29,206.23,206.49,202.14,202.92,50.4929
NVDA,2019-10-30,204,204.23,200.26,203,50.5128
NVDA,2019-10-28,206.3,208.9,205.1168,206.79,51.4559
AAPL,2019-10-25,243.16,246.73,242.88,246.58,59.7195
AAPL,2019-10-24,244.51,244.8,241.81,243.58,58.9929
AAPL,2019-10-23,242.1,243.24,241.22,243.18,58.896
AAPL,2019-10-18,234.59,237.58,234.29,236.41,57.2564
AAPL,2019-10-22,241.16,242.2,239.62,239.96,58.1162
AAPL,2019-10-07,226.27,229.93,225.84,227.06,54.9919
AAPL,2019-10-21,237.52,240.99,237.32,240.51,58.2494
NVDA,2019-10-23,192.31,195.66,191.03,195.09,48.5446
NVDA,2019-10-24,196.75,198.21,195.38,196.86,48.985
NVDA,2019-10-25,200.1,205.3804,199.79,204.54,50.896
AAPL,2019-10-17,235.09,236.15,233.52,235.28,56.9827
NVDA,2019-10-22,198.3,202.53,195.3,195.61,48.674
NVDA,2019-10-21,192.96,196.55,192.2,196.01,48.7735
AAPL,2019-10-16,233.37,235.24,233.2,234.37,56.7623
NVDA,2018-04-19,231.745,233.1,226.8,229.04,56.6897
NVDA,2019-10-17,196,197.8143,192.1,194.29,48.3455
NVDA,2019-10-15,190.16,199.29,189.6,196.37,48.8631
AAPL,2019-10-15,236.39,237.65,234.88,235.32,56.9924
NVDA,2019-10-18,194.31,195.62,187.5,190.49,47.3999
AAPL,2019-10-14,234.9,238.13,234.67,235.87,57.1256
NVDA,2019-10-16,195,199.22,193.75,194.21,48.3256
AAPL,2019-10-11,232.95,237.64,232.31,236.21,57.2079
AAPL,2019-10-10,227.93,230.44,227.3,230.09,55.7257
AAPL,2019-10-09,227.03,227.79,225.64,227.03,54.9846
NVDA,2019-10-14,185.64,187.37,184.385,186.53,46.4146
AAPL,2019-10-04,225.64,227.49,223.89,227.01,54.9798
NVDA,2019-10-11,186.41,189.34,185.65,185.99,46.2802
NVDA,2019-10-10,180.62,185.08,180.41,183.03,45.5436
NVDA,2019-10-09,180.32,182.7,179.1601,180.71,44.9664
AAPL,2019-10-08,225.82,228.06,224.33,224.4,54.3477
AAPL,2019-10-03,218.43,220.96,215.13,220.82,53.4806
NVDA,2019-10-04,181.4,183.15,178.78,181.97,45.2799
NVDA,2019-10-08,180.64,180.64,176.5,177.23,44.1004
NVDA,2019-10-07,184.58,188.34,184.23,184.33,45.8671
AAPL,2019-10-02,223.06,223.58,217.93,218.96,53.0301
AAPL,2019-09-27,220.54,220.96,217.28,218.82,52.9962
NVDA,2019-10-02,173.12,173.6,170.13,173.04,43.0578
AAPL,2019-09-26,220,220.94,218.83,219.89,53.2554
AAPL,2019-09-25,218.55,221.5,217.14,221.03,53.5315
AAPL,2019-09-24,221.03,222.49,217.19,217.68,52.7201
AAPL,2019-09-23,218.95,219.84,217.65,218.72,52.972
NVDA,2019-10-03,173.22,181.56,172,181.31,45.1157
AAPL,2019-09-20,221.38,222.56,217.47,217.73,52.7322
NVDA,2019-10-01,175,181,173.81,174,43.2967
AAPL,2019-10-01,225.07,228.22,224.2,224.59,54.3937
AAPL,2019-09-30,220.9,224.58,220.79,223.97,54.2435
NVDA,2019-09-30,172.8,174.48,171.5401,174.07,43.3141
NVDA,2019-09-13,181.59,183.08,180.18,181.94,45.2724
NVDA,2019-09-12,186.2,188.4,183.95,184.27,45.8522
AAPL,2019-09-04,208.39,209.48,207.32,209.19,50.6639
NVDA,2019-09-10,179.18,184.25,178.79,183.18,45.581
AAPL,2019-08-30,210.16,210.45,207.2,208.74,50.5549
NVDA,2019-09-09,179.9,183.98,179.84,180.5,44.9141
NVDA,2019-09-06,178.8,181.09,177.12,178.65,44.4538
NVDA,2019-09-27,175.66,177.7,169.32,171.76,42.7393
NVDA,2019-09-26,177.84,178.19,175.29,177.34,44.1278
NVDA,2019-09-25,172.51,179.02,170.71,178.23,44.3493
AAPL,2019-09-03,206.43,206.98,204.22,205.7,49.8187
AAPL,2019-09-19,222.01,223.76,220.37,220.96,53.5145
NVDA,2019-09-24,176.1,177.29,171.1,172.53,42.9309
NVDA,2019-09-23,172.7,176.67,172.55,174.84,43.5057
AAPL,2019-09-18,221.06,222.85,219.44,222.77,53.9529
NVDA,2019-09-11,183.77,186.27,182.6006,184.33,45.8671
NVDA,2019-09-04,166.61,169.06,166.61,168.76,41.9928
AAPL,2019-08-29,208.5,209.32,206.66,209.01,50.6203
AAPL,2019-08-28,204.1,205.72,203.32,205.53,49.7775
AAPL,2019-08-27,207.86,208.55,203.53,204.16,49.4457
AAPL,2019-08-26,205.86,207.19,205.06,206.49,50.01
AAPL,2019-08-23,209.43,212.05,201,202.64,49.0776
NVDA,2019-09-05,172.865,179.99,172.8,179.74,44.725
AAPL,2019-08-19,210.62,212.73,210.03,210.35,50.9449
NVDA,2019-08-30,168.86,170.86,166.78,167.51,41.6818
AAPL,2019-08-21,212.99,213.65,211.6,212.64,51.4995
NVDA,2019-08-22,171.62,173.33,169.9045,171.48,42.6274
NVDA,2019-08-28,160.58,163.34,159,161.22,40.1166
NVDA,2019-08-29,164.9,168.3,164.76,167,41.5549
AAPL,2019-08-20,210.88,213.35,210.32,210.36,50.9473
NVDA,2019-08-27,166.99,167.1,160.62,161.8,40.2211
NVDA,2019-08-26,165.61,166.58,163.91,165.45,41.1285
AAPL,2019-08-22,213.19,214.44,210.75,212.46,51.4559
AAPL,2019-08-14,203.16,206.44,202.59,202.75,49.1042
NVDA,2019-09-03,164.58,165.91,163.252,164.17,40.8507
NVDA,2019-08-23,168.4,170.59,161.64,162.44,40.3802
AAPL,2019-08-16,204.28,207.16,203.84,206.5,50.0124
AAPL,2019-08-15,203.46,205.14,199.67,201.74,48.8596
AAPL,2019-08-13,201.02,212.14,200.48,208.97,50.6107
AAPL,2019-08-12,199.62,202.05,199.15,200.48,48.5545
NVDA,2019-08-09,156.61,156.75,152.15,154.18,38.3269
NVDA,2019-08-21,170.53,173.45,169.66,171.23,42.5653
NVDA,2019-08-20,170.56,170.58,167.02,167.87,41.7301
AAPL,2019-08-09,201.3,202.76,199.29,200.99,48.678
NVDA,2019-08-19,164.12,171.42,163.47,170.78,42.4534
AAPL,2019-08-05,197.99,198.65,192.58,193.34,46.648
NVDA,2019-08-08,156.21,158.31,153.9,158.26,39.3411
NVDA,2019-08-16,159.35,161.54,156.88,159.56,39.6643
NVDA,2019-08-14,152.5035,152.95,148.3111,150.07,37.3052
NVDA,2019-08-15,150.83,151.63,147.394,148.77,36.9821
AAPL,2019-08-08,200.2,203.53,199.39,203.43,49.0824
AAPL,2019-08-01,213.9,218.03,206.74,208.43,50.2888
NVDA,2019-08-13,151.39,157.9,149.8201,156.05,38.7918
NVDA,2019-08-12,152.08,154.18,150.57,151.45,37.6483
AAPL,2019-08-02,205.53,206.43,201.63,204.02,49.2248
AAPL,2019-07-31,216.42,221.37,211.3,213.04,51.4011
AAPL,2019-07-29,208.46,210.64,208.44,209.68,50.5904
AAPL,2019-08-07,195.41,199.56,193.82,199.04,48.0232
NVDA,2019-07-26,174.47,176.95,174.47,175.07,43.5199
AAPL,2019-08-06,196.31,198.07,194.04,197,47.531
NVDA,2019-08-01,169.14,172.78,162.8204,164.92,40.9967
AAPL,2019-07-26,207.48,209.73,207.14,207.74,50.1223
AAPL,2019-07-24,207.67,209.15,207.17,208.67,50.3467
NVDA,2019-08-02,161.19,163.98,159.28,161.19,40.0695
NVDA,2019-07-25,176.99,177.5,172.44,173.38,43.0998
NVDA,2019-07-31,174.18,174.215,167.02,168.72,41.9414
NVDA,2019-07-29,174.78,175.4697,171.27,174.82,43.4577
AAPL,2019-07-25,208.89,209.24,206.73,207.02,49.9486
AAPL,2019-07-30,208.76,210.16,207.31,208.78,50.3732
NVDA,2019-07-30,172.95,175.94,172.37,175.45,43.6143
AAPL,2019-07-23,208.46,208.91,207.29,208.84,50.3877
NVDA,2019-08-05,153.8,153.85,148.9,150.79,37.4842
AAPL,2019-07-22,203.65,207.23,203.61,207.22,49.9969
AAPL,2019-07-18,204,205.88,203.7,205.66,49.6205
NVDA,2019-08-07,149.9,154.37,149.2,153.89,38.2548
AAPL,2019-07-19,205.79,206.5,202.36,202.59,48.8798
AAPL,2019-07-16,204.59,206.11,203.5,204.5,49.3406
AAPL,2019-07-15,204.09,205.87,204,205.21,49.5119
NVDA,2019-07-18,170.125,172.71,167.85,170.18,42.3043
NVDA,2019-07-19,171.72,171.98,168.2,168.44,41.8717
NVDA,2019-07-17,167.15,169.99,165.974,169.71,42.1875
NVDA,2019-07-24,177.4,178.89,174.34,178.66,44.4123
AAPL,2019-07-12,202.45,204,202.2,203.3,49.0511
NVDA,2019-08-06,153.8,155.63,150.43,152.35,37.872
AAPL,2019-07-17,204.05,205.09,203.27,203.35,49.0631
AAPL,2019-07-10,201.85,203.73,201.56,203.23,49.0342
NVDA,2019-07-23,172.9,175.74,172.27,175.66,43.6665
AAPL,2019-07-11,203.31,204.39,201.71,201.75,48.6771
NVDA,2019-07-09,155.51,158.44,155,157.31,39.105
NVDA,2019-07-22,169.3,171.84,169,171.32,42.5877
AAPL,2019-07-02,201.41,203.13,201.36,202.73,48.9135
NVDA,2019-07-16,166.67,168.17,164.8425,167.08,41.5337
NVDA,2019-07-15,168.46,169.1058,166.13,167.27,41.5809
AAPL,2019-07-09,199.2,201.51,198.81,201.24,48.554
AAPL,2019-06-26,197.77,200.99,197.35,199.8,48.2066
NVDA,2019-07-08,157.83,158.59,156,157.21,39.0801
AAPL,2019-07-08,200.81,201.4,198.41,200.02,48.2597
AAPL,2019-07-01,203.17,204.49,200.65,201.55,48.6288
NVDA,2019-07-03,163.17,163.4,160.3415,162.75,40.4573
AAPL,2019-06-28,198.68,199.5,197.05,197.92,47.753
NVDA,2019-07-10,159.06,162.3689,158.5,160.06,39.7886
NVDA,2019-07-12,167.4,170.47,167.4,167.61,41.6654
AAPL,2019-07-03,203.28,204.44,202.69,204.41,49.3189
AAPL,2019-07-05,203.35,205.08,202.9,204.23,49.2754
NVDA,2019-07-05,160.4,160.58,157.68,160.23,39.8309
NVDA,2019-06-25,152.86,155.88,151.37,151.48,37.6557
NVDA,2019-07-11,163,167.92,161.5,166.28,41.3348
AAPL,2019-06-27,200.29,201.57,199.57,199.74,48.1921
AAPL,2019-06-25,198.43,199.26,195.29,195.57,47.186
AAPL,2019-06-14,191.55,193.59,190.3,192.74,46.5032
NVDA,2019-07-02,165.5,166.3493,161.7,162.23,40.328
AAPL,2019-06-20,200.37,200.61,198.03,199.46,48.1246
AAPL,2019-06-19,199.68,199.88,197.31,197.87,47.7409
NVDA,2019-06-26,156.61,161.72,156.09,159.26,39.5897
AAPL,2019-06-13,194.7,196.79,193.6,194.15,46.8434
NVDA,2019-07-01,172.57,173.95,164.66,166.17,41.3075
AAPL,2019-06-12,193.95,195.97,193.39,194.19,46.8531
AAPL,2019-06-18,196.05,200.29,195.21,198.45,47.8809
NVDA,2019-06-24,152.62,153.85,150.72,152.66,37.9491
AAPL,2019-06-17,192.9,194.96,192.17,193.89,46.7807
NVDA,2019-06-28,165,165.37,162.35,164.23,40.8252
AAPL,2019-06-24,198.54,200.16,198.17,198.58,47.9122
NVDA,2019-06-21,153.5,155.48,151.5,151.76,37.7253
NVDA,2019-06-27,162.71,164,161.26,163.23,40.5766
AAPL,2019-06-21,198.8,200.85,198.15,198.78,47.9605
AAPL,2019-06-03,175.6,177.92,170.27,173.3,41.8128
NVDA,2019-06-20,156.77,157.33,153.5178,154.1,38.307
NVDA,2019-06-19,154.3,154.7568,152.0738,153.12,38.0634
AAPL,2019-06-11,194.86,196,193.6,194.81,47.0026
NVDA,2019-06-14,144.51,145.49,142.836,144.64,35.9554
NVDA,2019-06-13,147.09,149,146.38,148.26,36.8553
AAPL,2019-06-10,191.81,195.37,191.62,192.58,46.4646
NVDA,2019-06-11,150.84,152.36,149.16,150.75,37.4743
AAPL,2019-06-07,186.51,191.92,185.77,190.15,45.8783
NVDA,2019-06-12,149,149.25,145.59,146.2,36.3432
NVDA,2019-06-18,147.5,155.11,147.06,152.88,38.0038
AAPL,2019-05-30,177.95,179.23,176.67,178.3,43.0192
NVDA,2019-06-17,144.57,146.5206,143.65,145.03,36.0524
AAPL,2019-06-06,183.08,185.47,182.15,185.22,44.6888
AAPL,2019-06-04,175.44,179.83,174.52,179.64,43.3425
NVDA,2018-04-18,235.5,239.25,232.77,236.37,58.5039
AAPL,2019-05-31,176.23,177.99,174.99,175.07,42.2399
NVDA,2019-05-29,141.41,142.82,138.94,140.34,34.8467
AAPL,2019-05-29,176.42,179.35,176,177.38,42.7972
AAPL,2019-05-22,184.66,185.71,182.55,182.78,44.1001
AAPL,2019-05-28,178.92,180.59,177.91,178.23,43.0023
NVDA,2018-04-17,233.6,238.4,231.35,237.54,58.7935
NVDA,2019-06-03,135.91,137.47,132.6,133.78,33.2558
NVDA,2019-06-10,147.76,151.19,147.76,148.43,36.8976
AAPL,2019-05-21,185.22,188,184.7,186.6,45.0218
NVDA,2019-06-05,145.97,146.19,139.82,141.28,35.1202
NVDA,2019-06-07,144.02,146.88,143.25,145.5,36.1692
AAPL,2019-06-05,184.28,184.99,181.14,182.54,44.0422
AAPL,2019-05-20,183.52,184.35,180.28,183.09,44.1749
NVDA,2019-06-06,141.45,144.77,141.35,143.78,35.7416
NVDA,2019-05-17,158.5,163.71,154.94,156.53,38.8667
NVDA,2019-06-04,136.36,143.21,135.4675,143,35.5477
AAPL,2019-05-17,186.93,190.9,186.76,189,45.6008
NVDA,2019-05-28,145.86,147.18,143.25,143.33,35.5891
AAPL,2019-05-16,189.91,192.47,188.84,190.08,45.8614
AAPL,2019-05-15,186.27,191.75,186.02,190.92,46.0641
NVDA,2019-05-30,140.31,141.7499,137.57,139.11,34.5807
NVDA,2019-05-31,137.14,138.4491,135.39,135.46,33.6734
AAPL,2019-05-23,179.8,180.54,177.81,179.66,43.3473
AAPL,2019-05-24,180.2,182.14,178.62,178.97,43.1809
NVDA,2019-05-22,153.5,154.55,151.76,152.2,37.7916
NVDA,2019-05-16,159.36,161.905,157.65,160.19,39.7755
NVDA,2019-05-21,154.2,155.7,152.64,155.06,38.5017
AAPL,2019-05-10,197.42,198.85,192.77,197.18,47.5745
NVDA,2019-05-15,159.8,161.05,157.41,159.58,39.6241
AAPL,2019-05-09,200.4,201.68,196.66,200.72,48.2428
AAPL,2019-05-08,201.9,205.34,201.75,202.9,48.7668
NVDA,2019-05-20,152.55,154.77,150.75,151.75,37.6798
AAPL,2019-05-07,205.88,207.42,200.83,202.86,48.7571
AAPL,2019-05-13,187.71,189.48,182.85,185.72,44.8095
AAPL,2019-05-14,186.41,189.7,185.41,188.66,45.5188
NVDA,2019-05-14,160.05,163.46,158.4904,162.04,40.2349
NVDA,2019-05-23,149.69,149.69,144.9112,147.32,36.5799
NVDA,2019-05-24,148.08,149.5,144.88,145.15,36.0411
AAPL,2019-05-06,204.29,208.84,203.5,208.48,50.1079
NVDA,2019-05-06,175.5,180.34,174,179.85,44.6571
AAPL,2019-04-29,204.4,205.97,203.86,204.61,49.1778
NVDA,2019-05-03,183.53,183.93,180.53,183.01,45.4418
NVDA,2019-05-13,163.5,164.43,157.81,158.45,39.3435
AAPL,2019-05-03,210.89,211.84,210.23,211.75,50.8938
AAPL,2019-05-02,209.84,212.65,208.13,209.15,50.2689
AAPL,2019-05-01,209.88,215.31,209.23,210.52,50.5982
AAPL,2019-04-30,203.06,203.4,199.11,200.67,48.2308
NVDA,2019-05-10,168.95,171.59,164,168.82,41.9184
NVDA,2019-05-09,171.14,171.53,165.4,170.19,42.2585
NVDA,2019-05-08,172,177.15,171.52,173.92,43.1847
NVDA,2019-05-07,177.9,177.9,171.17,173.11,42.9836
NVDA,2019-05-02,180.86,184.87,179.115,183.19,45.4865
NVDA,2019-05-01,183.11,184.81,180.46,180.47,44.8111
AAPL,2019-04-26,204.9,205,202.12,204.3,49.1032
AAPL,2019-04-25,206.83,207.76,205.12,205.28,49.3388
AAPL,2019-04-24,207.36,208.48,207.05,207.16,49.7906
NVDA,2019-04-29,178.41,180.45,175.5,179.33,44.528
AAPL,2019-04-23,204.43,207.75,203.9,207.48,49.8676
NVDA,2019-04-24,191.09,192.81,188.64,191.17,47.4679
AAPL,2019-04-16,199.46,201.37,198.56,199.25,47.8895
NVDA,2019-04-23,189,191.93,188.61,190.67,47.3438
NVDA,2019-04-30,178.03,182.03,177.26,181,44.9427
AAPL,2019-04-18,203.12,204.15,202.52,203.86,48.9975
AAPL,2019-04-22,202.83,204.94,202.34,204.53,49.1585
AAPL,2019-04-17,199.54,203.38,198.61,203.13,48.822
AAPL,2019-04-15,198.58,199.85,198.01,199.23,47.8847
NVDA,2019-04-22,185.35,189.1,184.08,188.47,46.7975
NVDA,2019-04-26,180.71,180.8876,173.3,178.09,44.2201
AAPL,2019-04-12,199.2,200.14,196.21,198.87,47.7981
NVDA,2019-04-25,189.55,190.45,183.7,186.91,46.4102
NVDA,2019-04-12,193.1,193.26,189.66,190.01,47.1799
AAPL,2019-04-01,191.64,191.68,188.38,191.24,45.9643
NVDA,2019-04-11,192.2,193.47,189.55,191.54,47.5598
NVDA,2019-04-10,189.23,193.14,189.05,192.1,47.6988
NVDA,2019-04-09,190.44,190.89,187.56,189.26,46.9937
AAPL,2018-04-10,173,174,171.53,173.25,41.0159
NVDA,2019-04-16,186.28,188.97,184.9641,188.21,46.7329
AAPL,2019-04-11,200.85,201,198.44,198.95,47.8174
NVDA,2019-04-18,187.56,188.93,185.18,186.3,46.2587
NVDA,2019-04-17,189.62,190.46,186.39,187.29,46.5045
AAPL,2019-04-10,198.68,200.74,198.18,200.62,48.2188
AAPL,2019-04-09,200.32,202.85,199.23,199.5,47.9496
AAPL,2019-04-08,196.42,200.23,196.34,200.1,48.0938
AAPL,2019-04-04,194.79,196.37,193.14,195.69,47.0338
NVDA,2019-04-15,189.7,189.9,183.1,184.7,45.8614
AAPL,2019-04-02,191.09,194.46,191.05,194.02,46.6325
AAPL,2019-04-03,193.25,196.5,193.15,195.35,46.9521
AAPL,2019-04-05,196.45,197.1,195.93,197,47.3487
NVDA,2019-04-08,189.72,192.8,188.75,191.79,47.6219
AAPL,2019-03-26,191.66,192.88,184.58,186.79,44.8947
NVDA,2019-04-05,190,191.65,188.53,190.95,47.4133
AAPL,2019-03-29,189.83,190.08,188.54,189.95,45.6542
NVDA,2019-04-01,183.26,183.5,180.3745,182.28,45.2605
NVDA,2019-03-29,179.94,180.54,177.91,179.56,44.5851
AAPL,2019-03-20,186.23,189.49,184.73,188.16,45.224
AAPL,2019-03-22,195.34,197.69,190.78,191.05,45.9186
AAPL,2019-03-21,190.02,196.33,189.81,195.09,46.8896
AAPL,2019-03-19,188.35,188.99,185.92,186.53,44.8322
NVDA,2019-03-15,167.3,171.53,167.16,169.81,42.1642
NVDA,2019-03-27,177.9,179.77,173.7,176.5,43.8253
NVDA,2019-03-28,177.55,179.9,175.11,177.25,44.0116
AAPL,2019-03-18,185.8,188.39,185.79,188.02,45.1904
NVDA,2019-03-25,175.86,178.45,171.11,173.78,43.1499
NVDA,2019-03-20,176.88,179.03,173,174.4,43.3039
AAPL,2019-03-13,182.25,183.3,180.92,181.71,43.6738
NVDA,2019-03-21,175.33,185,175.13,183.94,45.6727
AAPL,2019-03-12,180,182.67,179.37,180.91,43.4815
AAPL,2019-03-11,175.49,179.12,175.35,178.9,42.9984
NVDA,2019-03-19,172.76,177.5,172.08,175.71,43.6292
AAPL,2019-03-28,188.95,189.56,187.53,188.72,45.3586
NVDA,2019-04-04,188,189.97,185.73,188.26,46.7454
AAPL,2019-03-27,188.75,189.76,186.55,188.47,45.2985
NVDA,2019-04-02,183.25,184.7887,181.52,183,45.4393
NVDA,2019-04-03,185,191,184.8,188.62,46.8347
AAPL,2019-03-25,191.51,191.98,186.6,188.74,45.3634
NVDA,2019-03-26,179.489,181.75,174.5969,176.87,43.9172
NVDA,2019-03-22,182.84,184.7997,176.94,177.5,44.0736
AAPL,2019-03-15,184.85,187.33,183.74,186.12,44.7337
AAPL,2019-03-06,174.67,175.49,173.94,174.52,41.9457
NVDA,2019-03-18,171.08,173.25,167.8577,168.95,41.9506
AAPL,2019-03-07,173.87,174.44,172.02,172.5,41.4602
AAPL,2019-03-05,175.94,176,174.54,175.53,42.1884
AAPL,2019-03-14,183.9,184.1,182.56,183.73,44.1593
NVDA,2019-03-14,168.99,169.47,165.25,165.56,41.1089
NVDA,2019-03-04,158,158.92,154.5,156.78,38.9288
AAPL,2019-03-04,175.69,177.75,173.97,175.85,42.2653
NVDA,2019-03-13,164.03,169.8,163.73,168.62,41.8687
AAPL,2019-03-08,170.32,173.07,169.5,172.91,41.5587
AAPL,2019-02-22,171.58,173,171.38,172.97,41.5731
AAPL,2019-02-28,174.32,174.91,172.92,173.15,41.6164
AAPL,2019-02-27,173.21,175,172.73,174.87,42.0298
NVDA,2019-03-06,156.16,156.5,151.94,152.05,37.7543
NVDA,2019-03-07,151.1,151.49,147.4001,149.26,37.0616
NVDA,2019-03-05,156.15,158.0571,153.96,156.52,38.8643
AAPL,2019-02-25,174.16,175.87,173.95,174.23,41.876
NVDA,2019-03-12,162.26,164.39,159.19,162.52,40.3541
NVDA,2019-03-11,151.59,162.06,149.69,161.14,40.0114
AAPL,2019-03-01,174.28,175.15,172.89,174.97,42.0538
NVDA,2019-03-01,156.27,158.1489,153.92,156.45,38.8469
NVDA,2019-03-08,145.66,151.07,144.8,150.64,37.4042
AAPL,2019-02-20,171.19,173.32,170.99,172.03,41.3472
NVDA,2019-02-28,155,155.9,153.36,154.26,38.3031
AAPL,2019-02-26,173.71,175.3,173.17,174.33,41.9
AAPL,2019-02-21,171.8,172.37,170.3,171.06,41.1141
NVDA,2019-02-22,157.86,159.95,157.31,159.19,39.4865
AAPL,2019-02-19,169.71,171.44,169.49,170.93,41.0828
NVDA,2019-02-20,157.82,161.26,157.37,158.55,39.3278
NVDA,2019-02-27,156.52,157.59,153.11,155.41,38.5489
NVDA,2019-02-26,158.5,160.76,155.75,157.1,38.9681
NVDA,2019-02-21,159.06,160.05,155.18,155.77,38.6382
AAPL,2019-02-12,170.1,171,169.7,170.89,41.0732
AAPL,2019-02-15,171.25,171.7,169.75,170.42,40.9602
AAPL,2019-02-11,171.05,171.21,169.25,169.43,40.7223
NVDA,2018-04-16,231.772,232.84,227.68,231.49,57.2961
AAPL,2018-04-09,169.88,173.09,169.85,170.05,40.2583
AAPL,2019-02-14,169.71,171.26,169.38,170.8,41.0516
NVDA,2019-02-19,156.91,159.89,156.14,156.64,38.854
AAPL,2019-02-08,168.99,170.66,168.42,170.41,40.9578
AAPL,2019-02-13,171.39,172.48,169.92,170.18,40.9025
NVDA,2019-02-25,162.56,165.28,158.34,158.69,39.3625
NVDA,2019-02-15,162.95,163.87,156.42,157.34,39.0276
AAPL,2019-01-30,163.25,166.15,160.23,165.25,39.548
AAPL,2019-02-07,172.4,173.94,170.34,170.94,40.9098
AAPL,2019-02-04,167.41,171.66,167.28,171.25,40.9839
NVDA,2019-02-07,151.128,151.22,145.69,147.42,36.567
AAPL,2019-02-01,166.96,168.98,165.93,166.52,39.852
NVDA,2019-02-12,148,151.8,147.42,151.17,37.4972
NVDA,2019-02-14,152.84,155.665,151.1,154.53,38.3306
AAPL,2019-02-05,172.86,175.08,172.35,174.18,41.6852
NVDA,2019-02-05,149.66,151.43,148.3,149.95,37.1946
AAPL,2019-02-06,174.65,175.57,172.85,174.24,41.6995
NVDA,2019-02-13,152.36,155.83,151.81,152.88,37.9213
NVDA,2019-02-11,146.39,148.58,144.5,146.45,36.3264
NVDA,2019-02-08,144.71,148.6,144.13,148.17,36.7531
AAPL,2019-01-31,166.11,169,164.56,166.44,39.8328
NVDA,2019-02-06,151.29,155.6,151.07,153,37.9511
AAPL,2019-01-29,156.25,158.13,154.11,154.68,37.0184
NVDA,2019-02-04,145.37,150.68,144.48,149.18,37.0036
AAPL,2019-01-28,155.79,156.33,153.66,156.3,37.4061
NVDA,2019-01-28,136.55,141.64,131,138.01,34.2329
AAPL,2019-01-25,155.48,158.13,154.32,157.76,37.7555
NVDA,2019-01-30,134.67,137.97,131.46,137.39,34.0791
AAPL,2019-01-16,153.08,155.88,153,154.94,37.0806
NVDA,2019-02-01,144.5,146.79,142.58,144.73,35.8998
NVDA,2019-01-25,155.44,160.88,151.3,160.15,39.7246
AAPL,2019-01-22,156.41,156.73,152.62,153.3,36.6881
AAPL,2019-01-15,150.27,153.39,150.05,153.07,36.6331
AAPL,2019-01-24,154.11,154.48,151.74,152.7,36.5445
NVDA,2019-01-24,152.7,158.55,152.51,157.84,39.1517
NVDA,2019-01-31,137.26,145.19,136.3832,143.75,35.6567
AAPL,2019-01-23,154.15,155.14,151.7,153.92,36.8365
AAPL,2019-01-18,157.5,157.88,155.98,156.82,37.5305
NVDA,2019-01-23,151,154.58,148.03,149.29,37.0309
AAPL,2019-01-17,154.2,157.66,153.26,155.86,37.3008
NVDA,2019-01-29,136.15,138.1,131.01,131.6,32.6429
AAPL,2019-01-04,144.53,148.55,143.8,148.26,35.4819
NVDA,2019-01-16,150.97,152.3,148.615,148.84,36.9192
AAPL,2019-01-09,151.29,154.53,149.63,153.31,36.6905
NVDA,2019-01-22,155.71,156.18,147.5507,148.77,36.9019
NVDA,2019-01-14,146.72,151.46,145.77,150.44,37.3161
AAPL,2019-01-14,150.85,151.27,149.22,150,35.8983
AAPL,2019-01-11,152.88,153.7,151.51,152.29,36.4464
AAPL,2019-01-08,149.56,151.82,148.52,150.75,36.0778
AAPL,2019-01-03,143.98,145.72,142,142.19,34.0292
NVDA,2019-01-15,151.76,153.35,149.13,149.87,37.1747
NVDA,2019-01-11,144.33,149.75,143.21,148.83,36.9168
NVDA,2019-01-18,153.73,157.98,151.65,156.93,38.9259
AAPL,2019-01-10,152.5,153.97,150.86,153.8,36.8078
AAPL,2019-01-02,154.89,158.85,154.23,157.92,37.7938
AAPL,2019-01-07,148.7,148.83,145.9,147.93,35.4029
NVDA,2019-01-10,141.8,145.58,139.36,145.23,36.0238
AAPL,2018-04-06,170.97,172.48,168.2,168.38,39.8629
NVDA,2019-01-17,147.51,153.33,146.41,151.72,37.6336
AAPL,2018-12-31,158.53,159.36,156.48,157.74,37.7507
AAPL,2018-12-20,160.4,162.11,155.3,156.83,37.5329
NVDA,2019-01-09,141.9,144.49,139.86,142.58,35.3665
NVDA,2019-01-08,146.69,146.78,136.9,139.83,34.6843
AAPL,2018-12-26,148.3,157.23,146.72,157.17,37.6143
AAPL,2018-12-27,155.84,156.77,150.07,156.15,37.3702
NVDA,2019-01-04,130.94,137.73,129.7,136.19,33.7815
AAPL,2018-12-19,166,167.45,159.09,160.89,38.5046
NVDA,2019-01-03,133.79,135.16,127.6932,127.99,31.7475
AAPL,2018-12-24,148.15,151.55,146.59,146.83,35.1397
NVDA,2019-01-02,130.64,138.48,130.05,136.22,33.7889
NVDA,2019-01-07,138.5,144.89,136.43,143.4,35.5699
AAPL,2018-12-28,157.5,158.52,154.55,156.23,37.3893
AAPL,2018-12-18,165.38,167.53,164.39,166.07,39.7443
NVDA,2018-12-26,128.94,133.14,124.46,133.1,33.015
AAPL,2018-12-21,156.86,158.16,149.63,150.73,36.0731
NVDA,2018-12-31,135.4,136.71,132.26,133.5,33.1142
NVDA,2018-12-28,132,137.39,130.31,133.65,33.1514
AAPL,2018-12-17,165.45,168.35,162.73,163.94,39.2345
NVDA,2018-12-27,130.99,132.38,125.18,131.17,32.5363
AAPL,2018-12-07,173.49,174.49,168.3,168.49,40.3234
NVDA,2018-12-24,126.49,129.9799,124.5,127.08,31.5217
AAPL,2018-12-14,169,169.08,165.28,165.48,39.6031
NVDA,2018-12-20,138.17,141.8,132.688,135.1,33.5111
AAPL,2018-12-13,170.49,172.57,169.55,170.95,40.9121
AAPL,2018-12-06,171.76,174.78,170.42,174.72,41.8144
AAPL,2018-12-12,170.4,171.92,169.02,169.1,40.4694
AAPL,2018-12-11,171.66,171.79,167,168.63,40.3569
NVDA,2018-12-19,145.58,147.7445,136.43,138.51,34.3569
NVDA,2018-12-14,147.21,150.59,145.5,146.45,36.3264
NVDA,2018-12-21,136.17,137.5,128.46,129.57,32.1394
NVDA,2018-12-04,168.24,168.44,156.5,157.11,38.9706
AAPL,2018-12-04,180.95,182.39,176.27,176.69,42.2859
AAPL,2018-12-03,184.46,184.94,181.21,184.82,44.2315
NVDA,2018-12-13,150.79,153.38,147.44,148.89,36.9316
NVDA,2018-12-18,145.35,150.33,144.25,146.94,36.448
AAPL,2018-12-10,165,170.09,163.33,169.6,40.5891
NVDA,2018-12-17,145.24,148.15,141.24,143.58,35.6145
NVDA,2018-12-03,172.6,174.68,167.34,170.04,42.1778
AAPL,2018-11-30,180.29,180.33,177.03,178.58,42.7382
NVDA,2018-12-12,148.42,152.78,144.82,148.9,36.9341
NVDA,2018-11-30,157.75,163.8599,155.72,163.43,40.5382
NVDA,2018-12-11,155.56,155.89,145,148.19,36.758
AAPL,2018-11-23,174.94,176.6,172.1,172.29,41.2328
AAPL,2018-11-21,179.73,180.27,176.55,176.78,42.3074
NVDA,2018-12-10,145.8,152.8599,145.65,151.86,37.6683
NVDA,2018-12-07,158.46,158.87,145.616,147.61,36.6141
NVDA,2018-12-06,151.44,158.492,150.81,158.29,39.2633
AAPL,2018-11-29,182.66,182.8,177.7,179.55,42.9703
AAPL,2018-11-28,176.73,181.29,174.93,180.94,43.303
AAPL,2018-11-20,178.37,181.47,175.51,176.98,42.3553
AAPL,2018-11-27,171.51,174.77,170.88,174.24,41.6995
AAPL,2018-11-26,174.24,174.95,170.26,174.62,41.7905
NVDA,2018-11-20,134.06,154.26,133.31,149.08,36.9418
AAPL,2018-11-14,193.9,194.48,185.93,186.8,44.7054
AAPL,2018-11-13,191.63,197.18,191.45,192.23,46.0049
NVDA,2018-04-12,230,235.32,228.2149,234.6,58.0659
AAPL,2018-11-19,190,190.7,184.99,185.86,44.4804
AAPL,2018-11-12,199,199.85,193.79,194.17,46.4692
NVDA,2018-11-19,161.79,161.82,144.63,144.7,35.8565
NVDA,2018-11-29,160,161.5,156.14,157.36,39.0326
NVDA,2018-11-28,158.48,160.28,153.125,160.07,39.6651
AAPL,2018-11-16,190.5,194.97,189.46,193.53,46.316
NVDA,2018-11-23,143.31,149.59,142.7892,145,35.9308
AAPL,2018-11-09,205.55,206.01,202.25,204.47,48.9342
NVDA,2018-11-16,163.32,170.66,161.61,164.43,40.7455
NVDA,2018-11-27,152,157.01,150.55,153.73,38.0941
AAPL,2018-11-15,188.39,191.97,186.9,191.41,45.8087
NVDA,2018-11-26,149.89,153.47,146.56,153.05,37.9256
AAPL,2018-11-08,209.98,210.12,206.75,208.49,49.8963
NVDA,2018-11-15,196.95,205.3,195.5,202.39,50.152
AAPL,2018-11-07,205.97,210.06,204.13,209.95,50.071
NVDA,2018-11-21,154.62,155.3,143.61,144.71,35.8589
AAPL,2018-04-05,172.58,174.23,172.08,172.8,40.9093
NVDA,2018-11-07,213.75,217.41,211.18,213.79,52.9769
NVDA,2018-11-13,193.49,204.21,193.2369,199.31,49.3887
AAPL,2018-11-02,209.55,213.65,205.43,207.48,49.4819
NVDA,2018-11-12,201.98,202.87,188.66,189.54,46.9677
AAPL,2018-11-01,219.05,222.36,216.81,222.22,52.9973
NVDA,2018-11-09,202.4,209.32,201.04,205.67,50.9647
AAPL,2018-11-06,201.92,204.72,201.69,203.77,48.5971
AAPL,2018-11-05,204.3,204.39,198.17,201.59,48.0772
AAPL,2018-10-31,216.88,220.45,216.62,218.86,52.196
NVDA,2018-11-14,206.3,206.88,192.8302,197.19,48.8634
NVDA,2018-11-06,211.45,214.85,209.5648,211.06,52.3004
AAPL,2018-10-30,211.15,215.18,209.27,213.3,50.87
AAPL,2018-10-25,217.71,221.38,216.75,219.8,52.4201
NVDA,2018-11-08,211.4,211.43,203.83,205.99,51.044
AAPL,2018-10-29,219.19,219.69,206.09,212.24,50.6172
NVDA,2018-11-05,214.39,215.33,205.28,211.77,52.4763
NVDA,2018-11-02,217.73,222,210.2108,214.92,53.2569
NVDA,2018-04-13,237.17,237.51,229.55,231.5,57.2986
NVDA,2018-11-01,212.3,218.49,207.19,218.11,54.0473
NVDA,2018-04-11,227.31,228.976,224.921,226.24,55.9967
AAPL,2018-10-26,215.9,220.19,212.67,216.3,51.5854
NVDA,2018-10-30,186.55,203.4,185.62,203,50.3031
NVDA,2018-10-29,203.99,204.13,176.01,185.62,45.9964
AAPL,2018-10-23,215.83,223.25,214.7,222.73,53.1189
AAPL,2018-10-19,218.06,221.26,217.43,219.31,52.3033
AAPL,2018-10-18,217.86,219.74,213,216.02,51.5186
NVDA,2018-10-26,198.31,204.842,193.12,198.29,49.136
AAPL,2018-10-24,222.6,224.23,214.54,215.09,51.2969
AAPL,2018-04-04,164.88,172.01,164.77,171.61,40.6276
NVDA,2018-10-25,195.47,209.75,193.6815,207.84,51.5025
NVDA,2018-10-24,219.51,221.39,198.85,199.41,49.4135
AAPL,2018-10-22,219.79,223.36,218.94,220.65,52.6229
AAPL,2018-10-08,222.21,224.8,220.2,223.77,53.3669
NVDA,2018-10-31,209.65,212.59,204.01,210.83,52.2434
NVDA,2018-10-19,241.76,242.55,227.7,229.17,56.788
NVDA,2018-10-18,245.86,247.41,237.09,239.53,59.3552
AAPL,2018-10-17,222.3,222.64,219.34,221.19,52.7516
NVDA,2018-10-23,220.43,224.19,216.71,221.06,54.7784
AAPL,2018-10-16,218.93,222.99,216.76,222.15,52.9806
AAPL,2018-10-15,221.16,221.83,217.27,217.36,51.8382
NVDA,2018-10-22,231.28,235.32,227.07,231.22,57.296
NVDA,2018-10-17,248.34,249.88,241.08,243.06,60.2299
AAPL,2018-10-12,220.42,222.88,216.84,222.11,52.9711
AAPL,2018-10-10,225.46,226.35,216.05,216.36,51.5997
NVDA,2018-10-16,239.93,246.28,237.94,245.83,60.9163
AAPL,2018-10-09,223.64,227.27,222.25,226.87,54.1063
AAPL,2018-10-11,214.52,219.5,212.32,214.45,51.1442
NVDA,2018-10-11,242.17,247.56,234.261,235.13,58.2649
AAPL,2018-10-05,227.96,228.41,220.58,224.29,53.491
NVDA,2018-10-15,246,246,235.34,235.38,58.3268
AAPL,2018-10-04,230.78,232.35,226.73,227.99,54.3734
NVDA,2018-10-12,245.5066,249.5412,239.65,246.54,61.0923
NVDA,2018-10-10,261.26,263.11,245.6,245.69,60.8816
AAPL,2018-10-02,227.25,230,226.63,229.28,54.681
AAPL,2018-10-01,227.95,229.42,226.35,227.26,54.1993
AAPL,2018-09-25,219.75,222.82,219.7,222.19,52.9901
NVDA,2018-10-08,266.5,271.16,260.08,265.77,65.8574
AAPL,2018-10-03,230.05,233.47,229.78,232.07,55.3464
NVDA,2018-10-09,264.94,268.76,262.8,265.54,65.8004
AAPL,2018-09-24,216.82,221.26,216.63,220.79,52.6562
NVDA,2018-10-02,288.25,292.76,285.58,286.48,70.9893
AAPL,2018-09-20,220.24,222.28,219.15,220.03,52.475
AAPL,2018-09-28,224.79,225.84,224.02,225.74,53.8368
AAPL,2018-09-27,223.82,226.44,223.54,224.95,53.6484
NVDA,2018-10-05,278.29,280.8,267.54,269.86,66.8709
NVDA,2018-10-04,285.27,286.25,276.18,279.29,69.2077
NVDA,2018-10-03,289.32,289.62,282.53,286.73,71.0513
AAPL,2018-09-21,220.78,221.36,217.29,217.66,51.9098
NVDA,2018-10-01,284.16,292.06,282.6,289.36,71.703
NVDA,2018-09-28,272.73,281.9152,271.6,281.02,69.6364
NVDA,2018-09-27,268.34,269.2,266.1295,267.4,66.2613
AAPL,2018-09-26,221,223.75,219.76,220.42,52.568
AAPL,2018-09-19,218.5,219.62,215.3,218.37,52.0791
NVDA,2018-09-20,267.05,268.76,264.1,266.28,65.9838
NVDA,2018-09-25,268.37,269.42,264.91,268.41,66.5116
NVDA,2018-09-21,266.76,268.6,262.11,263.45,65.2825
AAPL,2018-09-12,224.94,225,219.84,221.07,52.723
AAPL,2018-09-17,222.15,222.95,217.27,217.88,51.9622
AAPL,2018-09-18,217.79,221.85,217.12,218.24,52.0481
AAPL,2018-09-11,218.01,224.3,216.56,223.85,53.386
NVDA,2018-09-24,262.2,265.84,258.68,265.7,65.8401
NVDA,2018-09-26,268.61,270.24,266.28,266.92,66.1424
NVDA,2018-09-19,270.273,272.699,268.25,271.98,67.3963
AAPL,2018-09-10,220.95,221.85,216.47,218.33,52.0696
NVDA,2018-09-17,275.402,277.38,273.15,273.93,67.8795
NVDA,2018-09-18,274.09,278.24,270.75,271.02,67.1584
AAPL,2018-09-14,225.75,226.84,222.52,223.84,53.3836
AAPL,2018-09-13,223.52,228.35,222.57,226.41,53.9966
AAPL,2018-04-03,167.64,168.75,164.88,168.39,39.8653
AAPL,2018-09-07,221.85,225.37,220.71,221.3,52.7779
AAPL,2018-09-06,226.23,227.35,221.3,223.1,53.2072
AAPL,2018-08-30,223.25,228.26,222.4,225.03,53.6674
NVDA,2018-09-14,274.99,279.1,273.5,276.43,68.499
NVDA,2018-09-12,271.19,271.98,261.92,268.2,66.4596
AAPL,2018-08-29,220.15,223.49,219.41,222.98,53.1785
AAPL,2018-09-05,228.99,229.67,225.1,226.87,54.1063
NVDA,2018-09-13,270.86,275,270.161,271.34,67.2377
NVDA,2018-09-07,269,276.93,267.19,271.86,67.3665
AAPL,2018-08-27,217.15,218.74,216.33,217.94,51.9765
NVDA,2018-09-11,272.86,276.3999,272.02,272.8,67.5994
NVDA,2018-09-06,277.76,277.86,271.391,272.72,67.5796
AAPL,2018-09-04,228.41,229.18,226.63,228.36,54.4616
AAPL,2018-08-28,219.01,220.54,218.92,219.7,52.3963
NVDA,2018-08-27,273.42,278.9,272.145,275.9,68.3302
NVDA,2018-09-10,272.77,275.93,271,274.73,68.0777
AAPL,2018-08-31,226.51,228.87,226,227.63,54.2875
AAPL,2018-08-22,214.1,216.36,213.84,215.05,51.2873
NVDA,2018-08-30,277.23,281.717,276.32,277.81,68.8409
AAPL,2018-08-24,216.6,216.9,215.11,216.16,51.552
NVDA,2018-09-05,282.99,284.42,275.15,278.42,68.9921
NVDA,2018-09-04,280.15,285.22,279,283.7,70.3005
AAPL,2018-08-20,218.1,219.18,215.11,215.46,51.3851
NVDA,2018-08-29,273.92,279.5,273.08,278.49,69.0094
NVDA,2018-08-24,267.18,272.81,267,272.22,67.4188
AAPL,2018-08-23,214.65,217.05,214.6,215.49,51.3922
NVDA,2018-08-31,277,281.2,276.6,280.68,69.5521
AAPL,2018-08-14,210.16,210.56,208.26,209.75,50.0233
AAPL,2018-08-17,213.44,217.95,213.16,217.58,51.8907
NVDA,2018-08-22,252,263.02,251.86,262.82,65.0908
AAPL,2018-08-16,211.75,213.81,211.47,213.32,50.8747
AAPL,2018-08-15,209.22,210.74,208.33,210.24,50.1402
NVDA,2018-08-28,275.66,276.58,269.53,274.38,67.9538
AAPL,2018-08-21,216.8,217.19,214.03,215.04,51.2849
NVDA,2018-08-23,261.26,269.48,260.7012,266.84,66.0864
AAPL,2018-08-13,209.31,210.95,207.7,208.87,49.8134
NVDA,2018-08-14,260.38,262,257.02,261.43,64.7466
NVDA,2018-08-20,243.18,253.2,238.72,247.84,61.3808
AAPL,2018-08-07,209.32,209.5,206.76,207.11,49.2211
AAPL,2018-08-09,209.53,209.78,207.2,208.88,49.6417
NVDA,2018-08-17,252.94,252.97,243.73,244.82,60.6329
AAPL,2018-08-08,206.05,207.81,204.52,207.25,49.2543
NVDA,2018-08-16,261.9,262,255.01,257.44,63.7584
NVDA,2018-08-21,248.5,253.5,247.7,253.32,62.738
AAPL,2018-08-10,207.36,209.1,206.67,207.53,49.4939
NVDA,2018-08-13,255.14,261,255.07,256.12,63.4315
AAPL,2018-08-03,207.03,208.74,205.48,207.99,49.4302
AAPL,2018-08-01,199.13,201.76,197.31,201.5,47.8878
NVDA,2018-08-15,262.27,263.639,255.9,259.08,64.1646
AAPL,2018-08-06,208,209.25,207.07,209.07,49.6869
NVDA,2018-08-09,259.14,259.25,256.15,256.46,63.5157
AAPL,2018-08-02,200.58,208.38,200.35,207.39,49.2876
AAPL,2018-07-31,190.3,192.14,189.34,190.29,45.2237
NVDA,2018-08-08,257,260.24,255.59,258.42,64.0011
AAPL,2018-07-30,191.9,192.2,189.07,189.91,45.1334
NVDA,2018-08-10,253.15,256.1,252.7,254.79,63.1021
NVDA,2018-08-03,251.61,253.06,250.93,252.1,62.4359
NVDA,2018-08-07,256,257.7,254.9201,256.95,63.637
NVDA,2018-08-01,246.13,248.3599,243.886,246.47,61.0415
NVDA,2018-07-31,243.71,247.88,242.1411,244.86,60.6428
AAPL,2018-07-27,194.99,195.19,190.1,190.98,45.3877
AAPL,2018-07-26,194.61,195.96,193.61,194.21,46.1553
NVDA,2018-07-30,252.59,252.83,242.72,244.13,60.462
AAPL,2018-07-23,190.68,191.96,189.56,191.61,45.5374
AAPL,2018-07-24,192.45,193.66,192.05,193,45.8677
AAPL,2018-07-20,191.78,192.43,190.17,191.44,45.497
NVDA,2018-08-06,251.59,254.17,249.7059,254.03,62.9139
AAPL,2018-07-25,193.06,194.85,192.43,194.82,46.3003
NVDA,2018-08-02,243.59,250.78,241.21,250.62,62.0693
NVDA,2018-07-23,249.82,249.89,243.28,249.41,61.7697
NVDA,2018-07-27,256.32,256.6,249.84,252.02,62.4161
AAPL,2018-07-18,191.78,191.8,189.93,190.4,45.2498
AAPL,2018-07-19,189.69,192.55,189.69,191.88,45.6016
NVDA,2018-07-26,251.06,256.33,250.38,254.84,63.1145
AAPL,2018-07-12,189.53,191.41,189.31,191.03,45.3996
AAPL,2018-07-11,188.5,189.78,187.61,187.88,44.6509
NVDA,2018-07-20,251.93,253.5,250.45,250.89,62.1362
NVDA,2018-07-18,253.39,253.95,249.64,251.7,62.3368
NVDA,2018-07-25,249.09,252.38,246.75,251.87,62.3789
AAPL,2018-07-17,189.75,191.87,189.2,191.45,45.4994
NVDA,2018-07-17,246.21,254.3,245.18,253.69,62.8297
AAPL,2018-07-16,191.52,192.65,190.42,190.91,45.371
NVDA,2018-07-19,250.94,253.39,250.33,252.03,62.4185
AAPL,2018-06-28,184.1,186.21,183.8,185.5,44.0853
NVDA,2018-07-24,251.35,254.85,248,248.71,61.5963
AAPL,2018-07-13,191.08,191.84,190.9,191.33,45.4709
AAPL,2018-07-03,187.79,187.95,183.54,183.92,43.7098
NVDA,2018-07-12,249.36,253.17,248.96,251.23,62.2204
NVDA,2018-07-11,249.5,250.9,247.1,247.53,61.304
AAPL,2018-07-02,183.82,187.3,183.42,187.18,44.4846
AAPL,2018-07-10,190.71,191.28,190.18,190.35,45.238
NVDA,2018-07-16,248.2,250.34,247.7,248.2,61.47
AAPL,2018-07-09,189.5,190.68,189.3,190.58,45.2926
NVDA,2018-07-10,249.75,254.14,248.12,253.25,62.7207
AAPL,2018-06-27,185.23,187.28,184.03,184.16,43.7669
AAPL,2018-07-06,185.42,188.43,185.2,187.97,44.6723
AAPL,2018-07-05,185.26,186.41,184.28,185.4,44.0616
NVDA,2018-07-13,251.98,251.98,247.62,249.32,61.7474
NVDA,2018-07-09,250.3297,250.72,246.0707,249.25,61.73
AAPL,2018-06-26,182.99,186.53,182.54,184.43,43.831
NVDA,2018-07-03,243.64,243.88,236.5,236.84,58.6565
NVDA,2018-07-06,241.74,247.665,240.88,247.33,61.2545
NVDA,2018-07-02,234.09,242.39,233.2649,242.24,59.9939
NVDA,2018-07-05,239.07,242.93,237.5,242.73,60.1153
AAPL,2018-06-18,187.88,189.22,187.2,188.74,44.8553
AAPL,2018-06-29,186.29,187.19,182.91,185.11,43.9926
NVDA,2018-06-29,243.49,244,236.85,236.9,58.6714
AAPL,2018-06-22,186.12,186.15,184.7,184.92,43.9475
AAPL,2018-06-15,190.03,190.16,188.26,188.84,44.8791
AAPL,2018-06-21,187.25,188.35,184.94,185.46,44.0758
NVDA,2018-06-28,235.32,241.34,235.01,240.86,59.6521
AAPL,2018-06-20,186.35,187.2,185.73,186.5,44.323
AAPL,2018-06-19,185.14,186.33,183.45,185.69,44.1305
NVDA,2018-06-27,243.75,246.43,235.5,235.72,58.3791
AAPL,2018-06-25,183.4,184.92,180.73,182.17,43.2939
AAPL,2018-06-14,191.55,191.57,190.22,190.8,45.3449
NVDA,2018-06-25,246.65,246.8,235.54,239.12,59.2212
NVDA,2018-06-22,257.95,258.49,250.3301,250.95,62.1511
NVDA,2018-06-26,243.7,245.65,239.9101,241.99,59.932
AAPL,2018-06-13,192.42,192.88,190.44,190.7,45.3211
NVDA,2018-06-21,263.6,264.34,256.8,257.11,63.6767
NVDA,2018-06-20,261.832,264.45,260.2808,262.31,64.9645
AAPL,2018-06-12,191.39,192.61,191.15,192.28,45.6966
AAPL,2018-06-04,191.64,193.42,191.35,191.83,45.5897
NVDA,2018-06-19,260.92,263.64,255.02,260.17,64.4345
AAPL,2018-06-11,191.35,191.97,190.21,191.23,45.4471
NVDA,2018-06-18,263.48,265.8,262.38,265.09,65.653
NVDA,2018-06-01,254,257.87,253.65,257.62,63.803
AAPL,2018-06-08,191.17,192,189.77,191.7,45.5588
NVDA,2018-06-15,264.6,267.48,263.3484,265.26,65.6951
NVDA,2018-06-14,264.22,269.2,263.62,266.91,66.1038
AAPL,2018-06-06,193.63,194.08,191.92,193.98,46.1006
AAPL,2018-06-07,194.14,194.2,192.34,193.46,45.9771
AAPL,2018-06-05,193.07,193.94,192.36,193.31,45.9414
NVDA,2018-06-13,262.64,265.67,262.031,262.4,64.9868
NVDA,2018-06-12,261.69,263.07,259.66,262.58,65.0314
NVDA,2018-06-11,261.77,263.45,260.1,260.62,64.546
AAPL,2018-06-01,187.99,190.26,187.75,190.24,45.2118
AAPL,2018-05-31,187.22,188.23,186.14,186.87,44.4109
AAPL,2018-05-30,187.72,188,186.78,187.5,44.5606
AAPL,2018-05-29,187.6,188.75,186.87,187.9,44.6557
NVDA,2018-06-08,259.96,264,259.2,262.28,64.9571
NVDA,2018-05-31,251.7,255.2,251.27,252.19,62.4582
AAPL,2018-05-22,188.38,188.88,186.78,187.16,44.4798
AAPL,2018-05-21,188,189.27,186.91,187.63,44.5915
NVDA,2018-05-30,249.95,253.34,248.9515,252.99,62.6563
NVDA,2018-05-29,248.55,251.34,246.7,248.59,61.5666
NVDA,2018-06-06,261.43,265.28,260.77,265.15,65.6679
NVDA,2018-06-07,265,265.4785,259.25,262.9,65.1106
AAPL,2018-05-25,188.23,189.65,187.65,188.58,44.8173
NVDA,2018-06-05,264.98,266.59,263.17,265.07,65.6481
NVDA,2018-06-04,259,265.74,257.7,264.85,65.5936
AAPL,2018-05-18,187.19,187.81,186.13,186.31,44.2778
AAPL,2018-05-09,186.55,187.4,185.22,187.36,44.3563
AAPL,2018-05-24,188.77,188.84,186.21,188.15,44.7151
AAPL,2018-05-23,186.35,188.5,185.76,188.36,44.765
AAPL,2018-05-17,188,188.91,186.36,186.99,44.4394
AAPL,2018-05-10,187.74,190.37,187.65,190.04,44.9908
NVDA,2018-05-24,247.39,249.4,245.241,247.69,61.3437
NVDA,2018-05-23,240.28,247.59,240.25,247.54,61.3065
AAPL,2018-05-15,186.78,187.07,185.1,186.44,44.3087
NVDA,2018-05-25,248.2,249.94,246.76,249.28,61.7375
NVDA,2018-05-15,252.79,252.9,241.5,245.56,60.7786
NVDA,2018-05-18,249.81,252.37,245.74,245.94,60.8726
NVDA,2018-05-21,249.88,250.03,240.49,244.24,60.4518
NVDA,2018-05-22,244.78,245.7999,240.25,242.7,60.0707
NVDA,2018-05-14,256.07,258.49,254.4,255.36,63.2042
AAPL,2018-05-04,178.25,184.25,178.17,183.83,43.5206
AAPL,2018-05-14,189.01,189.53,187.86,188.15,44.7151
AAPL,2018-05-03,175.88,177.5,174.44,176.89,41.8776
AAPL,2018-05-07,185.18,187.67,184.75,185.16,43.8355
NVDA,2018-05-17,246.084,251.5,245.43,247.71,61.3107
AAPL,2018-05-11,189.49,190.06,187.45,188.59,44.8197
NVDA,2018-05-11,252.78,259.79,250.54,254.53,62.9987
AAPL,2018-05-01,166.41,169.2,165.27,169.1,40.0334
NVDA,2018-05-09,251.21,255.87,250.11,255.78,63.3081
NVDA,2018-05-04,231.83,239.1889,231.13,239.06,59.1697
NVDA,2018-05-03,227.6,234.05,225.77,232.99,57.6674
AAPL,2018-05-02,175.23,177.75,173.8,176.57,41.8018
NVDA,2018-05-10,257.92,260.5,257.2,260.13,64.3848
NVDA,2018-05-02,227,228.8,225.25,226.31,56.014
AAPL,2018-04-30,162.13,167.26,161.84,165.26,39.1243
AAPL,2018-04-25,162.62,165.42,162.41,163.65,38.7431
NVDA,2018-05-07,243.295,250.99,242.89,248.68,61.5508
AAPL,2018-04-24,165.67,166.33,161.22,162.94,38.575
AAPL,2018-04-27,164,164.33,160.63,162.32,38.4283
NVDA,2018-04-30,226.99,229,224.12,224.9,55.665
AAPL,2018-04-26,164.12,165.73,163.37,164.22,38.8781
NVDA,2018-04-27,229.5,230.3,224.62,226.33,56.0189
AAPL,2018-05-08,184.99,186.22,183.67,186.05,44.0462
AAPL,2018-04-23,166.83,166.92,164.09,165.24,39.1195
NVDA,2018-05-01,224.57,227.25,222.2,227.14,56.2194
AAPL,2018-04-19,173.76,175.39,172.66,172.8,40.9093
NVDA,2018-04-25,220,221.575,210.3,216.66,53.6255
NVDA,2018-04-24,224.92,228.8,218.56,221.2,54.7492
NVDA,2018-04-26,223.2,225.55,220.53,225.22,55.7442
AAPL,2018-04-20,170.6,171.22,165.43,165.72,39.2332
AAPL,2018-04-18,177.81,178.82,176.88,177.84,42.1025
NVDA,2018-04-23,229.43,231.5,222.83,223.88,55.4125
NVDA,2018-05-08,248.69,250.51,246.71,250.4,61.9765
AAPL,2018-04-17,176.49,178.94,176.41,178.24,42.1972
NVDA,2018-04-20,228.69,232.1,227.45,228.71,56.608
AAPL,2018-04-12,173.41,175,173.04,174.14,41.2266
AAPL,2018-04-16,175.03,176.19,174.83,175.82,41.6243
AAPL,2018-04-13,174.78,175.84,173.85,174.73,41.3662
NVDA,2018-04-10,224.72,229,222.41,227.91,56.41
AAPL,2018-03-29,167.81,171.75,166.9,167.78,39.7209
AAPL,2018-03-28,167.25,170.02,165.19,166.48,39.4131
NVDA,2018-04-06,217.23,221.6,213.0735,214.25,53.029
AAPL,2018-03-27,173.68,175.15,166.92,168.34,39.8534
AAPL,2018-04-02,166.64,168.94,164.47,166.68,39.4605
NVDA,2018-04-03,227.8,230.35,221.35,225.35,55.7764
NVDA,2018-04-09,216.8,221.97,214.6,215.41,53.3161
NVDA,2018-04-05,228.6,229.13,218.49,221.38,54.7938
AAPL,2018-03-26,168.07,173.1,166.44,172.77,40.9022
NVDA,2018-04-02,228.74,234.65,217.5,221.05,54.7121
NVDA,2018-04-04,215.01,226.6606,214,226.24,55.9967
AAPL,2018-03-16,178.65,179.12,177.62,178.02,42.1451
AAPL,2018-03-15,178.5,180.24,178.07,178.65,42.2943
AAPL,2018-03-19,177.32,177.47,173.66,175.3,41.5012
AAPL,2018-03-21,175.04,175.09,171.26,171.27,40.5471
AAPL,2018-03-20,175.24,176.8,174.94,175.24,41.487
AAPL,2018-03-23,168.39,169.92,164.94,164.94,39.0485
NVDA,2018-03-29,224.105,235.5,220.7002,231.59,57.3208
NVDA,2018-03-27,247.75,250,219.845,225.52,55.8185
AAPL,2018-03-22,170,172.68,168.6,168.85,39.9742
NVDA,2018-03-28,224.13,229.39,217,221.35,54.7863
NVDA,2018-03-23,242.4,242.67,232.52,232.97,57.6624
NVDA,2018-03-26,238,244.53,235.9,244.48,60.5113
NVDA,2018-03-22,246,247.88,240.341,241.85,59.8603
AAPL,2018-03-13,182.59,183.5,179.24,179.97,42.6068
AAPL,2018-03-12,180.29,182.39,180.21,181.72,43.0211
NVDA,2018-03-21,249.32,252,247.33,248.56,61.5211
NVDA,2018-03-20,241.12,251.15,241.12,249.58,61.7736
AAPL,2018-03-14,180.32,180.52,177.81,178.44,42.2446
AAPL,2018-03-06,177.91,178.25,176.13,176.67,41.8255
AAPL,2018-03-05,175.21,177.74,174.52,176.82,41.861
AAPL,2018-03-09,177.96,180,177.39,179.98,42.6091
AAPL,2018-03-08,175.48,177.12,175.07,176.94,41.8894
AAPL,2018-03-07,174.94,175.85,174.27,175.03,41.4373
NVDA,2018-03-16,250,251.25,248.48,250.48,61.9963
AAPL,2018-03-02,172.8,176.3,172.45,176.21,41.7166
NVDA,2018-03-13,251.49,254.5,246.04,247.71,61.3107
NVDA,2018-03-15,249.29,252.62,247.64,249.34,61.7142
NVDA,2018-03-19,248.18,249.35,237,241,59.6499
AAPL,2018-03-01,178.54,179.78,172.66,175,41.4302
NVDA,2018-03-14,249.45,250.55,246.22,248.74,61.5656
NVDA,2018-03-09,243.1,245.85,242.4501,245.33,60.7216
NVDA,2016-01-12,30.21,30.62,29.97,30.18,7.3653
NVDA,2018-03-12,247,253,246.6723,249.76,61.8181
NVDA,2018-03-08,242.95,242.95,239.3907,241.18,59.6945
NVDA,2018-03-07,238,243.95,237.95,241.84,59.8578
NVDA,2016-01-13,30.41,30.61,29.23,29.26,7.1408
AAPL,2018-02-28,179.26,180.62,178.05,178.12,42.1688
AAPL,2018-02-20,172.05,174.26,171.42,171.85,40.6844
AAPL,2018-02-26,176.35,179.39,176.21,178.97,42.37
AAPL,2018-02-23,173.67,175.65,173.54,175.5,41.5485
AAPL,2018-02-22,171.8,173.95,171.71,172.5,40.8383
NVDA,2018-03-06,239.1,242.94,237.36,242.16,59.937
AAPL,2018-02-27,179.1,180.48,178.16,178.39,42.2327
NVDA,2018-03-05,234.51,237.25,229.521,235.65,58.3257
NVDA,2018-03-02,227.86,236.8,221.85,236.54,58.546
NVDA,2018-02-26,247.8,247.98,244.06,246.58,61.031
NVDA,2018-03-01,241.91,244.09,228.1248,232.21,57.4743
NVDA,2018-02-28,246.5,248.1,241.53,242,59.8974
NVDA,2018-02-22,242.73,245.63,239.5,242.15,59.9346
NVDA,2018-02-23,244.57,245.93,242.5201,245.93,60.8701
NVDA,2018-02-21,251.69,251.9675,241.36,241.51,59.739
NVDA,2018-02-27,245.5,248.91,245.13,246.06,60.9023
AAPL,2018-02-15,169.79,173.09,169,172.99,40.9543
AAPL,2018-02-21,172.83,174.12,171.01,171.07,40.4998
AAPL,2018-02-12,158.5,163.89,157.51,162.71,38.5206
AAPL,2018-02-09,157.07,157.89,150.24,156.41,37.0291
AAPL,2018-02-14,163.04,167.54,162.88,167.37,39.6238
AAPL,2018-02-13,161.95,164.75,161.65,164.34,38.9065
NVDA,2018-02-20,244.75,251.87,244.6,249.08,61.6115
NVDA,2018-02-15,244.785,248.37,241.52,246.5,60.9733
AAPL,2018-02-08,160.29,161,155.03,155.15,36.5816
NVDA,2018-02-09,238.25,238.89,217.52,232.08,57.4065
AAPL,2018-02-16,172.36,174.82,171.77,172.43,40.8217
AAPL,2018-02-07,163.09,163.4,159.07,159.54,37.6167
NVDA,2018-02-14,231,242.5925,230.55,241.42,59.7168
NVDA,2018-02-13,226.56,234.5,225.25,232.63,57.5425
NVDA,2018-02-08,233.88,235.22,217.51,217.52,53.8049
AAPL,2018-02-06,154.83,163.72,154,163.03,38.4396
AAPL,2018-01-30,165.53,167.37,164.7,166.97,39.3686
AAPL,2018-01-31,166.87,168.44,166.5,167.43,39.4771
AAPL,2018-01-29,170.16,170.16,167.07,167.96,39.602
NVDA,2018-02-05,227,233.23,205,213.7,52.86
AAPL,2018-01-25,174.51,174.95,170.53,171.11,40.3447
NVDA,2018-02-16,245.4,250,243.47,243.84,60.3154
AAPL,2018-01-24,177.25,177.3,173.2,174.22,41.078
AAPL,2018-01-26,172,172,170.06,171.51,40.4391
NVDA,2018-02-02,237,237.97,231.17,233.52,57.7626
NVDA,2018-02-01,238.52,246.9,238.06,240.5,59.4892
AAPL,2018-02-05,159.1,163.88,156,156.49,36.8976
NVDA,2018-02-12,235.355,235.48,225.0305,228.03,56.4047
AAPL,2018-01-23,177.3,179.44,176.82,177.04,41.7429
NVDA,2018-01-30,241.11,246.42,238.41,242.72,60.0383
NVDA,2018-01-31,245.77,249.27,244.45,245.8,60.8002
NVDA,2018-02-07,229.58,234.97,226.7,228.8,56.5951
AAPL,2018-02-02,166,166.8,160.1,160.5,37.8431
NVDA,2018-01-29,242.74,248.11,240.61,246.85,61.0599
AAPL,2018-02-01,167.17,168.62,166.76,167.78,39.5596
NVDA,2018-01-25,238,239.75,235.75,236.35,58.4627
AAPL,2018-01-22,177.3,177.78,176.6,177,41.7335
NVDA,2018-01-24,239.04,240.4936,233.55,235.8,58.3266
NVDA,2018-02-06,204.4,225.7,204,225.58,55.7986
NVDA,2018-01-26,238.12,243.34,237.6,243.33,60.1892
AAPL,2018-01-08,174.35,175.61,173.93,174.35,41.1087
NVDA,2018-01-22,230.43,233.76,228.1,233.69,57.8047
AAPL,2018-01-10,173.16,174.3,173,174.29,41.0945
AAPL,2018-01-18,179.37,180.1,178.25,179.26,42.2664
NVDA,2018-01-11,225,226.27,223.21,224.08,55.4276
AAPL,2018-01-16,177.9,179.39,176.14,176.19,41.5425
NVDA,2018-01-18,223.94,226.64,222.68,224.44,55.5166
AAPL,2018-01-12,176.18,177.36,175.65,177.09,41.7547
NVDA,2018-01-17,220.7,225.12,216.9,224.72,55.5859
AAPL,2018-01-09,174.55,175.06,173.41,174.33,41.104
NVDA,2018-01-23,235.85,239.83,235.101,238.91,59.0959
AAPL,2018-01-11,174.59,175.49,174.49,175.28,41.328
NVDA,2018-01-05,214.19,216.91,211.08,215.4,53.2805
AAPL,2018-01-17,176.15,179.25,175.07,179.1,42.2286
NVDA,2018-01-10,218.2,223.82,216,223.68,55.3287
AAPL,2018-01-05,173.44,175.37,173.05,175,41.2619
NVDA,2018-01-12,223.6,224.99,221.34,222.98,55.1555
AAPL,2018-01-04,172.54,173.47,172.08,173.03,40.7974
AAPL,2018-01-19,178.61,179.58,177.41,178.46,42.0777
NVDA,2018-01-16,224.05,227.51,216.69,220.11,54.4456
NVDA,2018-01-08,220.4,225,218.58,222,54.9131
NVDA,2018-01-04,215.76,218.05,212.69,213.59,52.8328
AAPL,2017-12-22,174.68,175.42,174.5,175.01,41.2643
NVDA,2016-01-19,27.67,28.45,27.215,27.33,6.6698
AAPL,2017-12-29,170.52,170.59,169.22,169.23,39.9015
NVDA,2018-01-09,222.22,223.82,218.64,221.94,54.8983
AAPL,2018-01-03,172.53,174.55,171.96,172.23,40.6088
NVDA,2018-01-19,228.09,231.09,227,230.11,56.9192
NVDA,2018-01-03,204.1,213.7,203.75,212.47,52.5558
NVDA,2018-01-02,195.78,199.5,194.5,199.35,49.3105
AAPL,2018-01-02,170.16,172.3,169.26,172.26,40.6159
AAPL,2017-12-28,171,171.85,170.48,171.08,40.3377
AAPL,2017-12-27,170.1,170.78,169.71,170.6,40.2245
AAPL,2017-12-13,172.5,173.54,172,172.27,40.6182
AAPL,2017-12-26,170.8,171.47,169.68,170.57,40.2174
NVDA,2017-12-22,194.4,195.65,191.25,195.27,48.3013
AAPL,2017-12-21,174.17,176.02,174.1,175.01,41.2643
NVDA,2017-12-21,196.94,197.95,195.55,195.89,48.4546
NVDA,2017-12-29,198.46,198.46,193.5,193.5,47.8634
AAPL,2017-12-20,174.87,175.42,173.25,174.35,41.1087
NVDA,2017-12-20,197.7,198.07,194.55,196.8,48.6797
NVDA,2017-12-28,198.13,199.38,197.1514,197.4,48.8281
AAPL,2017-12-11,169.2,172.89,168.79,172.67,40.7126
NVDA,2017-12-27,196.9,199.97,196.31,197.17,48.7712
NVDA,2017-12-26,193.03,197.75,191.82,197.44,48.838
NVDA,2017-12-18,193.2,198.02,192,197.9,48.9518
AAPL,2017-12-18,174.88,177.2,174.86,176.42,41.5967
AAPL,2017-12-19,175.03,175.39,174.09,174.54,41.1535
AAPL,2017-12-15,173.63,174.17,172.46,173.97,41.0191
AAPL,2017-12-14,172.4,173.13,171.65,172.22,40.6065
NVDA,2017-12-19,197.52,197.73,194.96,196.11,48.509
AAPL,2017-11-30,170.43,172.14,168.44,171.85,40.5192
NVDA,2016-01-11,29.66,29.89,29.15,29.68,7.2433
AAPL,2017-12-05,169.06,171.52,168.4,169.64,39.9981
AAPL,2017-12-06,167.5,170.2,166.46,169.01,39.8496
NVDA,2017-12-11,192.06,194.78,191.42,194.66,48.1504
AAPL,2017-12-08,170.49,171,168.82,169.37,39.9345
NVDA,2017-12-15,188.251,192.38,185.62,191.56,47.3836
NVDA,2017-12-14,185.92,189.34,184.6,186.47,46.1245
AAPL,2017-12-07,169.03,170.44,168.91,169.32,39.9227
AAPL,2017-12-12,172.15,172.39,171.46,171.7,40.4838
NVDA,2017-12-08,194.01,194.78,191.15,191.49,47.3663
NVDA,2017-12-13,192.5,192.55,185.88,186.18,46.0528
NVDA,2017-12-07,191.96,193.6,190.12,191.99,47.4899
NVDA,2017-12-12,192.9,193.84,189.89,190.84,47.2055
AAPL,2017-11-29,172.63,172.92,167.16,169.48,39.9604
AAPL,2017-12-04,172.48,172.62,169.63,169.8,40.0359
AAPL,2017-12-01,169.95,171.67,168.5,171.05,40.3306
AAPL,2017-11-17,171.04,171.39,169.64,170.15,40.1184
NVDA,2017-11-30,199.2,202.68,196.65,200.71,49.6469
NVDA,2017-12-05,182.4,192.7,180.58,187.74,46.4387
NVDA,2017-12-06,185.7,190.14,184.84,189.26,46.8147
AAPL,2012-04-27,605.0688,606.1804,600.4992,602.9996,18.2077
AAPL,2017-11-16,171.18,171.87,170.3,171.1,40.3424
NVDA,2017-11-27,217.31,217.36,214.01,214.14,52.9689
NVDA,2017-12-04,200.05,200.3,184.5,186.66,46.1715
AAPL,2017-11-27,175.05,175.08,173.34,174.09,41.0474
AAPL,2017-11-28,174.3,174.87,171.86,173.07,40.8069
NVDA,2017-12-01,199.31,200.13,192.47,197.68,48.8974
AAPL,2017-11-24,175.1,175.5,174.65,174.97,41.2549
AAPL,2017-11-21,170.78,173.7,170.78,173.14,40.8234
NVDA,2017-11-29,210.01,210.1226,191.23,196.42,48.5857
AAPL,2017-11-22,173.36,175,173.05,174.96,41.2525
NVDA,2017-11-28,214.35,214.73,208.24,210.71,52.1204
AAPL,2012-04-26,614.2696,614.6896,602.1288,607.7008,18.3496
NVDA,2017-11-24,215.59,217,214.6,216.96,53.6664
AAPL,2017-11-20,170.29,170.56,169.56,169.98,40.0783
AAPL,2017-11-15,169.97,170.32,168.38,169.08,39.8661
NVDA,2012-05-02,13.18,13.23,12.78,12.85,2.9465
AAPL,2017-11-10,175.11,175.38,174.27,174.67,41.1841
NVDA,2017-11-16,212.98,214.2,211.25,211.61,52.3067
NVDA,2017-11-21,215.69,216.52,214.4,216.05,53.4042
NVDA,2017-11-22,217,217,213.61,214.93,53.1643
AAPL,2017-11-06,172.37,174.99,171.72,174.25,40.9379
NVDA,2017-11-15,211.95,212,207.8,209.98,51.9038
AAPL,2017-11-03,174,174.26,171.12,172.5,40.5268
AAPL,2017-11-08,174.66,176.24,174.33,176.24,41.4055
NVDA,2017-11-14,213,214.8,211.23,214.18,52.942
AAPL,2017-11-09,175.11,176.1,173.14,175.88,41.3209
AAPL,2017-11-07,173.91,175.25,173.6,174.81,41.0695
NVDA,2017-11-20,211.99,214.57,210.5,214.08,52.9173
AAPL,2017-11-14,173.04,173.48,171.18,171.34,40.399
AAPL,2017-11-13,173.5,174.5,173.4,173.97,41.0191
NVDA,2017-11-17,213.92,215.35,210.75,211.36,52.2449
NVDA,2017-11-13,216.14,217.17,212.01,212.63,52.5589
AAPL,2017-11-02,166.6,168.5,165.28,168.11,39.4954
AAPL,2017-11-01,169.87,169.94,165.61,166.89,39.2088
NVDA,2017-11-10,213.08,218.67,211.63,216.14,53.4265
AAPL,2017-10-24,156.29,157.42,156.2,157.1,36.9087
AAPL,2017-10-30,163.89,168.07,163.72,166.72,39.1688
NVDA,2017-11-06,207.2,209.98,206.7,209.63,51.8173
NVDA,2017-11-03,207.2,208.69,205.341,208.69,51.5849
AAPL,2017-10-27,159.29,163.6,158.7,163.05,38.3066
NVDA,2017-11-08,211.85,212,207.2401,209.16,51.7011
NVDA,2017-11-09,205.27,206.33,200.37,205.32,50.7519
AAPL,2017-10-23,156.89,157.69,155.5,156.17,36.6903
NVDA,2017-11-07,210.55,212.9,210.0556,212.03,52.4105
NVDA,2017-11-02,206,207.81,203.65,205.94,50.9052
AAPL,2017-10-26,157.23,157.83,156.78,157.41,36.9816
AAPL,2017-10-20,156.61,157.75,155.96,156.25,36.709
AAPL,2017-10-25,156.91,157.55,155.27,156.41,36.7466
AAPL,2017-10-31,167.9,169.65,166.94,169.04,39.7139
NVDA,2017-10-31,205.13,207.89,204.9,206.81,51.1202
AAPL,2017-10-19,156.75,157.08,155.02,155.98,36.6456
NVDA,2017-10-30,201.86,206.0899,201.22,203.84,50.3861
NVDA,2017-11-01,209.35,209.97,204.6,207.2,51.2166
NVDA,2017-10-27,197.8,201.87,196.75,201.86,49.8967
NVDA,2017-10-24,196.99,198.75,195.94,198.68,49.1106
NVDA,2017-10-19,194.44,198,192.4501,197.8,48.8931
AAPL,2017-10-17,159.78,160.87,159.23,160.47,37.7005
AAPL,2017-10-18,160.42,160.71,159.6,159.76,37.5337
AAPL,2017-10-12,156.35,157.37,155.73,156,36.6503
AAPL,2017-10-11,155.97,156.98,155.75,156.55,36.7795
NVDA,2017-10-23,197.78,198.85,195.8,196.62,48.6014
AAPL,2017-10-16,157.9,160,157.65,159.88,37.5619
AAPL,2017-10-10,156.06,158,155.1,155.9,36.6268
NVDA,2017-10-20,198.49,199.59,196.54,196.9,48.6706
AAPL,2017-10-13,156.73,157.28,156.41,156.99,36.8829
NVDA,2017-10-26,194.78,196.16,193.81,195.69,48.3715
NVDA,2017-10-25,197.08,199.22,191.17,193.66,47.8698
AAPL,2017-10-09,155.81,156.73,155.49,155.84,36.6127
NVDA,2017-10-17,197.09,198.9,196.35,197.75,48.8807
AAPL,2017-10-06,154.97,155.49,154.56,155.3,36.4859
AAPL,2017-10-02,154.26,154.45,152.72,153.81,36.1358
NVDA,2017-10-18,198.11,198.14,193.32,197.58,48.8387
NVDA,2017-10-12,191.08,193.09,189.9301,191.03,47.2197
NVDA,2017-10-11,189.6,191,187.74,190.94,47.1974
NVDA,2017-10-06,179.65,181.84,179,181.3,44.8146
AAPL,2017-10-05,154.18,155.44,154.05,155.39,36.507
NVDA,2017-10-16,195.8,198.048,193.24,197.93,48.9252
AAPL,2017-09-29,153.21,154.13,152,154.12,36.2086
NVDA,2017-10-05,181.86,182,179.56,180.77,44.6836
NVDA,2017-10-13,193.55,195,191.65,194.59,48.0996
AAPL,2017-10-04,153.63,153.86,152.46,153.48,36.0583
NVDA,2017-10-10,191.43,192.95,187.26,188.93,46.7006
AAPL,2017-10-03,154.01,155.09,153.91,154.48,36.2932
AAPL,2017-09-28,153.89,154.28,152.7,153.28,36.0113
AAPL,2017-09-27,153.8,154.72,153.54,154.23,36.2345
AAPL,2017-09-26,151.78,153.92,151.69,153.14,35.9784
AAPL,2017-09-20,157.9,158.26,153.83,156.07,36.6668
AAPL,2017-09-25,149.99,151.83,149.16,150.55,35.3699
NVDA,2017-10-09,182.79,186.73,182.03,185.39,45.8255
NVDA,2017-10-02,180.8,181.98,177,179,44.246
NVDA,2017-09-26,176.45,178.68,170.35,171.96,42.5059
NVDA,2017-09-29,179.08,179.73,177.25,178.77,44.1892
NVDA,2017-09-25,177.75,177.8,170.16,171,42.2686
NVDA,2017-09-28,176.02,176.18,173.76,175.68,43.4254
NVDA,2017-10-04,179.62,181.77,178.14,180.87,44.7083
NVDA,2017-10-03,179.25,180.58,177.58,179.37,44.3375
AAPL,2017-09-18,160.11,160.5,158,158.67,37.2776
AAPL,2017-09-22,151.54,152.27,150.56,151.89,35.6847
AAPL,2017-09-21,155.8,155.8,152.75,153.39,36.0371
NVDA,2017-09-27,175.62,176.27,172.75,175.73,43.4377
NVDA,2017-09-22,180.3,182.31,178.6,179,44.246
AAPL,2017-09-07,162.09,162.24,160.36,161.26,37.8861
AAPL,2017-09-13,159.87,159.96,157.91,159.65,37.5078
NVDA,2017-09-21,181.64,182.7,177.61,180.76,44.6811
AAPL,2017-09-15,158.47,160.97,158,159.88,37.5619
AAPL,2017-09-12,162.61,163.96,158.77,160.86,37.7921
NVDA,2017-09-18,185.14,191.2,184.86,187.55,46.3595
AAPL,2017-09-14,158.99,159.4,158.09,158.28,37.186
AAPL,2017-09-19,159.51,159.77,158.44,158.73,37.2917
NVDA,2017-09-12,170,170,166.97,169.61,41.925
AAPL,2017-09-11,160.5,162.05,159.89,161.5,37.9425
NVDA,2017-09-11,165.54,169.4325,165.32,169,41.7742
NVDA,2017-09-20,187.5,189.42,184.21,185.84,45.9368
AAPL,2017-09-05,163.75,164.25,160.56,162.08,38.0787
NVDA,2017-09-15,172.86,180.11,172.65,180.11,44.5204
NVDA,2017-09-14,168.79,172.56,167.8,169.4,41.8731
NVDA,2017-09-08,166.11,166.71,162.71,163.69,40.4616
NVDA,2017-09-13,168.59,171.54,167.28,170.37,42.1128
AAPL,2017-09-06,162.71,162.99,160.52,161.91,38.0388
AAPL,2017-08-25,159.65,160.56,159.27,159.86,37.5572
AAPL,2017-09-08,160.86,161.15,158.53,158.63,37.2682
NVDA,2017-09-07,166.49,167.89,164.95,166.58,41.176
AAPL,2017-08-31,163.64,164.52,163.48,164,38.5298
NVDA,2017-08-31,166.5,169.6,166.2,169.44,41.883
AAPL,2017-08-30,163.8,163.89,162.61,163.35,38.3771
AAPL,2017-09-01,164.8,164.94,163.63,164.05,38.5416
AAPL,2017-08-29,160.1,163.12,160,162.91,38.2737
AAPL,2017-08-28,160.14,162,159.93,161.47,37.9354
AAPL,2017-08-24,160.43,160.74,158.55,159.27,37.4186
NVDA,2017-09-05,168.38,168.5843,163.5625,165.91,41.0104
AAPL,2017-08-23,159.07,160.47,158.88,159.98,37.5854
AAPL,2017-08-22,158.23,160,158.02,159.78,37.5384
NVDA,2017-08-30,165.5,166.13,164.27,165.68,40.9535
NVDA,2017-09-01,169.95,171.9,169.6,170.46,42.1351
NVDA,2017-08-29,162.59,165.58,162.261,164.7,40.7113
NVDA,2017-08-21,162.49,162.95,157.37,159.15,39.3048
NVDA,2017-08-23,161.2,166.25,160.85,165.8,40.9832
NVDA,2017-08-22,160.49,162.79,159.71,162.55,40.1799
NVDA,2017-09-06,167.24,167.8,164.4,165.81,40.9857
NVDA,2017-09-19,185.51,189.85,184.615,187.35,46.31
NVDA,2017-08-25,166.17,166.58,163.55,163.81,40.4913
NVDA,2017-08-28,164.58,165.1,162.33,164.97,40.778
NVDA,2017-08-24,167.1,167.28,164.12,165.19,40.8324
AAPL,2017-08-21,157.5,157.89,155.11,157.21,36.9346
NVDA,2016-01-07,30.74,30.953,29.88,30.28,7.3897
AAPL,2017-08-09,159.26,161.27,159.11,161.06,37.6911
AAPL,2017-08-18,157.86,159.5,156.72,157.5,37.0027
AAPL,2017-08-16,161.94,162.51,160.15,160.95,37.8133
AAPL,2017-08-15,160.66,162.2,160.14,161.6,37.966
AAPL,2017-08-14,159.32,160.21,158.75,159.85,37.5548
AAPL,2017-08-17,160.52,160.71,157.84,157.86,37.0873
NVDA,2017-08-18,163.67,164.36,159.64,161.5,39.8852
AAPL,2017-08-10,159.9,160,154.63,155.32,36.4906
AAPL,2017-08-08,158.6,161.83,158.27,160.08,37.4617
NVDA,2017-08-16,167.59,168.54,163.84,165.15,40.7866
NVDA,2017-08-15,168.61,169.67,165.59,166.98,41.2386
AAPL,2017-08-11,156.6,158.57,156.07,157.48,36.998
AAPL,2017-07-28,149.89,150.23,149.19,149.5,34.9858
AAPL,2017-08-02,159.28,159.75,156.16,157.14,36.7737
AAPL,2017-08-04,156.07,157.4,155.69,156.39,36.5982
NVDA,2017-08-09,168.43,172.21,167.67,172.11,42.5055
NVDA,2017-08-14,159.67,168.55,159.2,168.4,41.5893
NVDA,2017-08-17,164.81,165.5,161.38,161.47,39.8778
AAPL,2017-07-27,153.75,153.99,147.3,150.56,35.2339
AAPL,2017-08-07,157.06,158.92,156.67,158.81,37.1645
NVDA,2017-08-10,172.16,172.66,164.33,164.74,40.6854
NVDA,2017-08-08,173.89,174.56,168.71,170.3,42.0585
NVDA,2017-08-07,168.39,172.37,168,172.35,42.5648
AAPL,2017-07-31,149.9,150.33,148.13,148.73,34.8056
NVDA,2017-08-11,157.14,159,152.91,155.96,38.517
AAPL,2017-08-03,157.05,157.21,155.02,155.57,36.4063
AAPL,2017-07-25,151.8,153.84,151.8,152.74,35.744
NVDA,2016-01-08,30.67,30.7,29.565,29.63,7.2311
NVDA,2017-08-03,164.37,166.63,163.68,166.48,41.1151
NVDA,2017-08-02,165.75,165.91,161.27,164.39,40.5989
NVDA,2017-08-04,167.4,170.07,166.48,167.21,41.2954
AAPL,2017-08-01,149.1,150.22,148.41,150.05,35.1145
NVDA,2017-07-31,164.94,166.4,160.62,162.51,40.1346
AAPL,2017-07-26,153.35,153.93,153.06,153.46,35.9125
NVDA,2016-01-06,32.35,32.5,31.16,31.53,7.6948
AAPL,2017-07-20,151.5,151.74,150.19,150.34,35.1824
NVDA,2017-08-01,162.125,164.56,161,164.49,40.6236
NVDA,2017-07-26,167.68,169.927,165.85,167.26,41.3077
NVDA,2017-07-25,165.22,165.93,163.581,165.35,40.836
AAPL,2017-07-24,150.58,152.44,149.9,152.09,35.5919
NVDA,2017-07-28,160.29,165.38,159.28,164.39,40.5989
AAPL,2017-07-18,149.2,150.13,148.67,150.08,35.1216
NVDA,2017-07-27,168.27,168.74,157.56,161.74,39.9445
AAPL,2017-07-19,150.48,151.42,149.95,151.02,35.3415
AAPL,2017-07-21,149.99,150.44,148.88,150.27,35.166
AAPL,2016-01-04,102.61,105.37,102,105.35,23.9145
AAPL,2017-07-17,148.82,150.9,148.57,149.56,34.9999
AAPL,2017-07-13,145.5,148.49,145.44,147.77,34.581
AAPL,2017-07-07,142.9,144.75,142.9,144.18,33.7408
NVDA,2017-07-24,168.39,168.78,165.72,166.15,41.0336
AAPL,2017-07-14,147.97,149.33,147.33,149.04,34.8782
AAPL,2017-07-11,144.73,145.85,144.38,145.53,34.0568
NVDA,2017-07-13,163,166.3,158.75,160.63,39.6703
AAPL,2017-07-06,143.02,143.5,142.41,142.73,33.4015
AAPL,2017-07-12,145.87,146.18,144.82,145.74,34.1059
NVDA,2017-07-14,161.29,165.01,161.01,164.95,40.7372
NVDA,2017-07-19,166.33,167.4,164.61,165.1,40.7743
NVDA,2017-07-21,166.67,169.3,166.09,168.1,41.5152
NVDA,2017-07-18,161.78,166.55,161.3,165.96,40.9867
NVDA,2017-07-11,153.85,156.19,152.15,155.88,38.4972
AAPL,2017-07-05,143.69,144.79,142.72,144.09,33.7198
NVDA,2017-07-17,166.33,167.5,161.75,164.25,40.5644
AAPL,2017-07-10,144.11,145.95,143.37,145.06,33.9468
NVDA,2017-07-12,158.3,163,156.56,162.51,40.1346
NVDA,2017-07-20,165.93,167.51,163.9121,167.5,41.367
NVDA,2017-07-03,145.05,145.6537,138.58,139.33,34.4099
AAPL,2017-07-03,144.88,145.3,143.1,143.5,33.5817
AAPL,2017-06-30,144.45,144.96,143.78,144.02,33.7034
NVDA,2017-07-07,145.78,147.5,144.85,146.76,36.2449
AAPL,2017-06-23,145.13,147.16,145.11,146.28,34.2323
NVDA,2017-07-05,141.9,144.22,141.13,143.05,35.3286
NVDA,2017-06-30,147.38,147.93,143.5,144.56,35.7016
AAPL,2017-06-22,145.77,146.7,145.12,145.63,34.0802
NVDA,2017-07-10,149.74,154,148.6842,153.7,37.9588
AAPL,2017-06-29,144.71,145.13,142.28,143.68,33.6238
AAPL,2017-06-28,144.49,146.11,143.16,145.83,34.127
AAPL,2017-06-21,145.52,146.07,144.61,145.87,34.1363
AAPL,2017-06-27,145.01,146.16,143.62,143.73,33.6355
NVDA,2017-06-29,150.6,150.72,144.08,146.68,36.2251
AAPL,2017-06-26,147.17,148.28,145.38,145.82,34.1246
NVDA,2017-07-06,141.87,145.3799,139.76,143.48,35.4348
NVDA,2017-06-26,155.16,156.6,148.33,152.15,37.576
NVDA,2017-06-28,149.32,151.94,145.75,151.75,37.4773
NVDA,2017-06-27,151.44,151.79,146.35,146.58,36.2004
AAPL,2017-06-15,143.32,144.48,142.21,144.29,33.7666
AAPL,2017-06-14,147.5,147.5,143.84,145.16,33.9702
NVDA,2017-06-23,158.68,159.32,153.22,153.83,37.991
AAPL,2017-06-20,146.87,146.87,144.94,145.01,33.9351
NVDA,2017-06-19,153.41,157.53,153.26,157.32,38.8529
NVDA,2017-06-22,159.8,160.34,157.4,158.37,39.1122
AAPL,2017-06-13,147.16,147.45,145.15,146.59,34.3048
NVDA,2017-06-21,158.21,159.62,155.7,159.47,39.3838
AAPL,2017-06-12,145.74,146.09,142.51,145.42,34.031
AAPL,2017-06-19,143.66,146.74,143.66,146.34,34.2463
AAPL,2017-06-16,143.78,144.5,142.2,142.27,33.2939
AAPL,2017-06-08,155.25,155.54,154.4,154.99,36.2706
NVDA,2017-06-15,146.96,153.6,146.5,152.37,37.6304
NVDA,2017-06-14,151.52,154.06,148.5,151.72,37.4699
NVDA,2017-06-20,159.03,161.74,156.92,157.09,38.7961
NVDA,2017-06-16,152.76,154.7,150.24,151.62,37.4452
AAPL,2017-06-09,155.19,155.19,146.02,148.98,34.8641
AAPL,2017-06-07,155.02,155.98,154.48,155.37,36.3595
AAPL,2017-05-26,154,154.24,153.31,153.61,35.9476
NVDA,2017-06-13,154.4,154.77,145.65,151.4,37.3908
AAPL,2017-06-02,153.58,155.45,152.89,155.45,36.3782
AAPL,2017-06-01,153.17,153.33,152.22,153.18,35.847
AAPL,2017-05-31,153.97,154.17,152.38,152.76,35.7487
NVDA,2017-06-08,153.46,160,151.79,159.94,39.4999
AAPL,2017-05-30,153.42,154.43,153.33,153.67,35.9617
NVDA,2017-06-09,164.74,168.5,142.75,149.6,36.9463
NVDA,2017-06-07,148.33,149.88,147.7,149.12,36.8277
NVDA,2017-06-12,145.88,151.7,142.11,149.97,37.0377
AAPL,2017-06-05,154.34,154.45,153.46,153.93,36.0225
AAPL,2017-06-06,153.9,155.81,153.78,154.45,36.1442
NVDA,2017-06-02,144.24,145.3,143.4,143.64,35.4744
NVDA,2017-06-05,142.98,148.53,142.51,148.01,36.5536
NVDA,2017-06-06,147.82,149.69,146.8,147.34,36.3881
AAPL,2017-05-24,153.84,154.17,152.67,153.34,35.8845
NVDA,2017-05-26,137.93,145.28,137.11,141.84,35.0298
AAPL,2017-05-25,153.73,154.35,153.03,153.87,36.0085
AAPL,2017-05-22,154,154.58,152.91,153.99,36.0366
NVDA,2017-06-01,144.99,145.03,142.52,144.36,35.6522
NVDA,2017-05-24,140.96,141.07,138.08,138.57,34.2222
AAPL,2017-05-23,154.9,154.9,153.31,153.8,35.9921
NVDA,2017-05-30,143.7,146.2911,143.05,144.87,35.7781
AAPL,2017-05-19,153.38,153.98,152.63,153.06,35.8189
NVDA,2017-05-23,139.7,139.79,135.71,137.03,33.8419
AAPL,2017-05-18,151.27,153.34,151.13,152.54,35.6972
NVDA,2017-05-31,146.69,147,142.05,144.35,35.6497
AAPL,2017-05-17,153.6,154.57,149.71,150.25,35.1613
AAPL,2017-05-15,156.01,156.65,155.05,155.7,36.4367
NVDA,2017-05-25,140,140.03,136.44,138.26,34.1457
AAPL,2017-05-16,155.94,156.06,154.72,155.47,36.3829
AAPL,2015-12-31,107.01,107.03,104.82,105.26,23.8941
NVDA,2017-05-15,129.56,134.41,129.38,134.31,33.1353
AAPL,2017-05-08,149.03,153.7,149.03,153.01,35.66
AAPL,2017-05-05,146.76,148.98,146.76,148.96,34.7162
AAPL,2017-05-04,146.52,147.14,145.81,146.53,34.1498
AAPL,2017-05-03,145.59,147.49,144.27,147.06,34.2734
NVDA,2017-05-12,126.63,129.6,125.78,127.89,31.5514
NVDA,2017-05-11,120.05,130.43,119.91,126.5,31.2085
AAPL,2017-05-02,147.54,148.09,146.84,147.51,34.3782
NVDA,2017-05-10,114.29,121.82,114.02,121.29,29.9231
NVDA,2017-05-09,103,104.93,102.66,102.94,25.396
AAPL,2017-05-01,145.1,147.2,144.96,146.58,34.1615
AAPL,2017-05-12,154.7,156.42,154.67,156.1,36.5304
NVDA,2017-05-22,137.77,139.48,137.33,138.9,34.3037
AAPL,2017-05-11,152.45,154.07,152.31,153.95,36.0272
NVDA,2017-05-19,137.025,138.22,135.22,136,33.5875
AAPL,2017-05-10,153.63,153.94,152.11,153.26,35.7183
NVDA,2017-05-18,129.5,133.43,127.05,133.07,32.8293
AAPL,2017-04-28,144.09,144.3,143.27,143.65,33.4786
NVDA,2017-05-17,134.1,134.86,127.55,127.72,31.5095
NVDA,2017-05-03,103.2,104.64,102.6,104.25,25.7192
NVDA,2017-05-08,104.34,104.4,102.31,102.77,25.3541
AAPL,2017-04-27,143.92,144.16,143.31,143.79,33.5113
NVDA,2017-05-05,103.38,104.15,102.75,103.86,25.623
NVDA,2017-05-04,104.5,104.95,103.53,103.85,25.6206
AAPL,2017-04-26,144.47,144.6,143.38,143.68,33.4856
NVDA,2016-01-05,32.98,33.44,32.5,32.89,8.0267
AAPL,2017-04-25,143.91,144.9,143.87,144.53,33.6837
AAPL,2017-05-09,153.87,154.88,153.45,153.99,35.8884
NVDA,2017-05-16,136.38,137.44,133.3635,136.81,33.752
AAPL,2017-04-21,142.44,142.68,141.85,142.27,33.157
NVDA,2017-05-02,105.55,105.5955,102.56,103.48,25.5293
NVDA,2017-04-28,105.36,105.64,104.07,104.3,25.7316
NVDA,2017-04-27,104.32,105.98,103.59,105.64,26.0622
AAPL,2017-04-20,141.22,142.92,141.16,142.44,33.1966
AAPL,2017-04-19,141.88,142,140.45,140.68,32.7865
AAPL,2017-04-17,141.48,141.88,140.87,141.83,33.0545
NVDA,2017-04-25,103.54,105.33,102.67,104.74,25.8401
AAPL,2017-04-18,141.41,142.04,141.11,141.2,32.9076
NVDA,2017-04-26,105.29,105.39,103.94,104.02,25.6625
NVDA,2017-05-01,104.74,106.85,104.45,106.64,26.3089
AAPL,2017-04-24,143.5,143.95,143.18,143.64,33.4763
NVDA,2017-04-17,96.01,99.24,95.8,99.23,24.4808
AAPL,2017-04-12,141.6,142.15,141.01,141.8,33.0475
NVDA,2017-04-21,100.84,101.79,100.36,101.68,25.0852
NVDA,2017-04-24,102.96,103.48,102.11,102.95,25.3985
AAPL,2017-04-13,141.91,142.38,141.05,141.05,32.8727
AAPL,2017-04-07,143.73,144.18,143.27,143.34,33.4064
AAPL,2017-04-03,143.71,144.12,143.05,143.7,33.4903
NVDA,2017-04-12,98.12,98.7,97.1,97.31,24.0071
AAPL,2017-04-11,142.94,143.35,140.06,141.63,33.0079
NVDA,2017-04-20,100.27,101.4464,99.41,101.26,24.9816
NVDA,2017-04-19,100,100.98,99.41,99.68,24.5918
AAPL,2017-04-06,144.29,144.52,143.45,143.66,33.481
NVDA,2017-04-13,96.33,97.21,95.49,95.49,23.5581
NVDA,2017-04-18,98.65,99.54,97.6,99.29,24.4956
AAPL,2017-04-10,143.6,143.88,142.9,143.17,33.3668
NVDA,2017-04-11,96.55,98.8999,96.35,98.12,24.2069
AAPL,2017-04-04,143.25,144.89,143.17,144.77,33.7397
AAPL,2017-04-05,144.22,145.46,143.81,144.02,33.5649
AAPL,2017-03-31,143.72,144.27,143.01,143.66,33.481
NVDA,2017-04-05,100.015,102.37,99.5,100.03,24.6781
AAPL,2017-03-27,139.39,141.22,138.62,140.88,32.8331
NVDA,2017-04-03,108.95,109.65,107.42,108.38,26.7381
NVDA,2017-04-10,100.36,100.63,97.6,97.77,24.1206
NVDA,2017-03-31,109.01,109.89,108.4021,108.93,26.8738
AAPL,2017-03-22,139.85,141.6,139.76,141.42,32.9589
AAPL,2017-03-21,142.11,142.8,139.73,139.84,32.5907
NVDA,2017-03-30,107.63,110,107.4,109.4,26.9898
NVDA,2017-03-29,107.99,108.49,107.25,107.34,26.4816
AAPL,2017-03-30,144.19,144.5,143.5,143.93,33.5439
AAPL,2017-03-29,143.68,144.49,143.19,144.12,33.5882
NVDA,2017-04-07,101.02,101.73,99.72,100.33,24.7521
NVDA,2017-04-06,100.24,101.25,98.41,100.76,24.8582
AAPL,2017-03-24,141.5,141.74,140.35,140.64,32.7771
AAPL,2017-03-28,140.91,144.04,140.62,143.8,33.5136
NVDA,2017-04-04,103.4,104.42,100.34,100.78,24.8632
NVDA,2017-03-27,105.58,108.405,103.575,108.25,26.7061
AAPL,2017-03-23,141.26,141.58,140.61,140.92,32.8424
AAPL,2017-03-14,139.3,139.65,138.84,138.99,32.3926
AAPL,2017-03-17,141,141,139.89,139.99,32.6256
NVDA,2017-03-28,108.3,108.89,107.27,107.69,26.5679
NVDA,2017-03-22,105.46,108.26,105.3,108.07,26.6617
NVDA,2017-03-21,108.75,109.96,105.585,105.91,26.1288
AAPL,2017-03-13,138.85,139.43,138.82,139.2,32.4415
AAPL,2015-12-29,106.96,109.43,106.86,108.74,24.684
AAPL,2017-03-20,140.4,141.5,140.23,141.46,32.9682
AAPL,2017-03-16,140.72,141.02,140.26,140.69,32.7888
AAPL,2015-12-30,108.58,108.7,107.18,107.32,24.3617
AAPL,2017-03-15,139.41,140.75,139.03,140.46,32.7352
NVDA,2017-03-17,104.52,106.12,103.81,106.07,26.1682
AAPL,2015-12-28,107.59,107.69,106.18,106.82,24.2482
AAPL,2017-03-10,139.25,139.36,138.64,139.14,32.4275
NVDA,2017-03-24,108.97,109.29,106.42,107.47,26.5136
NVDA,2017-03-23,107.75,108.5572,106.7,107.09,26.4199
AAPL,2017-03-03,138.78,139.83,138.59,139.78,32.5767
NVDA,2017-03-15,102.25,102.99,100.32,102.55,25.2998
AAPL,2017-03-09,138.74,138.79,137.05,138.68,32.3203
NVDA,2017-03-20,106.78,109.61,106.13,109.45,27.0021
AAPL,2017-03-08,138.95,139.8,138.82,139,32.3949
AAPL,2017-03-07,139.06,139.98,138.79,139.52,32.5161
NVDA,2017-03-16,102.98,103.83,102.41,103.81,25.6107
AAPL,2017-03-02,140,140.28,138.76,138.96,32.3856
NVDA,2017-03-10,99.61,100.09,98.38,99.12,24.4536
NVDA,2017-03-14,102.37,102.75,100.47,101.78,25.1099
NVDA,2017-03-13,99.54,102.25,99.51,101.85,25.1271
NVDA,2017-03-09,97.91,99.45,97.4,98.54,24.3105
AAPL,2017-03-01,137.89,140.15,137.6,139.79,32.579
AAPL,2017-03-06,139.37,139.77,138.6,139.34,32.4742
NVDA,2017-03-08,100.7,101.3,98.47,98.56,24.3155
NVDA,2017-03-07,97.67,99.53,97.15,98.74,24.3599
AAPL,2017-02-27,137.14,137.44,136.28,136.93,31.9125
AAPL,2017-02-28,137.08,137.44,136.7,136.99,31.9265
AAPL,2017-02-16,135.67,135.9,134.84,135.35,31.5443
AAPL,2017-02-24,135.91,136.66,135.28,136.66,31.8496
NVDA,2017-03-03,98.57,98.77,96.22,98.43,24.2834
AAPL,2017-02-22,136.43,137.12,136.11,137.11,31.9544
NVDA,2017-03-02,102.27,102.84,98.89,99,24.424
AAPL,2017-02-23,137.38,137.48,136.3,136.53,31.8193
AAPL,2017-02-21,136.23,136.75,135.98,136.7,31.8589
NVDA,2017-03-06,96.96,98.1,95.17,97.67,24.0959
AAPL,2017-02-17,135.1,135.83,135.1,135.72,31.6305
AAPL,2017-02-14,133.47,135.09,133.25,135.02,31.4673
NVDA,2017-02-22,111.42,111.8,109.99,110.76,27.3253
AAPL,2017-02-13,133.08,133.82,132.75,133.29,31.0642
NVDA,2017-02-23,105.5,106.39,99.68,100.49,24.7916
AAPL,2017-02-15,135.52,136.27,134.62,135.51,31.5815
AAPL,2017-02-10,132.46,132.94,132.05,132.12,30.7915
NVDA,2017-02-24,97.07,102,95.7,101.46,25.0309
NVDA,2017-02-21,108.23,111.23,108.22,111.07,27.3672
NVDA,2017-03-01,103.79,104.37,101.11,102.79,25.359
NVDA,2017-02-28,104.8,105.2,100.775,101.48,25.0359
NVDA,2017-02-27,102.2,105.02,101.56,104.41,25.7587
NVDA,2017-02-14,107.99,110.15,106.29,108.78,26.803
NVDA,2017-02-13,113.39,113.98,108.2,108.38,26.7044
NVDA,2017-02-10,119.93,120.7,112.6,113.62,27.9956
AAPL,2017-02-09,131.65,132.45,131.12,132.42,30.8614
AAPL,2017-02-02,127.98,129.39,127.78,128.53,29.8255
NVDA,2017-02-16,109.39,109.44,105.66,107.25,26.426
AAPL,2017-02-08,131.35,132.22,131.22,132.04,30.64
NVDA,2017-02-15,108.9,109.8,107.76,109,26.8572
AAPL,2017-02-07,130.54,132.09,130.45,131.53,30.5217
AAPL,2017-02-06,129.13,130.5,128.9,130.29,30.2339
AAPL,2017-02-01,127.03,130.49,127.01,128.75,29.8765
NVDA,2017-02-08,118.4,119.31,116.38,118.61,29.2251
AAPL,2017-01-30,120.93,121.63,120.66,121.63,28.2243
NVDA,2017-02-07,118.7,120.92,117.9,119.13,29.3532
AAPL,2017-02-03,128.31,129.19,128.16,129.08,29.9531
AAPL,2017-01-24,119.55,120.1,119.5,119.97,27.8391
NVDA,2017-02-06,114,117.3261,114,117.31,28.9048
AAPL,2017-01-27,122.14,122.35,121.6,121.95,28.2986
NVDA,2017-02-17,106.7,107.41,104.79,107.23,26.4211
NVDA,2017-02-01,110.58,114.12,109.86,113.95,28.0769
NVDA,2017-01-30,110.92,111.01,107.9106,110.02,27.1085
NVDA,2017-02-09,118.86,119.06,115.6,116.38,28.6756
AAPL,2017-01-20,120.45,120.45,119.73,120,27.8461
AAPL,2017-01-19,119.4,120.09,119.37,119.78,27.7951
AAPL,2017-01-23,120,120.81,119.77,120.08,27.8647
AAPL,2017-01-26,121.67,122.44,121.6,121.94,28.2963
NVDA,2017-02-03,115.45,115.9,113.9,114.38,28.1828
NVDA,2017-02-02,113.3,115.74,112.06,115.39,28.4317
NVDA,2017-01-27,109.93,111.89,108.85,111.77,27.5397
AAPL,2017-01-11,118.74,119.93,118.6,119.75,27.7881
AAPL,2017-01-25,120.42,122.1,120.28,121.88,28.2824
AAPL,2017-01-31,121.15,121.39,120.62,121.35,28.1594
AAPL,2017-01-13,119.11,119.62,118.81,119.04,27.6233
NVDA,2017-01-26,107.9,109.95,106.7,109.65,27.0174
NVDA,2017-01-25,109.05,109.3,106.3346,107.79,26.5591
AAPL,2017-01-17,118.34,120.24,118.22,120,27.8461
AAPL,2017-01-18,120,120.5,119.71,119.99,27.8438
NVDA,2017-01-31,108.95,110.05,108.2,109.18,26.9016
AAPL,2017-01-10,118.77,119.38,118.3,119.11,27.6396
NVDA,2017-01-24,105.5,107.58,104.9,107.33,26.4457
AAPL,2017-01-09,117.95,119.43,117.94,118.99,27.6117
NVDA,2017-01-13,103.6,105,103.06,103.43,25.4848
NVDA,2017-01-17,103,103.2,100.57,101.11,24.9131
AAPL,2017-01-04,115.85,116.51,115.75,116.02,26.9225
AAPL,2017-01-05,115.92,116.86,115.81,116.61,27.0595
NVDA,2017-01-23,103.8,105.9,103.7,105.09,25.8938
NVDA,2017-01-18,100.24,103.23,99.11,102.95,25.3665
AAPL,2015-12-24,109,109,107.95,108.03,24.5228
AAPL,2017-01-06,116.78,118.16,116.47,117.91,27.3611
AAPL,2017-01-12,118.9,119.3,118.21,119.25,27.6721
NVDA,2017-01-20,106.08,106.8,103.12,104.01,25.6277
NVDA,2017-01-19,103.07,106.46,102.98,105.16,25.911
AAPL,2016-12-28,117.52,118.02,116.2,116.76,27.0943
NVDA,2017-01-11,106,106.2,104.15,105.16,25.911
AAPL,2017-01-03,115.8,116.33,114.76,116.15,26.9527
NVDA,2017-01-10,107.81,109.19,105.63,106.47,26.2338
AAPL,2016-12-30,116.65,117.2,115.43,115.82,26.8761
NVDA,2017-01-12,104.23,104.7,101.62,103.44,25.4872
NVDA,2017-01-04,103.4,105.5,101.53,104.39,25.7213
NVDA,2017-01-09,103.5,108,103.5,107.28,26.4334
AAPL,2016-12-29,116.45,117.11,116.4,116.73,27.0873
NVDA,2017-01-05,104.53,105.82,101.05,101.74,25.0684
AAPL,2016-12-27,116.52,117.8,116.49,117.26,27.2103
NVDA,2016-12-30,111.35,111.92,106.3,106.74,26.3003
AAPL,2016-12-23,115.59,116.52,115.59,116.52,27.0386
NVDA,2016-12-29,104.9,111.49,102.8,111.43,27.4559
AAPL,2016-12-21,116.8,117.4,116.78,117.06,27.1639
AAPL,2016-12-22,116.35,116.51,115.64,116.29,26.9852
NVDA,2017-01-03,104.4,106.37,99.38,102.01,25.1349
NVDA,2017-01-06,102.85,104.25,101.2,103.1,25.4035
NVDA,2016-12-21,105.64,105.95,103.71,105.83,26.0761
AAPL,2016-12-20,116.74,117.5,116.68,116.95,27.1383
NVDA,2016-12-28,119.6,119.93,108.69,109.25,26.9188
AAPL,2016-12-19,115.8,117.38,115.75,116.64,27.0664
NVDA,2016-12-20,104.58,106.13,104.12,105.17,25.9135
AAPL,2016-12-09,112.31,114.7,112.31,113.95,26.4422
AAPL,2016-12-08,110.86,112.43,110.6,112.12,26.0175
AAPL,2016-12-13,113.84,115.92,113.75,115.19,26.7299
NVDA,2016-12-27,112.06,117.36,111.22,117.32,28.9072
AAPL,2016-12-16,116.47,116.5,115.65,115.97,26.9109
AAPL,2016-12-15,115.38,116.73,115.23,115.82,26.8761
AAPL,2016-12-12,113.29,115,112.49,113.3,26.2914
NVDA,2016-12-23,106.38,109.835,106.27,109.78,27.0494
NVDA,2016-12-19,99.7,102.4499,99,101.63,25.0413
AAPL,2016-12-14,115.04,116.2,114.98,115.19,26.7299
NVDA,2016-12-22,106.82,108.87,106.53,107.11,26.3915
NVDA,2016-12-16,99.83,100.7,97.726,100.41,24.7407
NVDA,2016-12-15,96.9,99.94,96.6,98.71,24.3218
AAPL,2016-12-06,109.5,110.36,109.19,109.95,25.514
AAPL,2016-12-07,109.26,111.19,109.16,111.03,25.7646
NVDA,2016-12-14,92.54,97.11,91.57,96.45,23.7649
NVDA,2016-12-09,94.2,94.27,90.71,91.82,22.6241
AAPL,2016-11-30,111.6,112.2,110.27,110.52,25.6463
NVDA,2016-12-08,95.19,96.62,93.0531,93.48,23.0331
AAPL,2016-12-05,110,110.03,108.25,109.11,25.3191
AAPL,2016-11-29,110.78,112.03,110.07,111.46,25.8644
NVDA,2016-12-06,92.21,93.73,91.57,93.39,23.011
NVDA,2016-12-13,90.09,92.29,90.05,91.17,22.464
AAPL,2016-11-28,111.43,112.47,111.39,111.57,25.8899
AAPL,2015-12-23,107.27,108.85,107.2,108.61,24.6545
NVDA,2016-12-05,89.99,92.61,89,91.88,22.6389
NVDA,2016-12-12,89.85,89.95,87.54,89.59,22.0746
AAPL,2016-12-01,110.37,110.94,109.03,109.49,25.4072
AAPL,2016-11-25,111.13,111.87,110.95,111.79,25.941
AAPL,2016-11-23,111.36,111.51,110.33,111.23,25.811
NVDA,2016-12-07,92.84,95.3,92.1,95.07,23.4249
AAPL,2016-12-02,109.17,110.09,108.85,109.9,25.5024
NVDA,2016-11-30,93.6,94.16,92.1,92.2,22.7177
AAPL,2016-11-22,111.95,112.42,111.4,111.8,25.9433
AAPL,2016-11-21,110.12,111.99,110.01,111.73,25.927
NVDA,2016-11-28,93.87,94.74,93.6,94.11,23.1884
AAPL,2016-11-17,109.81,110.35,108.83,109.95,25.514
AAPL,2016-11-16,106.7,110.23,106.6,109.99,25.5233
NVDA,2016-12-01,92.1,92.17,84.77,87.64,21.5942
NVDA,2016-12-02,86.25,88.8,85.12,88.45,21.7938
NVDA,2016-11-22,93.3,93.7396,92.38,93.65,23.0405
AAPL,2016-11-18,109.72,110.54,109.66,110.06,25.5395
AAPL,2016-11-14,107.71,107.81,104.08,105.71,24.5301
NVDA,2016-11-21,94.09,94.35,92.4,92.98,22.8757
AAPL,2016-11-11,107.12,108.87,106.55,108.43,25.1613
NVDA,2016-11-25,94.42,95.1,93.41,94.16,23.2007
NVDA,2016-11-23,93.72,95.2499,92.77,93.97,23.1539
AAPL,2016-11-15,106.57,107.68,106.16,107.11,24.855
NVDA,2016-11-29,94,94.44,92.53,93.25,22.9765
NVDA,2016-11-17,92.31,94.7923,90.65,92.39,22.7305
NVDA,2016-11-14,88.09,88.19,83.62,83.64,20.5778
AAPL,2016-11-10,111.09,111.09,105.83,107.79,25.0128
NVDA,2016-11-18,92.39,94.33,91.8,93.36,22.9692
AAPL,2016-11-09,109.88,111.32,108.05,110.88,25.7298
NVDA,2016-11-16,87.34,92.555,86.3452,91.63,22.5435
NVDA,2016-11-15,84.29,87.45,83.93,86.19,21.2052
AAPL,2016-11-04,108.53,110.25,108.11,108.84,25.2564
AAPL,2016-11-08,110.31,111.72,109.7,111.06,25.7716
AAPL,2016-11-07,110.08,110.51,109.46,110.41,25.6207
NVDA,2016-11-11,79.51,88.77,78.5,87.97,21.6431
NVDA,2016-11-10,71.49,71.5,66.76,67.77,16.6733
AAPL,2016-11-03,110.98,111.46,109.55,109.83,25.4861
AAPL,2016-11-02,111.4,112.35,111.23,111.59,25.7623
NVDA,2016-11-08,71.54,71.77,70.5,71.16,17.5074
AAPL,2016-10-26,114.31,115.7,113.31,115.59,26.6857
AAPL,2016-10-31,113.65,114.23,113.2,113.54,26.2125
NVDA,2016-11-07,69.55,71.72,69.5,71.27,17.5344
AAPL,2016-11-01,113.46,113.77,110.53,111.49,25.7392
NVDA,2016-11-09,69.23,70.9,68.72,69.96,17.2121
AAPL,2016-10-24,117.1,117.74,117,117.65,27.1613
NVDA,2016-11-04,67.51,68.7305,66.575,67.57,16.6241
AAPL,2016-10-28,113.87,115.21,113.45,113.72,26.254
AAPL,2016-10-27,115.39,115.86,114.1,114.48,26.4295
NVDA,2016-11-03,69.08,69.14,66.64,67.96,16.7201
NVDA,2016-10-26,71.27,72.95,71.2,72.16,17.7534
AAPL,2016-10-18,118.18,118.21,117.45,117.47,27.1198
NVDA,2016-11-02,69.58,70.52,68.6355,68.76,16.9169
NVDA,2016-11-01,71.42,71.81,68.29,69.05,16.9882
NVDA,2016-10-31,70.79,71.625,70.75,71.16,17.5074
AAPL,2016-10-25,117.95,118.36,117.31,118.25,27.2999
AAPL,2016-10-17,117.33,117.84,116.78,117.55,27.1382
NVDA,2016-10-28,71.02,72.1,70.43,70.56,17.3597
AAPL,2016-10-21,116.81,116.91,116.28,116.6,26.9189
NVDA,2016-10-27,72.71,72.85,70.385,70.68,17.3893
AAPL,2016-10-20,116.86,117.38,116.33,117.06,27.0251
AAPL,2016-10-19,117.25,117.76,113.8,117.12,27.039
NVDA,2016-10-21,67.49,67.66,66.9,67.54,16.6167
AAPL,2015-12-22,107.4,107.72,106.45,107.23,24.3412
AAPL,2015-12-21,107.28,107.37,105.57,107.33,24.3639
NVDA,2016-10-25,70.59,72.3,70.25,71.87,17.682
NVDA,2016-10-24,68,70.79,67.99,70.71,17.3966
AAPL,2016-10-14,117.88,118.17,117.13,117.63,27.1567
NVDA,2016-10-20,67.25,67.95,66.3,67.73,16.6635
NVDA,2016-10-19,66.16,66.78,65.82,66.47,16.3535
AAPL,2016-10-13,116.79,117.44,115.72,116.98,27.0067
AAPL,2016-10-11,117.7,118.69,116.2,116.3,26.8497
AAPL,2016-10-12,117.35,117.98,116.75,117.34,27.0898
NVDA,2016-10-18,66.52,66.99,66.25,66.61,16.3879
NVDA,2016-10-17,65.98,66.6,65.52,65.61,16.1419
NVDA,2016-10-14,66.15,66.6,65.6,65.99,16.2354
NVDA,2016-10-11,66.88,66.98,65.62,66.13,16.2698
NVDA,2016-10-13,65.65,65.8,63.7,65.35,16.0779
AAPL,2016-10-07,114.31,114.56,113.51,114.06,26.3325
AAPL,2016-10-06,113.7,114.34,113.13,113.89,26.2933
NVDA,2016-10-12,65.86,66.7791,65.31,66.43,16.3436
AAPL,2016-10-05,113.4,113.66,112.69,113.05,26.0994
AAPL,2016-10-04,113.06,114.31,112.63,113,26.0878
AAPL,2016-10-10,115.02,116.75,114.72,116.05,26.7919
AAPL,2016-10-03,112.71,113.05,112.28,112.52,25.977
NVDA,2016-10-07,67.79,67.97,66.66,66.85,16.447
NVDA,2016-10-10,67.2,67.56,66.47,67.1,16.5085
NVDA,2016-10-06,67.41,67.83,66.26,67.34,16.5675
AAPL,2016-09-27,113,113.18,112.34,113.09,26.1086
AAPL,2016-09-30,112.46,113.37,111.8,113.05,26.0994
NVDA,2016-10-05,68.88,69.58,68.02,68.23,16.7865
AAPL,2016-09-29,113.16,113.8,111.8,112.18,25.8985
NVDA,2016-10-04,68.55,69.7,67.79,68.3,16.8037
NVDA,2016-10-03,68.52,69.51,68.331,68.45,16.8406
AAPL,2016-09-28,113.69,114.64,113.43,113.95,26.3071
AAPL,2016-09-26,111.64,113.39,111.55,112.88,26.0601
AAPL,2016-09-16,115.12,116.13,114.04,114.92,26.5311
AAPL,2016-09-22,114.35,114.94,114,114.62,26.4618
AAPL,2016-09-21,113.85,113.99,112.44,113.55,26.2148
NVDA,2016-09-30,67.77,69.19,67.37,68.52,16.8578
NVDA,2016-09-29,66.67,67.61,66.0514,67.4,16.5823
AAPL,2016-09-15,113.86,115.73,113.49,115.57,26.6811
NVDA,2016-09-28,66.64,66.83,65.93,66.78,16.4297
AAPL,2016-09-23,114.42,114.79,111.55,112.71,26.0209
AAPL,2016-09-20,113.05,114.12,112.51,113.57,26.2194
AAPL,2016-09-14,108.73,113.03,108.6,111.77,25.8038
NVDA,2016-09-23,65.1,65.29,64.66,64.95,15.9795
NVDA,2016-09-27,64.09,66.64,64.06,66.54,16.3707
AAPL,2016-09-19,115.19,116.18,113.25,113.58,26.2217
NVDA,2016-09-20,64.4,64.4,62.74,63.09,15.5219
AAPL,2016-09-12,102.65,105.72,102.53,105.44,24.3425
NVDA,2016-09-19,63.5,65.26,63.21,63.67,15.6646
NVDA,2016-09-22,65.24,65.44,64.65,65.02,15.9967
NVDA,2016-09-26,64.21,64.6,63.53,64.34,15.8294
NVDA,2016-09-21,63.28,64.98,63.27,64.86,15.9574
NVDA,2016-09-16,62.91,63.25,62.12,62.84,15.4604
NVDA,2016-09-15,60.5,62.76,60.36,62.69,15.4235
AAPL,2016-09-13,107.51,108.79,107.24,107.95,24.9219
NVDA,2016-09-14,60.01,60.6,59.51,60.4,14.8601
AAPL,2016-09-02,107.7,108,106.82,107.73,24.8711
AAPL,2016-09-07,107.83,108.76,107.07,108.36,25.0166
AAPL,2016-09-08,107.25,107.27,105.24,105.52,24.3609
AAPL,2016-09-09,104.64,105.72,103.13,103.13,23.8092
AAPL,2016-09-06,107.9,108.3,107.51,107.7,24.8642
AAPL,2016-09-01,106.14,106.8,105.62,106.73,24.6403
NVDA,2016-09-12,58.73,60.865,57.315,60.75,14.9462
AAPL,2016-08-30,105.8,106.5,105.5,106,24.4717
AAPL,2016-08-31,105.66,106.57,105.64,106.1,24.4948
NVDA,2016-09-13,60.6,61.3,59.53,59.87,14.7297
NVDA,2016-09-08,62.13,62.74,61.42,62.64,15.4112
NVDA,2016-09-07,62.92,63.2285,61.83,62.19,15.3005
NVDA,2016-09-09,61.95,62.3,59,59.52,14.6436
NVDA,2016-09-06,62.75,63.12,62.429,63.12,15.5293
AAPL,2016-08-29,106.62,107.44,106.29,106.82,24.6611
NVDA,2016-08-29,62.28,62.53,61.885,61.99,15.2513
NVDA,2016-09-02,63.28,63.35,61.82,62.53,15.3841
AAPL,2016-08-26,107.41,107.95,106.31,106.94,24.6888
AAPL,2016-08-19,108.77,109.69,108.36,109.36,25.2475
NVDA,2016-09-01,61.39,63.38,61.34,63.15,15.5367
NVDA,2016-08-30,61.91,62.2426,61.46,61.63,15.1627
AAPL,2012-04-25,615.6388,617.9992,606.0012,609.9996,18.419
NVDA,2016-08-31,61.75,61.92,61.16,61.34,15.0914
AAPL,2016-08-25,107.39,107.88,106.68,107.57,24.8342
AAPL,2016-08-23,108.59,109.32,108.53,108.85,25.1297
AAPL,2016-08-24,108.57,108.75,107.68,108.03,24.9404
AAPL,2016-08-18,109.23,109.6,109.02,109.08,25.1828
AAPL,2016-08-22,108.86,109.1,107.85,108.51,25.0512
NVDA,2016-08-25,61.96,61.99,60.76,61.53,15.1381
AAPL,2016-08-16,109.63,110.23,109.21,109.38,25.2521
NVDA,2016-08-23,63.04,63.32,62.73,62.91,15.4776
NVDA,2016-08-24,63.13,63.16,61.65,61.94,15.239
AAPL,2016-08-17,109.1,109.37,108.34,109.22,25.2151
AAPL,2016-08-15,108.14,109.54,108.08,109.48,25.2752
NVDA,2016-08-22,62.45,62.612,61.711,62.52,15.3533
NVDA,2016-08-26,61.69,62.38,61.2,62.03,15.2611
NVDA,2016-08-15,63.11,63.4964,62.1302,62.98,15.4663
AAPL,2016-08-05,106.27,107.65,106.18,107.48,24.8134
AAPL,2016-08-04,105.58,106,105.28,105.87,24.4417
AAPL,2016-08-02,106.05,106.07,104,104.48,23.9909
AAPL,2016-08-09,108.23,108.94,108.01,108.81,25.1205
AAPL,2016-08-03,104.81,105.84,104.77,105.79,24.2917
NVDA,2016-08-12,61.9,63.38,60.63,63.04,15.481
NVDA,2016-08-10,59.41,59.5,58.3237,58.51,14.3686
NVDA,2016-08-08,59,59.14,58.12,58.74,14.4251
AAPL,2016-08-01,104.41,106.15,104.41,106.05,24.3514
NVDA,2016-08-11,58.82,59.95,58.7,59.7,14.6608
NVDA,2016-08-03,55.97,56.3,55.66,56.19,13.7988
NVDA,2016-08-19,62.07,62.73,61.8,62.26,15.2895
NVDA,2016-08-18,61.06,62.2,60.82,62.1,15.2502
NVDA,2016-08-16,62.89,62.99,62.41,62.6,15.373
AAPL,2016-08-12,107.78,108.44,107.78,108.18,24.975
AAPL,2016-08-10,108.71,108.9,107.76,108,24.9335
NVDA,2016-08-17,62.6,62.74,60.655,61.15,15.0169
NVDA,2016-08-01,57.34,57.55,56.36,56.73,13.9315
AAPL,2016-08-08,107.52,108.37,107.16,108.37,25.0189
AAPL,2016-08-11,108.52,108.93,107.85,107.93,24.9173
AAPL,2016-07-22,99.26,99.3,98.31,98.66,22.6545
AAPL,2016-07-21,99.83,101,99.13,99.43,22.8313
AAPL,2016-07-20,100,100.46,99.74,99.96,22.953
NVDA,2016-08-05,57.89,58.23,57.61,58.2,14.2924
AAPL,2016-07-25,98.25,98.84,96.92,97.34,22.3514
NVDA,2016-08-04,56.46,57.49,56.35,57.23,14.0542
AAPL,2016-07-29,104.19,104.55,103.68,104.21,23.9289
NVDA,2016-08-02,57,57.03,55.5,56.04,13.762
AAPL,2016-07-28,102.83,104.45,102.82,104.34,23.9587
AAPL,2016-07-19,99.56,100,99.34,99.87,22.9323
NVDA,2016-07-22,53.41,54.67,53.02,54.67,13.4256
NVDA,2016-07-29,56.39,57.25,55.38,57.1,14.0223
NVDA,2016-07-28,56.19,56.6,56.0137,56.18,13.7964
AAPL,2016-07-27,104.27,104.35,102.75,102.95,23.6395
NVDA,2016-08-09,59.03,59.46,58.74,58.89,14.4619
AAPL,2016-07-26,96.82,97.97,96.42,96.67,22.1975
NVDA,2016-07-21,54.1,54.27,53.04,53.22,13.0695
AAPL,2016-07-14,97.39,98.99,97.32,98.79,22.6843
AAPL,2016-07-15,98.92,99.3,98.5,98.78,22.682
NVDA,2016-07-27,57.12,57.22,55.72,56.06,13.7669
AAPL,2016-07-13,97.41,97.67,96.84,96.87,22.2434
AAPL,2016-07-18,98.7,100.13,98.6,99.83,22.9231
NVDA,2016-07-20,53.7,54.505,53.48,54.22,13.3151
NVDA,2016-07-26,56.17,56.92,56.09,56.63,13.9069
AAPL,2016-07-12,97.17,97.7,97.12,97.42,22.3697
NVDA,2016-07-19,52.94,53.7293,52.84,53.52,13.1432
NVDA,2016-07-18,53.35,53.43,52.77,52.97,13.0081
AAPL,2016-07-11,96.75,97.65,96.73,96.98,22.2687
AAPL,2016-07-08,96.49,96.89,96.05,96.68,22.1998
AAPL,2016-07-07,95.7,96.5,95.62,95.94,22.0299
AAPL,2016-07-06,94.6,95.66,94.37,95.53,21.9358
NVDA,2016-07-25,55,55.81,54.76,55.68,13.6736
NVDA,2016-07-11,51.58,52.4,51.52,52.02,12.7748
NVDA,2016-07-13,52.9,53.2,52.7,52.78,12.9614
AAPL,2016-07-05,95.39,95.4,94.46,94.99,21.8118
NVDA,2016-07-07,47.97,49.06,47.75,48.89,12.0061
NVDA,2016-07-15,52.64,52.935,51.841,52.7,12.9418
NVDA,2016-07-14,53.06,53.8,52.62,53.32,13.094
NVDA,2016-07-12,52.6,53.28,51.94,52.8,12.9663
AAPL,2016-07-01,95.49,96.47,95.33,95.89,22.0184
NVDA,2016-07-08,49.41,51.091,49.22,50.85,12.4875
AAPL,2016-06-30,94.44,95.77,94.3,95.6,21.9518
AAPL,2016-06-29,93.97,94.55,93.63,94.4,21.6763
NVDA,2016-07-06,47.02,47.925,46.78,47.65,11.7016
AAPL,2016-06-28,92.9,93.66,92.14,93.59,21.4903
AAPL,2016-06-27,93,93.05,91.5,92.04,21.1344
NVDA,2016-07-01,46.75,47.36,46.5,46.66,11.4585
NVDA,2016-07-05,46.4,47.43,46.03,47.35,11.628
NVDA,2016-06-24,46.5,47.36,45.3,45.73,11.2301
AAPL,2016-06-24,92.91,94.66,92.65,93.4,21.4467
AAPL,2016-06-23,95.94,96.29,95.25,96.1,22.0666
AAPL,2016-06-22,96.25,96.89,95.35,95.55,21.9403
AAPL,2016-06-21,94.94,96.35,94.68,95.91,22.023
AAPL,2016-06-20,96,96.57,95.03,95.1,21.837
NVDA,2016-06-30,46.73,47.3,46.35,47.01,11.5445
NVDA,2016-06-29,46.3,47.01,46.18,46.65,11.4561
NVDA,2016-06-28,46.1,46.1499,45.27,45.9,11.2719
NVDA,2016-06-23,47.68,48.54,47.65,48.49,11.9079
NVDA,2016-06-27,45.35,45.7,44.57,45.24,11.1098
AAPL,2016-06-17,96.62,96.65,95.3,95.33,21.8898
NVDA,2016-06-22,47.37,47.68,47.15,47.23,11.5985
AAPL,2016-06-16,96.45,97.75,96.07,97.55,22.3996
NVDA,2016-06-21,47.76,47.89,47.2,47.27,11.6083
AAPL,2016-06-15,97.82,98.41,97.03,97.14,22.3054
AAPL,2016-06-14,97.32,98.48,96.75,97.46,22.3789
AAPL,2016-06-13,98.69,99.12,97.1,97.34,22.3514
NVDA,2016-06-17,47.61,47.62,46.53,46.72,11.4732
NVDA,2016-06-20,47.47,48.17,47.44,47.56,11.6795
NVDA,2012-05-01,12.93,13.37,12.93,13.23,3.0336
AAPL,2016-06-10,98.53,99.35,98.48,98.83,22.6935
AAPL,2016-06-08,99.02,99.56,98.68,98.94,22.7188
AAPL,2016-06-07,99.25,99.87,98.96,99.03,22.7394
AAPL,2016-06-09,98.5,99.99,98.46,99.65,22.8818
AAPL,2016-06-06,97.99,101.89,97.55,98.63,22.6476
AAPL,2016-05-27,99.44,100.47,99.25,100.35,23.0425
NVDA,2016-06-16,47.01,47.63,46.551,47.55,11.6771
NVDA,2016-06-15,47.27,47.77,46.75,47.36,11.6304
NVDA,2016-06-14,46.68,47.1,46.155,46.88,11.5125
NVDA,2016-06-13,46.25,47.6986,46.25,46.79,11.4904
NVDA,2016-06-10,46.82,47.24,46.14,46.2,11.3455
NVDA,2016-06-08,46.34,46.51,45.8,46.18,11.3406
AAPL,2016-06-03,97.79,98.27,97.45,97.92,22.4846
NVDA,2016-06-09,46.02,47.45,45.92,47.38,11.6353
NVDA,2016-06-07,46.52,46.78,46.31,46.33,11.3775
AAPL,2016-06-01,99.02,99.54,98.33,98.46,22.6085
AAPL,2016-06-02,97.6,97.84,96.63,97.72,22.4386
AAPL,2016-05-31,99.6,100.4,98.82,99.86,22.93
NVDA,2016-06-06,46.6,46.96,46,46.24,11.3554
AAPL,2016-05-20,94.64,95.43,94.52,95.22,21.8646
AAPL,2016-05-26,99.68,100.73,98.64,100.41,23.0563
AAPL,2016-05-23,95.87,97.19,95.67,96.43,22.1424
AAPL,2016-05-24,97.22,98.09,96.84,97.9,22.48
AAPL,2016-05-25,98.67,99.74,98.11,99.62,22.8749
NVDA,2016-06-03,46.68,46.74,45.66,46.48,11.4143
AAPL,2016-05-18,94.16,95.21,93.89,94.56,21.713
AAPL,2016-05-16,92.39,94.39,91.65,93.88,21.5569
AAPL,2016-05-13,90,91.67,90,90.52,20.7854
NVDA,2016-05-26,45.25,45.98,45.12,45.65,11.2105
NVDA,2016-06-01,46.5,47.26,46.36,46.81,11.4953
NVDA,2016-06-02,47.06,47.54,46.6,47.14,11.5764
NVDA,2016-05-31,46.1,46.815,46.07,46.72,11.4732
NVDA,2016-05-23,44.52,44.69,44.13,44.4,10.8752
NVDA,2016-05-27,45.7,45.97,45.55,45.9,11.2719
NVDA,2016-05-24,44.42,45.5,44.3,45.36,11.1393
AAPL,2016-05-19,94.64,94.64,93.57,94.2,21.6304
NVDA,2016-05-25,45.5,45.69,44.81,45.17,11.0926
AAPL,2016-05-17,94.55,94.7,93.01,93.49,21.4673
NVDA,2016-05-16,40.67,42.8,40.54,42.19,10.3339
AAPL,2016-05-12,92.72,92.78,89.47,90.34,20.744
NVDA,2016-05-13,39.19,41,39,40.98,10.0375
AAPL,2016-05-11,93.48,93.57,92.46,92.51,21.2423
AAPL,2016-05-10,93.33,93.57,92.11,93.42,21.4513
AAPL,2016-05-09,93,93.77,92.59,92.79,21.3066
NVDA,2016-05-19,43.19,43.8586,43.13,43.55,10.667
AAPL,2016-05-06,93.37,93.45,91.85,92.72,21.2905
NVDA,2016-05-12,36.32,36.48,34.93,35.57,8.7124
NVDA,2016-05-11,36.07,36.46,35.87,36.06,8.8324
NVDA,2016-05-10,35.5,36.02,35.16,35.96,8.808
NVDA,2016-05-09,35.42,35.57,34.99,35.28,8.6414
AAPL,2016-05-04,95.2,95.9,93.82,94.19,21.4972
AAPL,2016-05-03,94.2,95.74,93.68,95.18,21.7231
AAPL,2016-05-02,93.97,94.08,92.4,93.64,21.3717
NVDA,2016-05-20,43.82,44.51,43.75,44.33,10.8581
AAPL,2016-05-05,94,94.07,92.68,93.24,21.4099
NVDA,2016-05-04,35.14,35.17,34.4,34.76,8.514
NVDA,2016-05-17,42,42.58,41.4601,42.28,10.356
NVDA,2016-05-18,42,43.85,42,43.36,10.6205
AAPL,2016-04-29,93.99,94.72,92.51,93.74,21.3945
NVDA,2016-05-02,35.87,36.22,35.7,36,8.8177
NVDA,2016-05-03,35.59,35.74,35.261,35.57,8.7124
NVDA,2016-04-29,36.05,36.13,35.14,35.53,8.7026
NVDA,2016-04-28,37.08,37.3,36.11,36.2,8.8667
NVDA,2016-04-27,36.39,37.33,36.323,37.31,9.1386
NVDA,2016-04-26,36.67,37.09,36.32,36.48,8.9353
NVDA,2016-04-25,36.28,36.65,36.18,36.45,8.928
AAPL,2016-04-20,106.64,108.09,106.06,107.13,24.4505
AAPL,2016-04-28,97.61,97.88,94.25,94.83,21.6432
AAPL,2016-04-27,96,98.71,95.68,97.82,22.3257
AAPL,2016-04-26,103.91,105.3,103.91,104.35,23.816
AAPL,2016-04-25,105,105.65,104.51,105.08,23.9826
NVDA,2016-05-06,34.91,35.425,34.84,35.33,8.6536
NVDA,2016-05-05,35.05,35.38,34.71,34.97,8.5655
AAPL,2016-04-22,105.01,106.48,104.62,105.68,24.1196
AAPL,2016-04-18,108.89,108.95,106.94,107.48,24.5304
AAPL,2016-04-19,107.88,108,106.23,106.91,24.4003
AAPL,2016-04-21,106.93,106.93,105.52,105.97,24.1858
NVDA,2016-04-20,36.25,36.67,36.21,36.45,8.928
AAPL,2016-04-15,112.11,112.3,109.73,109.85,25.0713
NVDA,2016-04-18,37.06,37.06,36.61,36.97,9.0553
AAPL,2016-04-08,108.91,109.77,108.17,108.66,24.7997
NVDA,2016-04-15,36.83,37.46,36.712,37.13,9.0945
AAPL,2016-04-07,109.95,110.42,108.12,108.54,24.7723
NVDA,2016-04-19,37.11,37.18,36.08,36.31,8.8937
NVDA,2016-04-07,35.57,35.89,35.28,35.43,8.6781
AAPL,2016-04-06,110.23,110.98,109.2,110.96,25.3246
NVDA,2016-04-12,36,36.05,35.14,35.84,8.7786
NVDA,2016-04-11,35.87,36.47,35.76,35.88,8.7884
NVDA,2016-04-13,36,36.75,36,36.74,8.999
NVDA,2016-04-14,36.64,37,36.49,36.84,9.0235
AAPL,2016-04-05,109.51,110.73,109.42,109.81,25.0622
AAPL,2016-04-04,110.42,112.19,110.27,111.12,25.3611
AAPL,2016-04-12,109.34,110.5,108.66,110.44,25.2059
AAPL,2016-04-11,108.97,110.61,108.83,109.02,24.8819
AAPL,2016-04-13,110.8,112.34,110.8,112.04,25.5711
NVDA,2016-04-22,36.53,36.78,36.145,36.27,8.8839
AAPL,2016-04-14,111.62,112.39,111.33,112.1,25.5848
NVDA,2016-04-21,36.46,36.63,36.25,36.41,8.9182
NVDA,2016-04-06,35.3,35.82,34.63,35.8,8.7688
AAPL,2016-03-28,106,106.19,105.06,105.19,24.0077
NVDA,2016-04-05,35.48,36.08,35.34,35.75,8.7565
AAPL,2016-04-01,108.78,110,108.2,109.99,25.1032
NVDA,2016-04-01,35.41,36.17,35.14,36.15,8.8545
AAPL,2016-03-23,106.48,107.07,105.9,106.13,24.2223
AAPL,2016-03-24,105.47,106.25,104.89,105.67,24.1173
NVDA,2016-04-04,36.45,36.64,35.66,35.8,8.7688
AAPL,2016-03-14,101.91,102.91,101.78,102.52,23.3984
NVDA,2016-03-29,34.68,35.47,34.6,35.39,8.6683
AAPL,2016-03-22,105.25,107.29,105.21,106.72,24.3569
NVDA,2016-03-31,35.92,36,35.35,35.63,8.7271
NVDA,2016-03-30,35.52,36.25,35.5,35.76,8.759
AAPL,2016-03-21,105.93,107.65,105.14,105.91,24.1721
AAPL,2016-03-29,104.89,107.79,104.88,107.68,24.576
AAPL,2016-03-31,109.72,109.9,108.88,108.99,24.875
AAPL,2016-03-30,108.65,110.42,108.6,109.56,25.0051
NVDA,2016-04-08,35.72,35.95,35.305,35.66,8.7345
AAPL,2016-03-15,103.96,105.18,103.85,104.58,23.8685
AAPL,2016-03-18,106.34,106.5,105.19,105.92,24.1743
NVDA,2016-03-18,33.21,34.25,33,33.81,8.2813
NVDA,2016-03-24,34.12,34.54,34.01,34.48,8.4454
NVDA,2016-03-28,34.42,34.98,34.38,34.83,8.5312
NVDA,2016-03-23,34,34.68,33.85,34.43,8.4332
NVDA,2016-03-22,33.8,34.085,33.43,33.85,8.2911
AAPL,2016-03-11,102.24,102.28,101.5,102.26,23.339
AAPL,2016-03-17,105.52,106.47,104.96,105.8,24.147
NVDA,2016-03-17,32.98,33.14,32.3739,32.82,8.0388
NVDA,2016-03-21,33.51,33.92,33.15,33.91,8.3058
AAPL,2016-03-10,101.41,102.24,100.15,101.17,23.0902
AAPL,2016-03-09,101.31,101.58,100.27,101.12,23.0788
NVDA,2016-03-15,32.13,32.34,31.57,32.14,7.8723
AAPL,2016-03-08,100.78,101.76,100.4,101.03,23.0583
NVDA,2016-03-16,31.9,33.21,31.75,33.1,8.1074
NVDA,2016-03-14,32.07,32.43,31.92,32.3,7.9115
AAPL,2016-03-16,104.61,106.31,104.59,105.97,24.1858
AAPL,2016-03-07,102.39,102.83,100.96,101.87,23.25
AAPL,2016-03-04,102.37,103.75,101.37,103.01,23.5102
AAPL,2016-03-02,100.51,100.89,99.64,100.75,22.9944
AAPL,2016-03-01,97.65,100.77,97.42,100.53,22.9442
AAPL,2016-02-29,96.86,98.23,96.65,96.69,22.0678
NVDA,2016-03-04,32.9,32.93,32.3,32.55,7.9727
NVDA,2016-03-11,32.15,32.23,31.77,32.22,7.8919
NVDA,2016-03-10,31.92,32.1,31.04,31.68,7.7596
NVDA,2016-03-09,32.03,32.075,31.32,31.73,7.7719
AAPL,2016-03-03,100.58,101.71,100.45,101.5,23.1656
NVDA,2016-03-08,32.01,32.2,31.645,31.75,7.7768
AAPL,2012-04-24,562.6096,567.6888,554.9992,560.28,16.9177
AAPL,2012-04-23,570.6092,576.6712,556.6204,571.7012,17.2626
AAPL,2016-02-24,93.98,96.38,93.32,96.1,21.9331
NVDA,2016-03-03,32.9,33.04,32.21,32.65,7.9972
AAPL,2016-02-25,96.05,96.76,95.25,96.76,22.0837
AAPL,2016-02-17,96.67,98.21,96.15,98.12,22.3941
NVDA,2016-02-23,31.27,31.9,31.12,31.6,7.7119
NVDA,2016-02-22,30.88,31.87,30.82,31.52,7.6924
AAPL,2016-02-11,93.79,94.72,92.59,93.7,21.3853
NVDA,2016-03-07,32.37,32.59,31.915,32.34,7.9213
AAPL,2016-02-26,97.2,98.02,96.58,96.91,22.118
NVDA,2016-03-02,32.57,33.06,32.51,32.94,8.0682
AAPL,2016-02-23,96.4,96.5,94.55,94.69,21.6113
NVDA,2016-03-01,31.44,32.75,31.39,32.75,8.0217
AAPL,2016-02-22,96.31,96.9,95.92,96.88,22.1111
NVDA,2016-02-29,31.61,32.02,31.34,31.36,7.6812
AAPL,2016-02-16,95.02,96.85,94.61,96.64,22.0563
NVDA,2016-02-24,31.47,31.8679,30.6,31.82,7.7656
AAPL,2016-02-12,94.19,94.5,93.01,93.99,21.4515
NVDA,2016-02-25,31.94,32.05,31.32,31.89,7.7827
NVDA,2016-02-11,24.78,25.56,24.78,25.3,6.1744
AAPL,2016-02-19,96,96.76,95.8,96.04,21.9194
NVDA,2016-02-26,32.04,32.1162,31.36,31.68,7.7314
AAPL,2016-02-18,98.84,98.89,96.09,96.26,21.9696
NVDA,2016-02-19,29.88,30.71,29.65,30.44,7.4288
NVDA,2016-02-18,29.93,30.975,29.9,30.04,7.3312
AAPL,2016-02-03,95,96.84,94.08,96.35,21.8715
AAPL,2016-02-10,95.92,96.35,94.1,94.27,21.5154
AAPL,2016-02-02,95.42,96.04,94.28,94.48,21.447
NVDA,2016-02-17,27.33,27.92,27.22,27.66,6.7503
NVDA,2016-02-16,26.1,27.03,26.02,26.99,6.5868
AAPL,2016-02-08,93.13,95.7,93.04,95.01,21.6843
AAPL,2016-02-09,94.29,95.94,93.93,94.99,21.6798
NVDA,2016-02-12,25.7,25.78,24.75,25.73,6.2793
NVDA,2016-02-08,26.03,26.16,24.85,25.22,6.1549
NVDA,2016-02-09,24.92,26.55,24.8,25.49,6.2208
AAPL,2016-01-28,93.79,94.52,92.39,94.09,21.3585
AAPL,2016-02-01,96.47,96.71,95.4,96.43,21.8896
NVDA,2016-02-05,28.02,28.33,26.35,26.43,6.4502
AAPL,2016-02-05,96.52,96.92,93.69,94.02,21.4584
NVDA,2016-02-10,25.65,26.39,25.29,25.43,6.2061
AAPL,2016-02-04,95.86,97.33,95.19,96.6,22.0472
NVDA,2016-02-04,28.24,28.85,27.93,28.21,6.8846
AAPL,2016-01-29,94.79,97.34,94.35,97.34,22.0962
AAPL,2016-01-21,97.06,97.88,94.94,96.3,21.8601
NVDA,2016-02-03,28.28,28.45,27.55,28.2,6.8821
NVDA,2016-01-28,28.59,28.69,27.5,28.05,6.8455
AAPL,2016-01-20,95.1,98.19,93.42,96.79,21.9714
AAPL,2016-01-27,96.04,96.63,93.34,93.42,21.2064
NVDA,2016-02-02,29,29.15,27.86,28.06,6.848
NVDA,2016-01-26,28.48,28.82,28.185,28.7,7.0041
NVDA,2016-01-25,28.44,28.765,28.355,28.42,6.9358
NVDA,2016-01-27,28.66,28.745,27.815,28.36,6.9212
NVDA,2016-01-22,28.33,28.64,28.27,28.45,6.9431
NVDA,2016-01-21,27.78,28.23,27.21,27.8,6.7845
AAPL,2016-01-14,97.96,100.48,95.74,99.52,22.5911
AAPL,2016-01-15,96.2,97.71,95.36,97.13,22.0485
NVDA,2016-01-20,26.81,27.83,26.45,27.48,6.7064
NVDA,2016-02-01,29.26,29.45,29.01,29.3,7.1506
AAPL,2016-01-26,99.93,100.88,98.07,99.99,22.6978
AAPL,2016-01-25,101.52,101.53,99.21,99.44,22.5729
NVDA,2016-01-29,28.29,29.345,28.18,29.29,7.1481
AAPL,2016-01-22,98.63,101.46,98.37,101.42,23.0224
AAPL,2016-01-19,98.41,98.65,95.5,96.66,21.9418
AAPL,2016-01-05,105.75,105.85,102.41,102.71,23.3152
AAPL,2016-01-12,100.55,100.69,98.84,99.96,22.6909
AAPL,2016-01-13,100.32,101.19,97.3,97.39,22.1076
NVDA,2016-01-14,28.66,29,27.82,28.67,6.9968
NVDA,2015-12-29,33.16,33.78,33.07,33.68,8.2195
NVDA,2015-12-30,33.65,33.94,33.38,33.39,8.1487
NVDA,2015-12-28,32.82,33.14,32.36,33.14,8.0877
AAPL,2016-01-11,98.97,99.06,97.34,98.53,22.3663
AAPL,2015-12-18,108.91,109.52,105.81,106.03,24.0688
AAPL,2016-01-07,98.68,100.13,96.43,96.45,21.8942
AAPL,2016-01-08,98.55,99.11,96.76,96.96,22.0099
NVDA,2016-01-04,32.29,32.58,32.04,32.37,7.8998
AAPL,2016-01-06,100.56,102.37,99.87,100.7,22.8589
NVDA,2015-12-24,32.96,33.25,32.91,33.17,8.095
NVDA,2015-12-31,33.34,33.49,32.96,32.96,8.0438
NVDA,2015-12-23,32.98,33.185,32.92,33.055,8.067
AAPL,2015-12-08,117.52,118.6,116.86,118.23,26.8382
NVDA,2015-12-22,33,33.26,32.73,32.93,8.0365
AAPL,2015-12-17,112.02,112.25,108.98,108.98,24.7385
NVDA,2015-12-21,32.49,32.93,32.2,32.895,8.0279
AAPL,2015-12-07,118.98,119.86,117.81,118.28,26.8496
AAPL,2015-12-16,111.07,111.99,108.8,111.34,25.2742
NVDA,2015-12-18,32.44,32.77,32.1,32.14,7.8437
NVDA,2015-12-16,33.04,33.28,32.75,33.17,8.095
NVDA,2015-12-17,33.22,33.56,32.65,32.67,7.973
NVDA,2015-12-14,32.52,32.75,32.18,32.57,7.9486
NVDA,2015-12-15,32.94,33.2,32.76,32.97,8.0462
NVDA,2015-12-11,32.65,32.88,32.42,32.49,7.9291
AAPL,2015-12-14,112.18,112.68,109.79,112.48,25.533
AAPL,2015-12-15,111.94,112.8,110.35,110.49,25.0813
AAPL,2015-12-11,115.19,115.39,112.85,113.18,25.6919
AAPL,2015-12-10,116.04,116.94,115.51,116.17,26.3706
AAPL,2015-12-04,115.29,119.25,115.11,119.03,27.0198
AAPL,2015-11-24,117.33,119.35,117.12,118.88,26.9858
AAPL,2015-12-09,117.64,117.69,115.08,115.62,26.2458
NVDA,2015-12-08,32.7,33.7,32.49,33.56,8.1902
AAPL,2015-12-03,116.55,116.79,114.22,115.2,26.1504
NVDA,2015-12-10,32.81,33.16,32.7,32.98,8.0487
NVDA,2015-12-09,33.55,33.75,32.37,32.71,7.9828
AAPL,2015-11-23,119.27,119.73,117.34,117.75,26.7293
NVDA,2015-12-02,32.8,33.14,32.43,32.5,7.9315
AAPL,2015-11-20,119.2,119.92,118.85,119.3,27.0811
NVDA,2015-12-07,33.74,33.74,33.01,33.11,8.0804
AAPL,2015-12-01,118.75,118.81,116.86,117.34,26.6362
AAPL,2015-12-02,117.34,118.11,116.08,116.28,26.3956
NVDA,2015-11-30,31.42,31.86,31.39,31.72,7.7412
NVDA,2015-11-27,31.19,31.49,31.03,31.39,7.6606
NVDA,2015-12-03,32.76,33.1,32.27,32.43,7.9144
AAPL,2015-11-30,117.99,119.41,117.75,118.3,26.8541
NVDA,2015-12-04,32.43,33.81,32.43,33.75,8.2366
AAPL,2015-11-27,118.29,118.41,117.6,117.81,26.7429
AAPL,2015-11-19,117.64,119.75,116.76,118.78,26.9631
NVDA,2015-11-25,31.11,31.48,31.02,31.13,7.5972
AAPL,2015-11-05,121.85,122.69,120.18,120.92,27.4489
NVDA,2015-11-24,30.92,31.44,30.78,31.17,7.6069
NVDA,2015-11-23,31.65,31.65,30.805,30.92,7.5459
AAPL,2015-11-12,116.26,116.82,115.65,115.72,26.2685
AAPL,2015-11-11,116.37,117.42,115.21,116.11,26.357
AAPL,2015-11-10,116.9,118.07,116.06,116.77,26.5068
AAPL,2015-11-25,119.21,119.23,117.92,118.03,26.7928
NVDA,2015-11-17,30.48,30.66,30.2735,30.4,7.3909
NVDA,2015-11-18,30.41,31.07,30.075,31.03,7.5728
NVDA,2015-12-01,32,32.78,31.97,32.75,7.9925
NVDA,2015-11-16,30.19,30.42,29.95,30.4,7.3909
AAPL,2015-11-17,114.92,115.05,113.32,113.69,25.8077
NVDA,2015-11-13,30.43,30.56,29.65,29.8,7.245
AAPL,2015-11-18,115.76,117.49,115.5,117.29,26.6249
NVDA,2015-11-12,30.44,30.72,30.27,30.4,7.3909
AAPL,2015-11-16,111.38,114.24,111,114.18,25.9189
NVDA,2015-11-19,31.14,31.43,30.8899,31.12,7.5947
AAPL,2015-11-13,115.2,115.57,112.27,112.34,25.5012
NVDA,2015-11-20,31.35,31.57,31.16,31.39,7.6606
AAPL,2015-11-09,120.96,121.81,120.05,120.57,27.3694
NVDA,2015-11-11,30.83,31.05,30.4,30.51,7.4177
AAPL,2015-11-06,121.11,121.81,120.62,121.06,27.4807
AAPL,2015-10-23,116.7,119.23,116.33,119.08,26.916
AAPL,2015-10-29,118.7,120.69,118.27,120.53,27.2437
AAPL,2015-10-28,116.93,119.3,116.06,119.27,26.9589
AAPL,2015-10-27,115.4,116.54,113.99,114.55,25.8921
NVDA,2015-11-10,31,31.17,30.1501,30.81,7.4906
AAPL,2015-10-22,114.33,115.5,114.1,115.5,26.1068
NVDA,2015-11-03,28.53,28.69,28.18,28.5,6.929
NVDA,2015-11-02,28.46,28.73,28.29,28.7,6.9776
NVDA,2015-11-09,31.24,31.5,30.97,31.41,7.6365
AAPL,2015-11-03,120.79,123.49,120.7,122.57,27.7048
NVDA,2015-11-04,28.42,28.63,27.9,28.03,6.8147
NVDA,2015-10-30,27.98,28.57,27.77,28.37,6.8974
NVDA,2015-11-06,30.45,31.94,29.82,31.55,7.6705
AAPL,2015-11-02,120.8,121.36,119.61,121.18,27.3906
AAPL,2015-11-04,123.13,123.82,121.62,122,27.576
NVDA,2015-10-29,28.21,28.5,27.63,27.68,6.7296
AAPL,2015-10-30,120.99,121.22,119.45,119.5,27.0109
NVDA,2015-11-05,28.17,28.245,27.63,27.71,6.7369
AAPL,2015-10-26,118.08,118.13,114.92,115.28,26.0571
NVDA,2015-10-28,28.62,28.67,28.2,28.67,6.9703
NVDA,2015-10-27,28.32,28.6175,28.3,28.44,6.9144
AAPL,2015-10-12,112.73,112.75,111.44,111.6,25.2253
AAPL,2015-10-09,110,112.28,109.49,112.12,25.3428
NVDA,2015-10-23,28.65,28.78,28.22,28.59,6.9509
NVDA,2015-10-22,27.73,28.49,27.69,28.4,6.9047
NVDA,2015-10-21,27.94,28.11,27.36,27.41,6.664
AAPL,2015-10-08,110.19,110.19,108.21,109.5,24.7506
NVDA,2015-10-20,27.69,27.9,27.48,27.77,6.7515
NVDA,2015-10-19,27.95,28.075,27.49,27.81,6.7612
NVDA,2015-10-16,27.52,28.12,27.45,27.86,6.7734
NVDA,2015-10-15,27.41,27.99,27.13,27.43,6.6688
AAPL,2015-10-15,110.93,112.1,110.49,111.86,25.284
AAPL,2015-10-13,110.82,112.45,110.68,111.79,25.2682
AAPL,2015-10-14,111.29,111.52,109.56,110.21,24.9111
NVDA,2015-10-13,26.14,26.555,26.05,26.4,6.4184
NVDA,2015-10-14,26.43,27.785,26.4,27.36,6.6518
AAPL,2015-10-07,111.74,111.77,109.41,110.78,25.0399
NVDA,2015-10-12,26.1,26.5,25.905,26.35,6.4063
AAPL,2015-10-05,109.88,111.37,109.07,110.78,25.0399
NVDA,2015-10-09,26.03,26.28,25.58,26.07,6.3382
AAPL,2015-10-02,108.01,111.01,107.55,110.38,24.9495
AAPL,2015-09-30,110.17,111.54,108.73,110.3,24.9314
AAPL,2015-10-01,109.07,109.62,107.31,109.58,24.7687
NVDA,2015-10-08,25.91,26.2399,25.47,26.17,6.3625
AAPL,2015-09-28,113.85,114.57,112.44,112.44,25.4151
AAPL,2012-04-19,600.2192,604.73,584.5196,587.44,17.7378
AAPL,2012-04-20,591.3796,594.6192,570.4188,572.9808,17.3012
AAPL,2015-10-21,114,115.58,113.7,113.76,25.7135
AAPL,2015-10-06,110.63,111.74,109.77,111.31,25.1597
AAPL,2015-09-29,112.83,113.51,107.86,109.06,24.6511
AAPL,2015-09-25,116.44,116.69,114.02,114.71,25.9282
NVDA,2015-10-26,28.61,28.68,28.2,28.46,6.9193
AAPL,2015-10-20,111.34,114.17,110.82,113.77,25.7157
AAPL,2015-10-19,110.8,111.75,110.11,111.73,25.2546
NVDA,2015-10-07,25.81,26.28,25.39,26.02,6.326
AAPL,2015-09-24,113.25,115.5,112.37,115,25.9938
NVDA,2015-10-05,24.96,25.73,24.83,25.42,6.1802
AAPL,2015-10-16,111.78,112,110.53,111.04,25.0987
NVDA,2015-10-02,24.04,24.8006,23.79,24.8,6.0294
NVDA,2015-09-30,23.93,24.68,23.79,24.65,5.993
NVDA,2015-10-01,24.65,24.72,23.47,24.17,5.8763
AAPL,2015-09-21,113.67,115.37,113.66,115.21,26.0412
NVDA,2015-09-25,23.73,24.07,23.38,23.61,5.7401
AAPL,2015-09-16,116.25,116.54,115.44,116.41,26.3125
NVDA,2015-09-24,22.86,23.68,22.5,23.44,5.6988
AAPL,2015-09-18,112.21,114.3,111.87,113.45,25.6434
AAPL,2015-09-17,115.66,116.49,113.72,113.92,25.7497
AAPL,2012-04-18,613.7208,620.2504,602.7112,608.3392,18.3689
AAPL,2015-09-15,115.93,116.53,114.42,116.28,26.2831
AAPL,2015-09-14,116.58,116.89,114.86,115.31,26.0638
NVDA,2015-09-23,22.91,23.14,22.8201,23,5.5918
AAPL,2015-09-10,110.27,113.28,109.9,112.57,25.4445
AAPL,2015-09-11,111.79,114.21,111.76,114.21,25.8152
NVDA,2015-09-22,23.02,23.18,22.765,22.89,5.5651
AAPL,2015-09-23,113.63,114.72,113.3,114.32,25.8401
NVDA,2015-09-28,23.61,23.755,23.15,23.3,5.6647
AAPL,2015-09-22,113.38,114.18,112.52,113.4,25.6321
NVDA,2015-10-06,25.15,25.86,25.05,25.75,6.2604
NVDA,2015-09-29,23.55,23.75,23.22,23.71,5.7644
NVDA,2015-09-17,23.5,23.71,23.26,23.31,5.6672
NVDA,2015-09-18,22.99,23.49,22.85,23.29,5.6623
NVDA,2015-09-14,22.76,22.83,22.5701,22.69,5.5164
NVDA,2015-09-21,23.32,23.58,23.2,23.53,5.7207
NVDA,2012-04-30,12.91,13.07,12.82,13,2.9809
AAPL,2015-09-04,108.97,110.45,108.51,109.27,24.6986
AAPL,2015-09-01,110.15,111.88,107.36,107.72,24.3482
AAPL,2015-09-03,112.49,112.78,110.04,110.37,24.9472
NVDA,2015-09-10,22.1,22.86,21.995,22.58,5.4897
NVDA,2015-09-11,22.33,22.8,22.235,22.65,5.5067
AAPL,2015-09-02,110.23,112.34,109.13,112.34,25.3925
AAPL,2015-08-31,112.03,114.53,112,112.76,25.4875
NVDA,2015-08-31,22.62,22.78,22.385,22.48,5.4654
NVDA,2015-09-09,22.75,22.94,22.18,22.23,5.4046
AAPL,2015-08-28,112.17,113.31,111.54,113.29,25.6073
AAPL,2015-08-26,107.09,109.89,105.05,109.69,24.7935
AAPL,2015-08-27,112.23,113.24,110.02,112.92,25.5236
NVDA,2015-09-08,22.28,22.77,22.192,22.68,5.514
AAPL,2015-09-09,113.76,114.02,109.77,110.15,24.8975
NVDA,2015-09-16,22.9,23.23,22.725,23.1,5.6161
AAPL,2015-09-08,111.75,112.56,110.32,112.31,25.3857
NVDA,2015-09-15,22.7,23.06,22.63,22.94,5.5772
NVDA,2015-09-04,21.89,22.24,21.74,21.75,5.2879
AAPL,2015-08-24,94.87,108.8,92,103.12,23.3085
NVDA,2015-09-03,22.54,22.65,22.23,22.27,5.4143
NVDA,2015-08-28,22.63,22.87,22.465,22.73,5.5262
NVDA,2015-09-02,22.15,22.22,21.78,22.21,5.3997
AAPL,2015-08-21,110.43,111.9,105.65,105.76,23.9052
NVDA,2015-08-26,20.94,21.83,20.78,21.81,5.3025
AAPL,2015-08-20,114.08,114.35,111.63,112.65,25.4626
NVDA,2015-08-27,22.04,22.64,21.91,22.63,5.5019
AAPL,2015-08-19,116.1,116.52,114.68,115.01,25.996
AAPL,2015-08-18,116.43,117.44,116.01,116.5,26.3328
AAPL,2015-08-17,116.04,117.65,115.5,117.16,26.482
NVDA,2015-08-21,22,22.37,21.45,21.47,5.2198
NVDA,2015-08-25,21.62,21.7,20.28,20.28,4.9305
AAPL,2015-08-14,114.32,116.31,114.01,115.96,26.2108
AAPL,2015-08-13,116.04,116.4,114.54,115.15,26.0277
AAPL,2015-08-12,112.53,115.42,109.63,115.24,26.048
NVDA,2015-08-24,20.27,21.83,20,20.71,5.0351
AAPL,2015-08-25,111.11,111.11,103.5,103.74,23.4486
NVDA,2015-09-01,21.83,22.2,21.4,21.56,5.2417
NVDA,2015-08-17,23.5,23.5,23.1,23.39,5.6629
NVDA,2015-08-18,23.22,23.38,22.9,23.08,5.6113
NVDA,2015-08-20,22.73,22.84,22.05,22.16,5.3876
AAPL,2015-08-10,116.53,119.99,116.53,119.72,27.0606
NVDA,2015-08-19,23.05,23.305,22.74,22.99,5.5894
NVDA,2015-08-14,23.5,23.68,23.36,23.54,5.6992
AAPL,2015-08-11,117.81,118.18,113.33,113.49,25.6525
AAPL,2015-08-07,114.58,116.25,114.5,115.52,26.1113
NVDA,2015-08-13,23.75,23.8,23.46,23.52,5.6944
NVDA,2015-08-12,23.28,23.89,23.28,23.72,5.7428
AAPL,2015-08-06,115.97,116.5,114.12,115.13,26.0232
AAPL,2015-08-05,112.95,117.44,112.1,115.4,25.9666
AAPL,2015-08-03,121.5,122.57,117.52,118.44,26.6507
AAPL,2015-08-04,117.42,117.7,113.25,114.64,25.7956
NVDA,2015-08-07,22.46,23.37,21.88,22.98,5.5636
NVDA,2015-08-11,23.43,23.89,23.43,23.66,5.7283
AAPL,2015-07-31,122.6,122.64,120.91,121.3,27.2942
AAPL,2015-07-29,123.15,123.5,122.27,122.99,27.6745
AAPL,2015-07-30,122.32,122.57,121.71,122.37,27.535
NVDA,2015-08-10,22.82,23.95,22.68,23.78,5.7573
NVDA,2015-08-03,20.11,20.31,19.85,20.29,4.9124
NVDA,2015-08-04,20.22,20.43,20.14,20.37,4.9317
AAPL,2015-07-27,123.09,123.61,122.12,122.77,27.625
NVDA,2015-08-06,20.53,20.68,20.11,20.45,4.9511
NVDA,2015-08-05,20.87,20.89,20.535,20.58,4.9826
AAPL,2015-07-28,123.38,123.91,122.55,123.38,27.7623
NVDA,2015-07-31,20.1,20.11,19.83,19.95,4.83
NVDA,2015-07-29,19.69,20.13,19.61,19.97,4.8349
NVDA,2015-07-30,19.92,20.22,19.92,20.02,4.847
AAPL,2015-07-24,125.32,125.74,123.9,124.5,28.0143
AAPL,2015-07-21,132.85,132.92,130.32,130.75,29.4206
NVDA,2015-07-24,19.79,19.81,19.34,19.42,4.7017
NVDA,2015-07-28,19.36,19.86,19.16,19.73,4.7768
AAPL,2015-07-20,130.97,132.97,130.7,132.07,29.7176
AAPL,2015-07-16,127.74,128.57,127.35,128.51,28.9166
AAPL,2015-07-17,129.08,129.62,128.31,129.62,29.1663
AAPL,2015-07-15,125.72,127.15,125.58,126.82,28.5363
NVDA,2015-07-27,19.25,19.53,19.09,19.31,4.6751
AAPL,2015-07-23,126.2,127.09,125.06,125.16,28.1628
AAPL,2015-07-22,121.99,125.5,121.99,125.22,28.1763
NVDA,2015-07-21,19.66,20.07,19.66,19.79,4.7913
AAPL,2015-07-13,125.03,125.76,124.32,125.66,28.2753
NVDA,2015-07-23,19.45,19.94,19.41,19.65,4.7574
NVDA,2015-07-22,19.65,19.65,19.17,19.405,4.6981
NVDA,2015-07-20,20.07,20.15,19.65,19.7,4.7695
AAPL,2015-07-14,126.04,126.37,125.04,125.61,28.264
NVDA,2015-07-16,19.87,20.19,19.8,20.19,4.8882
NVDA,2015-07-17,20.12,20.14,19.8099,20.07,4.8591
NVDA,2015-07-15,19.84,19.97,19.57,19.75,4.7816
AAPL,2015-07-02,126.43,126.69,125.77,126.44,28.4508
AAPL,2015-07-08,124.48,124.64,122.54,122.57,27.58
AAPL,2015-07-09,123.85,124.06,119.22,120.07,27.0175
AAPL,2015-07-10,121.94,123.85,121.21,123.28,27.7398
AAPL,2015-07-07,125.89,126.15,123.77,125.69,28.282
NVDA,2006-04-04,57.98,60.7004,57.92,60.6104,4.6326
AAPL,2015-07-01,126.9,126.94,125.99,126.6,28.4868
AAPL,2015-06-30,125.57,126.12,124.86,125.43,28.2235
NVDA,2015-07-14,19.91,19.93,19.63,19.89,4.8155
NVDA,2015-07-13,19.95,19.9899,19.745,19.88,4.8131
NVDA,2015-07-08,19.68,19.8,19.49,19.65,4.7574
AAPL,2015-07-06,124.94,126.23,124.85,126,28.3518
AAPL,2015-06-24,127.21,129.8,127.12,128.11,28.8266
AAPL,2015-06-25,128.86,129.2,127.5,127.5,28.6893
AAPL,2015-06-23,127.48,127.61,126.88,127.03,28.5836
NVDA,2015-07-07,20.05,20.13,19.16,19.79,4.7913
AAPL,2015-06-26,127.67,127.99,126.51,126.75,28.5206
NVDA,2015-07-06,20.25,20.53,20.015,20.17,4.8833
NVDA,2015-07-09,19.96,20.05,19.2901,19.41,4.6993
NVDA,2015-07-10,19.66,19.93,19.61,19.75,4.7816
AAPL,2015-06-29,125.46,126.47,124.48,124.53,28.021
AAPL,2015-06-17,127.72,127.88,126.74,127.3,28.6443
NVDA,2015-07-01,20.61,20.9,20.22,20.4,4.939
NVDA,2015-07-02,20.39,20.55,20.29,20.42,4.9438
NVDA,2015-06-30,20.24,20.33,19.97,20.11,4.8688
AAPL,2015-06-22,127.49,128.06,127.08,127.61,28.7141
AAPL,2015-06-19,127.71,127.82,126.4,126.6,28.4868
AAPL,2015-06-18,127.23,128.31,127.22,127.88,28.7748
NVDA,2015-06-29,20.5,20.71,20.09,20.12,4.8712
AAPL,2015-06-16,127.03,127.85,126.37,127.6,28.7118
NVDA,2015-06-26,21,21.17,20.65,20.74,5.0213
NVDA,2015-06-24,21.19,21.3,20.91,21.01,5.0867
NVDA,2015-06-18,21.76,22.08,21.7,21.94,5.3118
NVDA,2015-06-16,21.03,21.36,20.82,21.33,5.1642
AAPL,2015-06-11,129.18,130.18,128.48,128.59,28.9346
AAPL,2015-06-10,127.92,129.34,127.85,128.88,28.9998
AAPL,2015-06-09,126.7,128.08,125.62,127.42,28.6713
NVDA,2015-06-22,21.91,22.03,21.45,21.775,5.2719
NVDA,2015-06-25,21.01,21.3,21.01,21.17,5.1254
NVDA,2015-06-23,21.82,21.99,21.05,21.22,5.1375
AAPL,2015-06-12,128.19,128.33,127.11,127.17,28.6151
AAPL,2015-06-15,126.1,127.24,125.71,126.92,28.5588
AAPL,2015-06-05,129.5,129.69,128.36,128.65,28.9481
NVDA,2015-06-17,21.32,21.7,21.27,21.58,5.2247
NVDA,2015-06-19,21.94,22.12,21.67,21.87,5.2949
AAPL,2015-06-08,128.9,129.21,126.83,127.8,28.7568
NVDA,2015-06-15,21,21.165,20.84,21.07,5.1012
AAPL,2015-06-03,130.66,130.94,129.9,130.12,29.2789
AAPL,2015-06-04,129.58,130.58,128.91,129.36,29.1078
AAPL,2015-06-02,129.86,130.66,129.32,129.96,29.2429
NVDA,2015-06-12,21.56,21.69,21.06,21.11,5.1109
NVDA,2015-06-05,22.02,22.36,21.79,22.26,5.3893
NVDA,2015-06-03,22,22.17,21.66,21.7,5.2537
AAPL,2015-05-28,131.86,131.95,131.1,131.78,29.6524
NVDA,2015-06-02,22.24,22.36,21.92,21.935,5.3106
NVDA,2015-06-04,21.57,22.16,21.57,22.09,5.3482
NVDA,2015-06-08,22.19,22.34,21.5,21.75,5.2658
NVDA,2015-06-11,21.47,21.85,21.47,21.7,5.2537
AAPL,2012-04-17,578.9392,609.9996,571.9112,609.7,18.41
AAPL,2015-05-26,132.6,132.91,129.12,129.62,29.1663
AAPL,2015-05-27,130.34,132.26,130.05,132.04,29.7109
NVDA,2015-06-10,21.6,21.74,21.35,21.47,5.198
AAPL,2015-06-01,130.28,131.39,130.05,130.54,29.3734
NVDA,2015-06-09,21.77,22.02,21.73,21.86,5.2925
AAPL,2015-05-29,131.23,131.45,129.9,130.28,29.3149
AAPL,2015-05-21,130.07,131.63,129.83,131.39,29.5646
NVDA,2015-05-26,20.76,20.9,20.574,20.73,5.0189
NVDA,2015-05-27,20.87,21.935,20.8,21.84,5.2876
AAPL,2015-05-15,129.07,129.49,128.21,128.77,28.9751
AAPL,2015-05-22,131.6,132.97,131.4,132.54,29.8234
NVDA,2015-06-01,22.27,22.6001,22.13,22.38,5.4184
AAPL,2015-05-20,130,130.98,129.34,130.06,29.2654
AAPL,2015-05-19,130.69,130.88,129.64,130.07,29.2676
AAPL,2015-05-18,128.38,130.72,128.36,130.19,29.2946
NVDA,2012-04-26,13.07,13.1999,12.98,13.09,3.0015
NVDA,2015-05-29,22.14,22.28,22.1,22.13,5.3578
NVDA,2015-05-22,20.94,21.015,20.81,20.86,5.0504
NVDA,2015-05-21,21.05,21.14,20.87,20.89,5.0576
NVDA,2015-05-20,21.05,21.3,21.02,21.04,5.0939
AAPL,2015-05-13,126.15,127.19,125.87,126.01,28.354
NVDA,2015-05-18,21.25,21.4,21.15,21.27,5.126
NVDA,2015-05-19,21.2,21.27,21,21.04,5.0939
NVDA,2012-04-27,13.07,13.145,12.84,12.98,2.9763
AAPL,2015-05-12,125.6,126.88,124.82,125.87,28.3225
AAPL,2015-05-11,127.39,127.56,125.63,126.32,28.4238
NVDA,2015-05-28,21.84,22.2139,21.8,22.14,5.3603
AAPL,2015-05-07,124.77,126.08,124.02,125.26,28.1853
AAPL,2015-05-14,127.41,128.95,127.16,128.95,29.0156
NVDA,2015-05-12,20.48,21,20.47,20.83,5.02
NVDA,2015-05-11,20.54,20.84,20.38,20.63,4.9718
AAPL,2015-05-06,126.56,126.75,123.36,125.01,28.012
AAPL,2015-05-08,126.68,127.62,126.11,127.62,28.7163
NVDA,2015-05-15,21.38,21.48,21.17,21.3,5.1332
AAPL,2015-05-05,128.15,128.45,125.78,125.8,28.189
AAPL,2015-05-04,129.5,130.57,128.26,128.7,28.8389
AAPL,2015-05-01,126.1,130.13,125.3,128.95,28.8949
NVDA,2015-05-14,21.01,21.4,20.96,21.29,5.1308
NVDA,2015-05-07,22.01,22.56,21.9401,22.49,5.42
AAPL,2015-04-29,130.16,131.59,128.3,128.64,28.8254
NVDA,2015-05-06,22.15,22.36,21.81,22.1,5.326
NVDA,2015-05-05,22.53,22.56,21.93,22.03,5.3092
NVDA,2015-05-13,20.98,21.14,20.75,20.95,5.0489
NVDA,2015-05-04,22.73,22.88,22.54,22.61,5.4489
AAPL,2015-04-28,134.46,134.54,129.57,130.56,29.2557
AAPL,2015-04-27,132.31,133.13,131.15,132.65,29.724
NVDA,2015-05-08,21.01,21.84,20.49,20.825,5.0188
AAPL,2015-04-24,130.49,130.63,129.23,130.28,29.1929
NVDA,2015-05-01,22.38,22.82,22.28,22.75,5.4827
AAPL,2015-04-30,128.64,128.64,124.58,125.15,28.0434
AAPL,2015-04-23,128.3,130.42,128.14,129.67,29.0562
AAPL,2015-04-22,126.99,128.87,126.32,128.62,28.8209
NVDA,2015-04-28,22.16,22.385,21.95,22.305,5.3754
NVDA,2015-04-27,22.1,22.59,21.91,22.2,5.3501
NVDA,2015-04-23,21.9,22.43,21.65,22.22,5.3549
AAPL,2015-04-21,128.1,128.2,126.67,126.91,28.4378
AAPL,2015-04-20,125.57,128.12,125.17,127.6,28.5924
NVDA,2015-04-30,22.03,22.305,21.98,22.195,5.3489
AAPL,2015-04-17,125.55,126.14,124.46,124.75,27.9538
NVDA,2015-04-29,22.15,22.37,22.05,22.14,5.3357
AAPL,2015-04-15,126.41,127.13,126.01,126.78,28.4086
NVDA,2015-04-22,22.19,22.34,21.85,22.31,5.3766
NVDA,2015-04-21,22.36,22.36,21.95,22.055,5.3152
NVDA,2015-04-20,22.3,22.44,22.05,22.09,5.3236
AAPL,2015-04-14,127,127.29,125.91,126.3,28.3011
AAPL,2015-04-13,128.37,128.57,126.61,126.85,28.4243
AAPL,2015-04-10,125.95,127.21,125.26,127.1,28.4803
NVDA,2015-04-24,22.21,22.22,21.78,22.03,5.3092
AAPL,2015-04-16,126.28,127.1,126.11,126.17,28.272
NVDA,2015-04-15,22.42,22.795,22.31,22.63,5.4538
AAPL,2015-04-09,125.85,126.58,124.66,126.56,28.3593
NVDA,2015-04-14,22.46,22.55,22.1438,22.36,5.3887
NVDA,2015-04-17,22.02,22.42,22.01,22.2,5.3501
AAPL,2015-04-07,127.64,128.12,125.98,126.01,28.2361
NVDA,2015-04-13,22.71,22.84,22.45,22.55,5.4345
NVDA,2015-04-10,22.55,22.77,22.47,22.76,5.4851
NVDA,2015-04-09,21.85,22.6,21.84,22.525,5.4284
AAPL,2015-04-06,124.47,127.51,124.33,127.35,28.5364
AAPL,2015-04-08,125.85,126.4,124.97,125.6,28.1442
NVDA,2015-04-16,22.5,22.69,22.33,22.49,5.42
AAPL,2015-03-26,122.76,124.88,122.6,124.24,27.8395
AAPL,2015-03-31,126.09,126.49,124.36,124.43,27.8821
AAPL,2015-03-30,124.05,126.4,124,126.37,28.3168
NVDA,2015-04-07,21.67,22.1,21.55,21.86,5.2682
NVDA,2015-04-06,20.97,21.74,20.75,21.665,5.2212
NVDA,2015-04-08,21.88,22.1,21.67,22.02,5.3067
AAPL,2015-03-27,124.57,124.7,122.91,123.25,27.6176
AAPL,2015-04-02,125.03,125.56,124.19,125.32,28.0815
AAPL,2015-04-01,124.82,125.12,123.1,124.25,27.8417
NVDA,2015-03-30,21.48,21.58,21.2,21.47,5.1742
AAPL,2015-03-25,126.54,126.82,123.38,123.38,27.6468
NVDA,2015-04-02,21.13,21.19,20.88,21.06,5.0754
AAPL,2015-03-23,127.12,127.85,126.52,127.21,28.505
NVDA,2015-03-27,21.09,21.46,20.75,21.38,5.1525
AAPL,2015-03-24,127.23,128.04,126.56,126.69,28.3885
AAPL,2015-03-20,128.25,128.4,125.16,125.9,28.2115
NVDA,2015-03-26,20.61,21.055,20.46,20.965,5.0525
NVDA,2015-03-25,22.39,22.39,20.97,21.04,5.0706
NVDA,2015-04-01,21.01,21.08,20.65,21.01,5.0633
NVDA,2015-03-31,21.41,21.43,20.91,20.925,5.0429
AAPL,2015-03-17,125.9,127.32,125.65,127.04,28.4669
AAPL,2015-03-16,123.88,124.95,122.87,124.95,27.9986
NVDA,2015-03-23,22.77,23.07,22.7,22.71,5.473
NVDA,2015-03-24,22.64,22.8,22.3,22.4,5.3983
NVDA,2015-03-20,23.41,23.605,23.19,23.47,5.6562
AAPL,2015-03-19,128.75,129.25,127.4,127.5,28.57
AAPL,2015-03-12,122.31,124.9,121.63,124.45,27.8865
AAPL,2015-03-18,127,129.16,126.37,128.47,28.7873
NVDA,2015-03-16,22.88,23.11,22.73,22.97,5.5357
AAPL,2015-03-13,124.4,125.4,122.58,123.59,27.6938
AAPL,2015-03-11,124.75,124.77,122.11,122.24,27.3913
NVDA,2006-04-03,57.5652,58.7,56.84,57.9,4.4255
NVDA,2015-03-19,22.95,23.3,22.78,23.215,5.5947
AAPL,2015-03-09,127.96,129.57,125.06,127.14,28.4893
AAPL,2015-03-10,126.41,127.22,123.8,124.51,27.9
NVDA,2015-03-18,23.25,23.37,22.66,22.87,5.5116
NVDA,2015-03-11,23,23.3,22.815,22.88,5.514
NVDA,2015-03-12,22.66,22.83,22.24,22.67,5.4634
NVDA,2015-03-13,22.56,22.76,22.25,22.7,5.4706
AAPL,2015-03-06,128.4,129.37,126.26,126.6,28.3683
AAPL,2015-03-05,128.58,128.75,125.76,126.41,28.3257
AAPL,2015-03-03,128.96,129.52,128.09,129.36,28.9868
NVDA,2015-03-17,22.92,23.26,22.76,23.25,5.6032
NVDA,2015-03-09,22.56,22.78,22.51,22.61,5.4489
AAPL,2015-03-02,129.25,130.28,128.3,129.09,28.9263
NVDA,2015-03-10,22.71,23.149,22.67,22.995,5.5417
AAPL,2015-03-04,129.1,129.56,128.32,128.54,28.803
AAPL,2015-02-26,128.79,130.87,126.61,130.42,29.2243
NVDA,2015-03-02,22,22.72,21.971,22.595,5.4453
NVDA,2015-03-06,22.73,22.84,22.525,22.55,5.4345
AAPL,2015-02-27,130,130.57,128.24,128.46,28.7851
AAPL,2015-02-25,131.56,131.6,128.15,128.79,28.859
NVDA,2015-03-05,22.43,22.9,22.37,22.86,5.5092
AAPL,2015-02-24,132.94,133.6,131.17,132.17,29.6164
NVDA,2015-02-26,22.16,22.325,22.02,22.2,5.3501
NVDA,2015-02-25,22.22,22.32,22.035,22.14,5.3357
AAPL,2015-02-23,130.02,133,129.66,133,29.8024
NVDA,2015-03-04,22.1,22.48,22.01,22.43,5.4056
AAPL,2015-02-20,128.62,129.5,128.05,129.5,29.0181
AAPL,2015-02-17,127.49,128.88,126.92,127.83,28.6439
NVDA,2015-02-24,22.16,22.31,21.96,22.31,5.3766
NVDA,2015-02-23,22.33,22.33,22.05,22.16,5.32
NVDA,2015-02-27,22.14,22.19,21.981,22.06,5.3164
AAPL,2015-02-19,128.48,129.03,128.33,128.45,28.7829
NVDA,2015-03-03,22.43,22.54,22.11,22.18,5.3453
AAPL,2015-02-13,127.28,127.28,125.65,127.08,28.4759
AAPL,2015-02-11,122.77,124.92,122.5,124.88,27.9829
NVDA,2015-02-20,22.16,22.35,22,22.335,5.362
AAPL,2015-02-12,126.06,127.48,125.57,126.46,28.3369
AAPL,2015-02-18,127.63,128.78,127.45,128.72,28.8434
NVDA,2015-02-17,22.27,22.49,22.13,22.375,5.3716
AAPL,2015-02-10,120.17,122.15,120.16,122.02,27.342
NVDA,2015-02-19,22.4,22.44,22.08,22.175,5.3236
AAPL,2015-02-09,118.55,119.84,118.43,119.72,26.8266
NVDA,2015-02-13,22.25,22.34,21.91,22.31,5.356
NVDA,2015-02-11,21,21,20.67,20.81,4.9959
NVDA,2015-02-10,20.4,20.96,20.31,20.95,5.0295
NVDA,2015-02-18,22.35,22.39,22.08,22.12,5.3103
AAPL,2015-02-06,120.02,120.25,118.45,118.93,26.6496
AAPL,2015-02-05,120.02,120.23,119.25,119.94,26.8759
NVDA,2012-04-25,13.01,13.18,12.77,13.08,2.9992
AAPL,2015-02-02,118.05,119.17,116.08,118.63,26.4779
NVDA,2015-02-09,20.28,20.44,20.15,20.38,4.8926
NVDA,2015-02-12,22,22.5,21.87,22.3,5.3536
AAPL,2015-02-04,118.5,120.51,118.31,119.56,26.6855
AAPL,2015-01-28,117.63,118.12,115.31,115.31,25.7369
AAPL,2015-02-03,118.5,119.09,117.61,118.65,26.4824
AAPL,2015-01-30,118.4,120,116.85,117.16,26.1498
NVDA,2015-02-06,20.47,20.71,20.31,20.4,4.8974
AAPL,2015-01-27,112.42,112.48,109.03,109.14,24.3598
NVDA,2015-02-05,20.18,20.5,20.16,20.485,4.9178
AAPL,2015-01-29,116.32,119.19,115.56,118.9,26.5382
NVDA,2015-02-02,19.32,19.7,18.94,19.62,4.7102
NVDA,2015-02-04,20.05,20.385,19.985,20.16,4.8398
AAPL,2015-01-26,113.74,114.36,112.8,113.1,25.2436
NVDA,2015-01-30,19.64,19.869,19.17,19.205,4.6105
AAPL,2015-01-20,107.84,108.97,106.5,108.72,24.266
NVDA,2015-01-27,20.3,20.32,19.59,19.63,4.7126
NVDA,2015-02-03,19.76,20.13,19.66,20.11,4.8278
AAPL,2015-01-23,112.3,113.75,111.53,112.98,25.2168
NVDA,2015-01-29,19.32,19.89,19.23,19.78,4.7486
AAPL,2015-01-21,108.95,111.06,108.27,109.55,24.4513
AAPL,2015-01-22,110.26,112.47,109.72,112.4,25.0874
NVDA,2015-01-26,20.62,20.72,20.49,20.615,4.949
AAPL,2015-01-13,111.43,112.8,108.91,110.22,24.6008
AAPL,2015-01-16,107.03,107.58,105.2,105.99,23.6567
AAPL,2015-01-15,110,110.06,106.66,106.82,23.8419
NVDA,2015-01-23,20.67,20.745,20.5,20.71,4.9718
NVDA,2015-01-22,20.34,20.705,20.13,20.65,4.9574
NVDA,2015-01-28,19.87,19.95,19.3,19.31,4.6358
AAPL,2015-01-12,112.6,112.63,108.8,109.25,24.3843
AAPL,2015-01-14,109.04,110.49,108.5,109.8,24.5071
NVDA,2015-01-21,19.91,20.35,19.77,20.3,4.8734
NVDA,2015-01-20,20.1,20.21,19.77,20.02,4.8062
AAPL,2015-01-05,108.29,108.65,105.41,106.25,23.7147
NVDA,2015-01-12,19.99,19.995,19.51,19.69,4.727
NVDA,2015-01-16,19.57,19.98,19.51,19.96,4.7918
NVDA,2015-01-15,19.88,20,19.59,19.6,4.7054
NVDA,2015-01-14,19.45,19.8,19.4,19.74,4.739
AAPL,2015-01-09,112.67,113.25,110.21,112.01,25.0003
AAPL,2015-01-08,109.23,112.15,108.7,111.89,24.9736
AAPL,2015-01-06,106.54,107.43,104.63,106.26,23.717
AAPL,2015-01-07,107.2,108.2,106.7,107.75,24.0495
AAPL,2014-12-29,113.79,114.77,113.7,113.91,25.4244
NVDA,2015-01-13,19.84,20.24,19.525,19.655,4.7186
NVDA,2015-01-09,19.93,20.09,19.655,19.94,4.787
AAPL,2015-01-02,111.39,111.44,107.35,109.33,24.4022
AAPL,2014-12-26,112.1,114.52,112.01,113.99,25.4423
NVDA,2015-01-08,19.36,19.98,19.35,19.86,4.7678
AAPL,2014-12-31,112.82,113.13,110.21,110.38,24.6365
NVDA,2015-01-07,19.33,19.5,19.08,19.135,4.5937
AAPL,2014-12-30,113.64,113.92,112.11,112.52,25.1142
NVDA,2015-01-06,19.82,19.84,19.17,19.19,4.6069
NVDA,2015-01-05,20.13,20.19,19.7,19.79,4.751
NVDA,2014-12-26,20.57,20.7,20.52,20.59,4.943
NVDA,2015-01-02,20.13,20.28,19.811,20.13,4.8326
NVDA,2014-12-31,20.4,20.51,19.99,20.05,4.8134
NVDA,2014-12-30,20.42,20.52,20.34,20.37,4.8902
AAPL,2014-12-24,112.58,112.71,112.01,112.01,25.0003
AAPL,2014-12-23,113.23,113.33,112.46,112.54,25.1186
AAPL,2014-12-22,112.16,113.49,111.97,112.94,25.2079
AAPL,2014-12-15,110.7,111.6,106.35,108.23,24.1567
AAPL,2014-12-19,112.26,113.24,111.66,111.78,24.949
NVDA,2014-12-29,20.53,20.7,20.43,20.56,4.9358
AAPL,2014-12-12,110.46,111.87,109.58,109.73,24.4914
AAPL,2014-12-11,112.26,113.8,111.34,111.62,24.9133
NVDA,2014-12-19,20.36,20.5,20.17,20.42,4.9022
AAPL,2014-12-17,107.12,109.84,106.82,109.41,24.42
AAPL,2014-12-10,114.41,114.85,111.54,111.95,24.9869
AAPL,2014-12-18,111.87,112.65,110.66,112.65,25.1432
NVDA,2014-12-18,20.39,20.63,20.03,20.22,4.8542
AAPL,2014-12-05,115.99,116.08,114.64,115,25.6677
AAPL,2014-12-09,110.19,114.3,109.35,114.12,25.4713
AAPL,2014-12-08,114.1,114.65,111.62,112.4,25.0874
NVDA,2014-12-17,19.74,20.17,19.1,20.14,4.835
NVDA,2014-12-16,19.55,19.86,19.34,19.345,4.6442
NVDA,2014-12-15,19.86,20.22,19.511,19.57,4.6982
NVDA,2014-12-24,20.7,20.725,20.55,20.57,4.9382
NVDA,2014-12-12,19.99,20.17,19.61,19.63,4.7126
NVDA,2014-12-23,20.94,21.04,20.625,20.65,4.9574
NVDA,2014-12-22,20.4,20.78,20.33,20.78,4.9887
AAPL,2014-12-16,106.37,110.16,106.26,106.75,23.8263
AAPL,2014-12-01,118.81,119.25,111.27,115.07,25.6833
AAPL,2014-12-04,115.77,117.2,115.29,115.49,25.7771
NVDA,2014-12-11,20.39,20.53,20.22,20.26,4.8638
NVDA,2014-12-04,21.11,21.19,20.81,20.95,5.0295
AAPL,2014-12-03,115.75,116.35,115.11,115.93,25.8753
AAPL,2014-11-24,116.85,118.77,116.62,118.63,26.4779
AAPL,2014-11-21,117.51,117.57,116.03,116.47,25.9958
NVDA,2014-12-10,20.67,20.75,20.245,20.27,4.8662
NVDA,2014-12-03,20.71,21.15,20.65,21.14,5.0751
AAPL,2014-11-28,119.27,119.4,118.05,118.93,26.5449
AAPL,2014-11-26,117.94,119.1,117.83,119,26.5605
NVDA,2014-12-09,20.67,20.78,20.36,20.73,4.9767
AAPL,2014-12-02,113.5,115.75,112.75,114.63,25.5851
NVDA,2014-12-08,21.04,21.25,20.63,20.8,4.9935
AAPL,2014-11-20,114.91,116.86,114.85,116.31,25.9601
NVDA,2014-12-05,20.96,21.18,20.95,21.07,5.0583
NVDA,2014-12-02,20.56,20.7,20.37,20.61,4.9478
NVDA,2014-12-01,20.88,21,20.55,20.58,4.9406
NVDA,2014-11-28,20.99,21.09,20.8028,20.97,5.0343
AAPL,2014-11-25,119.07,119.75,117.45,117.6,26.248
AAPL,2014-11-14,113.15,114.19,111.21,114.18,25.4847
NVDA,2014-11-21,20.52,20.55,20.28,20.455,4.9106
AAPL,2014-11-19,115.44,115.74,113.8,114.67,25.594
NVDA,2014-11-26,20.45,20.94,20.44,20.915,5.0211
AAPL,2014-11-18,113.94,115.69,113.89,115.47,25.7726
NVDA,2012-04-24,13.27,13.38,12.75,12.82,2.9396
AAPL,2014-11-13,111.8,113.45,111.6,112.82,25.1811
AAPL,2014-11-10,109.02,109.33,108.67,108.83,24.2906
NVDA,2014-11-25,20.54,20.72,20.5,20.57,4.9382
NVDA,2014-11-18,19.71,20.22,19.66,20.17,4.8218
AAPL,2014-11-07,108.75,109.32,108.55,109.01,24.3307
AAPL,2014-11-12,109.38,111.43,109.37,111.25,24.8307
AAPL,2014-11-17,114.27,117.28,113.3,113.99,25.4423
NVDA,2014-11-24,20.5,20.67,20.42,20.58,4.9406
AAPL,2014-11-06,108.6,108.79,107.8,108.7,24.2616
NVDA,2014-11-20,19.87,20.36,19.81,20.34,4.883
NVDA,2014-11-17,19.7,19.91,19.57,19.695,4.7082
NVDA,2014-11-13,19.72,19.749,19.39,19.55,4.6735
NVDA,2014-11-14,19.57,19.79,19.375,19.785,4.7297
NVDA,2012-04-23,13.16,13.285,12.91,13.23,3.0336
AAPL,2014-11-11,108.7,109.75,108.4,109.7,24.4848
NVDA,2014-11-19,20.1,20.16,19.8,20.01,4.8038
AAPL,2014-10-31,108.01,108.04,107.21,108,24.0012
AAPL,2014-11-05,109.1,109.3,108.13,108.86,24.1924
NVDA,2014-11-12,19.71,19.76,19.38,19.645,4.6963
NVDA,2014-11-07,20.45,20.6859,19.59,19.79,4.7309
AAPL,2014-10-27,104.85,105.48,104.7,105.11,23.359
AAPL,2014-11-04,109.36,109.49,107.72,108.6,24.1346
NVDA,2014-11-04,20,20.2,19.67,20.13,4.8122
AAPL,2014-10-30,106.96,107.35,105.9,106.98,23.7746
AAPL,2014-10-29,106.65,107.37,106.36,107.34,23.8546
NVDA,2014-11-11,19.9,20.01,19.605,19.78,4.7285
NVDA,2014-11-10,19.77,20.1501,19.72,20.02,4.7859
AAPL,2014-10-24,105.18,105.49,104.53,105.22,23.3834
AAPL,2014-11-03,108.22,110.3,108.01,109.4,24.3124
NVDA,2014-10-30,18.76,18.84,18.45,18.69,4.468
NVDA,2014-11-03,19.99,20.06,19.77,19.87,4.75
NVDA,2014-10-31,19.12,19.55,19.02,19.54,4.6712
NVDA,2014-11-06,20.17,20.25,19.86,20.22,4.8337
AAPL,2014-10-28,105.4,106.74,105.35,106.74,23.7212
NVDA,2014-10-29,18.85,18.96,18.64,18.805,4.4954
NVDA,2014-11-05,20.25,20.255,19.98,20.13,4.8122
AAPL,2014-10-22,102.84,104.11,102.6,102.99,22.8879
AAPL,2014-10-21,103.02,103.02,101.27,102.47,22.7723
AAPL,2014-10-17,97.5,99,96.81,97.67,21.7056
NVDA,2014-10-24,18.4,18.59,18.285,18.48,4.4178
AAPL,2014-10-16,95.55,97.72,95.41,96.26,21.3922
AAPL,2014-10-15,97.97,99.15,95.18,97.54,21.6767
AAPL,2014-10-23,104.08,105.05,103.63,104.83,23.2968
NVDA,2014-10-21,17.7,18.34,17.65,18.32,4.3795
NVDA,2014-10-28,18.44,18.955,18.42,18.93,4.5253
NVDA,2014-10-27,18.47,18.56,18.27,18.49,4.4201
AAPL,2014-10-10,100.69,102.03,100.3,100.73,22.3856
NVDA,2014-10-20,17.42,17.725,17.3,17.57,4.2002
AAPL,2014-10-20,98.32,99.96,98.22,99.76,22.17
NVDA,2014-10-16,17.13,17.65,17.09,17.45,4.1715
NVDA,2014-10-23,18.2,18.42,18.07,18.285,4.3711
AAPL,2012-04-16,610.0612,610.2796,578.2504,580.1292,17.5171
AAPL,2014-10-14,100.39,100.52,98.57,98.75,21.9456
NVDA,2014-10-15,16.93,17.53,16.815,17.44,4.1691
NVDA,2014-10-17,17.66,17.865,17.35,17.42,4.1644
AAPL,2014-10-08,98.76,101.11,98.31,100.8,22.4012
AAPL,2014-10-09,101.54,102.38,100.61,101.02,22.4501
NVDA,2014-10-22,18.29,18.35,17.89,17.89,4.2767
AAPL,2014-10-13,101.33,101.78,99.81,99.81,22.1811
AAPL,2014-10-07,99.43,100.12,98.73,98.75,21.9456
AAPL,2014-10-03,99.44,100.21,99.04,99.62,22.1389
NVDA,2014-10-10,17.77,17.83,16.84,16.845,4.0269
NVDA,2014-10-07,18.04,18.215,17.905,17.925,4.2851
NVDA,2014-10-14,17.02,17.65,16.92,17.175,4.1058
NVDA,2014-10-13,16.96,17.3,16.77,16.785,4.0126
NVDA,2014-10-06,18.3,18.45,18,18.12,4.3317
AAPL,2014-10-06,99.95,100.65,99.42,99.62,22.1389
NVDA,2014-10-09,18.18,18.195,17.76,17.91,4.2815
AAPL,2014-09-23,100.6,102.94,100.54,102.64,22.8101
AAPL,2014-10-01,100.59,100.69,98.7,99.18,22.0411
AAPL,2014-10-02,99.27,100.22,98.04,99.9,22.2012
AAPL,2014-09-29,98.65,100.44,98.63,100.11,22.2478
NVDA,2014-10-08,17.91,18.35,17.77,18.26,4.3652
AAPL,2014-09-30,100.81,101.54,100.53,100.75,22.39
AAPL,2014-09-26,98.53,100.75,98.4,100.75,22.39
NVDA,2014-10-03,18.3,18.55,18.23,18.23,4.358
NVDA,2014-10-01,18.48,18.61,18.22,18.27,4.3676
AAPL,2014-09-25,100.51,100.71,97.72,97.87,21.75
AAPL,2014-09-24,102.16,102.85,101.2,101.75,22.6123
NVDA,2014-10-02,18.24,18.33,17.77,18.19,4.3484
NVDA,2014-09-29,18.4,18.65,18.2236,18.515,4.4261
NVDA,2014-09-30,18.44,18.58,18.2301,18.45,4.4106
NVDA,2014-09-26,18.57,18.69,18.49,18.545,4.4333
AAPL,2014-09-22,101.8,102.14,100.58,101.06,22.4589
AAPL,2014-09-19,102.29,102.35,100.5,100.96,22.4367
AAPL,2014-09-17,101.27,101.8,100.59,101.58,22.5745
AAPL,2014-09-18,101.93,102.35,101.56,101.79,22.6212
AAPL,2014-09-16,99.8,101.26,98.89,100.86,22.4145
NVDA,2014-09-24,18.8,18.98,18.78,18.92,4.5229
NVDA,2014-09-25,18.9,18.95,18.47,18.51,4.4249
AAPL,2014-09-15,102.81,103.05,101.44,101.63,22.5856
NVDA,2014-09-22,19.47,19.47,18.87,18.89,4.5158
AAPL,2014-09-12,101.21,102.19,101.08,101.66,22.5923
AAPL,2014-09-09,99.08,103.08,96.14,97.99,21.7767
NVDA,2014-09-19,19.5,19.52,19.05,19.08,4.5612
NVDA,2014-09-23,18.79,19.02,18.72,18.81,4.4966
NVDA,2014-09-17,19.09,19.33,19,19.15,4.5779
AAPL,2014-09-10,98.01,101.11,97.76,101,22.4456
AAPL,2014-09-11,100.41,101.44,99.62,101.43,22.5412
NVDA,2014-09-18,19.27,19.46,19.21,19.44,4.6472
NVDA,2014-09-16,18.81,19.24,18.75,19.135,4.5743
NVDA,2014-09-15,19.18,19.21,18.78,18.86,4.5086
NVDA,2014-09-12,19.53,19.53,19.095,19.12,4.5707
AAPL,2014-09-08,99.3,99.31,98.05,98.36,21.8589
NVDA,2014-09-08,19.95,19.99,19.71,19.79,4.7309
AAPL,2014-09-05,98.8,99.39,98.31,98.97,21.9945
AAPL,2014-08-28,101.59,102.78,101.56,102.25,22.7234
NVDA,2014-09-05,20.01,20.1,19.84,19.97,4.7739
AAPL,2014-08-27,101.02,102.57,100.7,102.13,22.6967
AAPL,2014-08-26,101.42,101.5,100.86,100.89,22.4212
AAPL,2014-09-04,98.85,100.09,97.79,98.12,21.8056
AAPL,2014-09-03,103.1,103.2,98.58,98.94,21.9878
AAPL,2014-09-02,103.06,103.74,102.72,103.3,22.9567
NVDA,2014-09-10,19.65,19.685,19.425,19.61,4.6879
NVDA,2014-09-11,19.47,19.54,19.2,19.41,4.6401
AAPL,2014-08-29,102.86,102.9,102.2,102.5,22.779
NVDA,2014-09-09,19.7,19.83,19.52,19.54,4.6712
NVDA,2014-09-04,19.65,20.15,19.64,20.03,4.7883
NVDA,2014-09-03,19.6,19.75,19.47,19.685,4.7058
NVDA,2014-09-02,19.5,19.5,19.315,19.495,4.6604
NVDA,2014-08-29,19.46,19.49,19.25,19.45,4.6496
NVDA,2014-08-28,19.19,19.43,19.13,19.39,4.6353
AAPL,2014-08-25,101.79,102.17,101.28,101.54,22.5656
NVDA,2014-08-22,19.05,19.24,18.93,19.08,4.5612
AAPL,2014-08-22,100.29,101.47,100.19,101.32,22.5167
AAPL,2014-08-20,100.44,101.09,99.95,100.57,22.35
AAPL,2014-08-19,99.41,100.68,99.32,100.53,22.3412
AAPL,2014-08-21,100.57,100.94,100.11,100.58,22.3523
AAPL,2014-08-18,98.49,99.37,97.98,99.16,22.0367
NVDA,2014-08-27,19.33,19.475,19.2,19.23,4.597
NVDA,2014-08-26,19.16,19.49,19.09,19.455,4.6508
NVDA,2014-08-25,19.16,19.29,19.07,19.11,4.5684
AAPL,2014-08-14,97.33,97.57,96.8,97.5,21.6678
NVDA,2014-08-21,19.2,19.3,19.04,19.07,4.5588
AAPL,2014-08-13,96.15,97.24,96.04,97.24,21.61
AAPL,2014-08-12,96.04,96.88,95.61,95.97,21.3278
AAPL,2014-08-08,94.26,94.82,93.28,94.74,21.0544
AAPL,2014-08-11,95.27,96.08,94.84,95.99,21.3322
NVDA,2014-08-20,19.3,19.39,19.205,19.25,4.6018
NVDA,2014-08-19,19.22,19.47,19.15,19.37,4.6305
NVDA,2014-08-18,19.12,19.32,18.93,19.3,4.5934
NVDA,2014-08-08,18.22,19.1,18.22,19,4.522
AAPL,2014-07-31,97.16,97.45,95.33,95.6,21.1404
AAPL,2014-08-15,97.9,98.19,96.86,97.98,21.7745
AAPL,2014-08-06,94.75,95.48,94.71,94.96,20.9989
AAPL,2014-08-05,95.36,95.68,94.36,95.12,21.0342
AAPL,2014-08-04,96.37,96.58,95.17,95.59,21.1382
NVDA,2014-08-13,18.93,19.17,18.81,19.01,4.5244
NVDA,2014-08-12,18.89,19,18.69,18.9,4.4982
AAPL,2014-08-07,94.93,95.95,94.1,94.48,20.9966
NVDA,2014-08-11,19.02,19.1,18.85,18.9,4.4982
NVDA,2014-08-07,17.79,17.95,17.34,17.46,4.1555
AAPL,2014-07-30,98.44,98.7,97.67,98.15,21.7043
AAPL,2014-07-29,99.33,99.44,98.25,98.38,21.7551
NVDA,2014-08-15,18.86,19.145,18.68,19.04,4.5315
NVDA,2014-08-14,19.08,19.08,18.72,18.8,4.4744
AAPL,2014-07-28,97.82,99.24,97.55,99.02,21.8967
AAPL,2014-07-25,96.85,97.84,96.64,97.67,21.5981
NVDA,2014-08-06,17.54,17.86,17.41,17.64,4.1983
NVDA,2014-08-05,17.6,17.92,17.45,17.66,4.2031
NVDA,2014-08-04,17.67,17.82,17.56,17.65,4.2007
AAPL,2014-07-17,95.03,95.28,92.57,93.09,20.5853
NVDA,2014-07-25,18.05,18.09,17.76,17.79,4.234
AAPL,2014-08-01,94.9,96.62,94.81,96.13,21.2576
NVDA,2014-07-30,17.89,18.13,17.84,18.08,4.3031
NVDA,2014-07-29,17.73,18.02,17.72,17.78,4.2317
AAPL,2014-07-24,97.04,97.32,96.42,97.03,21.4566
NVDA,2014-07-28,17.87,17.87,17.415,17.72,4.2174
NVDA,2014-07-24,18.18,18.23,17.98,18.11,4.3102
NVDA,2014-08-01,17.5,17.79,17.44,17.69,4.2102
AAPL,2014-07-15,96.8,96.85,95.03,95.32,21.0785
AAPL,2014-07-16,96.97,97.1,94.74,94.78,20.9591
NVDA,2014-07-31,17.86,18,17.465,17.5,4.165
AAPL,2014-07-14,95.86,96.89,95.65,96.45,21.3284
NVDA,2014-07-23,18.48,18.49,18.06,18.08,4.3031
AAPL,2014-07-23,95.42,97.88,95.17,97.19,21.492
NVDA,2014-07-22,18.69,18.79,18.43,18.47,4.3959
NVDA,2014-07-21,18.37,18.68,18.37,18.55,4.4149
AAPL,2014-07-22,94.68,94.89,94.12,94.72,20.9458
AAPL,2014-07-21,94.99,95,93.72,93.94,20.7733
AAPL,2014-07-11,95.36,95.89,94.86,95.22,21.0564
AAPL,2014-06-30,92.1,93.73,92.09,92.93,20.55
AAPL,2014-07-18,93.62,94.74,93.02,94.43,20.8817
NVDA,2014-07-14,19.13,19.34,19.06,19.29,4.591
AAPL,2014-07-10,93.76,95.55,93.52,95.04,21.0166
NVDA,2014-07-18,18.9,19.05,18.41,18.44,4.3887
AAPL,2014-06-27,90.82,92,90.77,91.98,20.3399
NVDA,2014-07-09,18.71,19.19,18.57,19.11,4.5482
NVDA,2014-07-17,19.13,19.5,19.13,19.3,4.5934
NVDA,2014-07-08,18.65,18.73,18.37,18.55,4.4149
AAPL,2014-07-09,95.44,95.95,94.76,95.39,21.094
NVDA,2014-07-07,18.88,18.89,18.67,18.7,4.4506
AAPL,2014-07-08,96.27,96.8,93.92,95.35,21.0851
AAPL,2014-07-07,94.14,95.99,94.1,95.97,21.2222
NVDA,2014-07-15,19.32,19.42,19.19,19.37,4.6101
AAPL,2014-07-01,93.52,94.07,93.13,93.52,20.6804
NVDA,2014-07-16,19.45,19.6,19.24,19.35,4.6053
AAPL,2014-07-03,93.67,94.1,93.2,94.03,20.7932
NVDA,2012-04-19,13.69,14.21,13.59,13.655,3.1311
AAPL,2014-07-02,93.87,94.06,93.09,93.48,20.6716
AAPL,2014-06-26,90.37,91.05,89.8,90.9,20.1011
NVDA,2014-07-11,19.03,19.11,18.96,19.05,4.5339
NVDA,2014-07-10,18.75,19.09,18.6,19.005,4.5232
NVDA,2012-04-20,13.74,13.78,13.36,13.39,3.0703
AAPL,2014-06-25,90.21,90.7,89.65,90.36,19.9817
NVDA,2014-07-03,18.51,18.9,18.51,18.85,4.4863
AAPL,2014-06-16,91.51,92.75,91.45,92.2,20.3885
NVDA,2014-07-01,18.52,18.855,18.46,18.75,4.4625
NVDA,2014-07-02,18.68,18.76,18.57,18.6825,4.4464
NVDA,2014-06-24,18.68,18.83,18.34,18.42,4.384
NVDA,2014-06-23,18.68,18.72,18.46,18.71,4.453
AAPL,2014-06-24,90.75,91.74,90.19,90.28,19.964
AAPL,2014-06-23,91.32,91.62,90.6,90.83,20.0856
AAPL,2014-06-20,91.85,92.55,90.9,90.91,20.1033
NVDA,2014-06-20,19.19,19.255,18.78,18.93,4.5054
AAPL,2014-06-19,92.29,92.3,91.34,91.86,20.3134
NVDA,2014-06-30,18.31,18.59,18.31,18.54,4.4125
NVDA,2014-06-27,18.34,18.49,18.23,18.38,4.3745
AAPL,2014-06-18,92.27,92.29,91.35,92.18,20.3841
NVDA,2014-06-26,18.61,18.62,18.3,18.36,4.3697
NVDA,2014-06-25,18.47,18.62,18.3,18.61,4.4292
AAPL,2014-06-17,92.31,92.7,91.8,92.08,20.362
AAPL,2014-06-13,92.2,92.44,90.88,91.28,20.1851
NVDA,2014-06-19,19.23,19.33,19,19.138,4.5549
AAPL,2014-06-12,94.04,94.12,91.9,92.29,20.4084
AAPL,2014-06-11,94.13,94.76,93.47,93.86,20.7556
NVDA,2014-06-18,19.56,19.68,19.38,19.59,4.6624
NVDA,2014-06-09,19.01,19.23,18.88,19.05,4.5339
NVDA,2014-06-13,19.72,19.73,19.35,19.54,4.6505
AAPL,2014-06-10,94.73,95.05,93.57,94.25,20.8419
AAPL,2014-06-09,92.7,93.88,91.75,93.7,20.7202
NVDA,2014-06-17,19.5,19.69,19.4,19.61,4.6672
NVDA,2014-06-06,19.05,19.2,18.98,19.03,4.5292
AAPL,2014-06-06,649.8996,651.2604,644.4704,645.5708,20.3939
AAPL,2014-06-04,637.4396,647.8892,636.1096,644.8204,20.3702
NVDA,2014-06-16,19.45,19.61,19.31,19.48,4.6363
NVDA,2014-06-12,19.4,19.61,19.23,19.52,4.6458
NVDA,2014-06-11,19.08,19.445,19.08,19.4,4.6172
AAPL,2014-06-03,628.46,638.7388,628.25,637.5404,20.1402
AAPL,2014-05-30,637.98,644.1708,628.8996,632.9988,19.9968
NVDA,2012-04-18,13.93,14,13.7,13.87,3.1804
NVDA,2014-06-04,18.81,19.02,18.8,18.88,4.4935
AAPL,2014-05-29,627.8496,636.8712,627.7712,635.3788,20.072
AAPL,2014-06-05,646.2008,649.3704,642.6112,647.3488,20.4501
AAPL,2014-06-02,633.9592,634.83,622.4988,628.6504,19.8594
NVDA,2014-06-10,18.98,19.24,18.9,19.15,4.5577
AAPL,2014-05-27,615.8796,625.8588,615.6304,625.6292,19.764
NVDA,2014-06-03,18.98,19,18.61,18.86,4.4887
AAPL,2014-05-23,607.25,614.7288,606.4688,614.1296,19.4007
AAPL,2012-04-12,624.9992,631.33,620.4996,622.7704,18.8046
AAPL,2012-04-13,624.1088,624.6996,603.5092,605.2312,18.275
NVDA,2014-05-29,18.97,19.13,18.91,18.95,4.5101
AAPL,2014-05-21,603.8312,606.7012,602.0588,606.3092,19.1536
NVDA,2014-06-05,18.91,19.02,18.8,18.96,4.5125
NVDA,2014-06-02,19.06,19.18,18.78,18.94,4.5077
AAPL,2014-05-22,606.6004,609.8512,604.1,607.2696,19.184
NVDA,2006-03-31,57.4304,58.23,56.91,57.26,4.3766
AAPL,2014-05-28,626.0212,629.8292,623.7812,624.0108,19.7128
AAPL,2012-04-11,636.1992,636.8712,623.3388,626.2004,18.9082
AAPL,2014-05-19,597.8504,607.3312,597.3296,604.59,19.0993
AAPL,2014-05-20,604.5088,606.3988,600.7288,604.7104,19.1031
AAPL,2014-05-15,594.7004,596.5988,588.0392,588.8204,18.6012
NVDA,2014-05-28,18.89,19.1,18.71,18.98,4.5173
NVDA,2014-05-30,18.95,19.05,18.85,19,4.522
AAPL,2014-05-14,592.4296,597.3996,591.7408,593.8688,18.7606
NVDA,2014-05-27,18.6,18.82,18.54,18.82,4.4792
AAPL,2014-05-16,588.63,597.5312,585.3988,597.5088,18.8756
NVDA,2014-05-22,18.2,18.42,18.2,18.32,4.3602
NVDA,2014-05-19,18.15,18.64,18.07,18.54,4.3923
NVDA,2014-05-23,18.42,18.58,18.31,18.49,4.4006
AAPL,2014-05-08,588.2492,594.4092,586.4012,587.9888,18.5749
AAPL,2014-05-13,592.0012,594.5408,590.6992,593.7596,18.7572
NVDA,2014-05-21,18.31,18.465,18.125,18.24,4.3411
NVDA,2014-05-20,18.46,18.51,18.15,18.24,4.3411
AAPL,2014-05-12,587.4904,593.6588,587.4008,592.83,18.7278
NVDA,2014-05-14,18.29,18.36,18.09,18.1,4.288
NVDA,2014-05-16,17.86,18.09,17.86,17.96,4.2548
AAPL,2014-05-07,595.2492,597.2904,587.7312,592.3288,18.6081
AAPL,2014-05-06,601.8012,604.4108,594.4092,594.4092,18.6734
AAPL,2014-05-05,590.1392,601.0004,589.9992,600.9612,18.8792
AAPL,2014-05-01,592.0012,594.8012,586.3592,591.4804,18.5814
AAPL,2014-04-30,592.6396,599.4296,589.8004,590.0888,18.5377
AAPL,2014-05-09,584.5392,586.25,580.3308,585.5388,18.4975
NVDA,2014-05-09,17.94,18.11,17.71,18.05,4.2762
NVDA,2014-05-13,18.33,18.63,18.22,18.28,4.3307
AAPL,2014-05-02,592.34,594.1992,589.7108,592.5808,18.616
NVDA,2014-05-15,18.06,18.16,17.82,18,4.2643
NVDA,2014-05-12,18.09,18.62,18.08,18.58,4.4017
NVDA,2014-05-08,18.2,18.79,18.11,18.5,4.3828
NVDA,2014-05-07,18.25,18.42,18.07,18.275,4.3295
NVDA,2014-05-02,18.66,18.66,18.32,18.43,4.3662
AAPL,2014-04-29,593.74,595.98,589.5092,592.3288,18.6081
NVDA,2014-05-06,18.81,18.97,18.2,18.25,4.3236
NVDA,2014-05-05,18.41,18.77,18.39,18.63,4.4136
AAPL,2014-04-28,572.7988,595.7504,572.5496,594.09,18.6634
AAPL,2014-04-22,528.3096,531.8292,526.5008,531.7004,16.7034
AAPL,2014-04-21,525.3388,532.14,523.9612,531.1712,16.6868
AAPL,2014-04-15,520.2708,521.64,511.3304,517.9608,16.2718
NVDA,2014-04-25,19.22,19.4,18.69,18.73,4.4373
AAPL,2014-04-25,564.5304,571.9896,563.9592,571.9392,17.9675
NVDA,2014-04-24,19.22,19.46,19.22,19.26,4.5628
NVDA,2014-05-01,18.75,18.79,18.42,18.57,4.3994
NVDA,2014-04-23,18.9,19.14,18.87,19.09,4.5226
NVDA,2014-04-29,18.72,18.757,18.48,18.69,4.4278
NVDA,2014-04-28,18.88,18.98,18.42,18.65,4.4183
AAPL,2014-04-17,519.9992,527.7608,519.2012,524.9412,16.4911
AAPL,2014-04-24,568.2096,569.9988,560.7308,567.77,17.8365
AAPL,2014-04-14,521.9004,522.1608,517.2104,521.6792,16.3886
NVDA,2014-04-21,18.57,18.76,18.45,18.71,4.4325
NVDA,2014-04-22,18.74,18.99,18.64,18.87,4.4704
AAPL,2014-04-11,518.9996,522.83,517.1404,519.61,16.3236
AAPL,2014-04-23,529.06,531.1292,524.4512,524.7508,16.4851
AAPL,2014-04-16,518.0504,521.0912,514.1388,519.0108,16.3048
NVDA,2014-04-30,18.66,18.68,18.43,18.47,4.3757
NVDA,2014-04-17,18.42,18.73,18.38,18.56,4.397
NVDA,2014-04-10,18.76,19.02,18.32,18.38,4.3543
AAPL,2014-04-10,530.6812,532.2408,523.1688,523.4796,16.4452
NVDA,2014-04-16,18.54,18.56,18.255,18.49,4.3804
NVDA,2014-04-09,18.95,19.11,18.69,18.84,4.4633
NVDA,2014-04-08,18.21,18.91,18.1803,18.86,4.4681
NVDA,2014-04-14,18.24,18.39,18.12,18.32,4.3401
AAPL,2014-04-03,541.3912,542.5,537.6392,538.79,16.9261
NVDA,2014-04-11,18.24,18.52,17.88,18.12,4.2928
NVDA,2014-04-15,18.34,18.55,18.16,18.45,4.3709
AAPL,2014-04-02,542.3796,543.48,540.26,542.5504,17.0443
AAPL,2014-03-31,539.2296,540.8088,535.9312,536.7404,16.8617
NVDA,2014-04-07,18.16,18.56,18.06,18.21,4.3141
NVDA,2012-04-17,14.03,14.2,13.97,14.02,3.2148
NVDA,2014-04-04,18.83,18.94,18.065,18.15,4.2999
AAPL,2014-03-28,538.3196,538.9412,534.2512,536.8608,16.8655
AAPL,2014-04-09,522.6396,530.4908,522.0208,530.32,16.66
AAPL,2014-04-08,525.1904,526.12,518.7,523.4404,16.4439
AAPL,2014-04-07,528.0212,530.8996,521.8892,523.4712,16.4449
AAPL,2014-04-04,539.8092,539.9996,530.5804,531.8208,16.7072
AAPL,2014-04-01,537.7596,541.87,536.7712,541.6488,17.0159
NVDA,2014-04-03,18.57,19.185,18.56,18.73,4.4373
AAPL,2014-03-27,540.0192,541.5004,535.1192,537.46,16.8843
NVDA,2014-03-31,17.93,18.09,17.805,17.91,4.243
NVDA,2014-04-02,18.65,18.69,18.45,18.53,4.3899
AAPL,2014-03-20,529.8888,532.6692,527.3492,528.6988,16.6091
AAPL,2006-03-24,60.2504,60.9392,59.0296,59.9592,1.8105
NVDA,2014-03-26,18.62,18.97,17.87,18.03,4.2714
NVDA,2014-03-25,18.65,18.67,18.31,18.45,4.3709
NVDA,2014-04-01,18.48,18.87,18.26,18.65,4.4183
AAPL,2014-03-17,527.6992,529.97,525.8512,526.7388,16.5475
NVDA,2014-03-24,18.55,18.7,18.18,18.45,4.3709
NVDA,2014-03-28,17.76,18.01,17.71,17.9,4.2406
AAPL,2014-03-19,532.2604,536.2392,529.0012,531.2608,16.6896
AAPL,2014-03-26,546.5208,548.9988,538.86,539.7812,16.9573
AAPL,2014-03-25,541.5004,545.7508,539.5908,544.9892,17.1209
AAPL,2014-03-24,538.4204,540.5008,535.0604,539.1904,16.9387
AAPL,2014-03-18,525.8988,531.9692,525.1988,531.4008,16.694
AAPL,2014-03-14,528.7912,530.8912,523.0008,524.6892,16.4832
NVDA,2014-03-21,18.73,18.88,18.44,18.54,4.3923
AAPL,2014-03-21,531.93,533.75,526.33,532.8708,16.7402
NVDA,2014-03-27,17.99,18.14,17.585,17.79,4.2146
NVDA,2014-03-19,18.38,18.91,18.33,18.555,4.3958
NVDA,2014-03-20,18.46,18.73,18.38,18.57,4.3994
AAPL,2014-03-13,537.4404,539.6608,529.1608,530.6504,16.6704
NVDA,2014-03-18,17.89,18.36,17.81,18.24,4.3212
AAPL,2014-03-03,523.4208,530.6504,522.8104,527.7608,16.5796
NVDA,2014-03-14,17.56,17.98,17.56,17.82,4.2217
AAPL,2014-03-05,530.9192,534.7496,529.13,532.3612,16.7242
AAPL,2014-03-12,534.5088,537.3508,532,536.6088,16.8576
NVDA,2014-03-10,18.3,18.38,18.01,18.09,4.2856
AAPL,2014-03-11,535.4496,538.7396,532.5908,536.0908,16.8413
AAPL,2014-03-10,528.36,533.33,528.3404,530.9192,16.6789
NVDA,2014-03-07,18.46,18.49,18.215,18.36,4.3496
AAPL,2014-02-28,529.0796,532.7504,522.1188,526.2404,16.5319
AAPL,2014-03-04,531.0004,532.6412,527.7692,531.2412,16.689
AAPL,2014-03-07,531.09,531.9804,526.05,530.4404,16.6638
NVDA,2014-03-13,18.36,18.43,17.65,17.74,4.2027
NVDA,2014-03-06,18.67,18.77,18.35,18.38,4.3543
NVDA,2014-03-17,17.87,18,17.8,17.82,4.2217
AAPL,2014-02-27,517.1404,528.78,516.0512,527.6712,16.5768
NVDA,2014-03-05,18.46,18.65,18.38,18.64,4.4159
AAPL,2014-03-06,532.7896,534.4388,528.0996,530.7512,16.6736
NVDA,2014-03-12,18.18,18.43,18.11,18.32,4.3401
NVDA,2014-03-11,18.18,18.43,18.12,18.27,4.3283
NVDA,2014-02-28,18.4,18.58,18.1144,18.38,4.3543
NVDA,2014-03-04,18.38,18.6,18.35,18.48,4.378
NVDA,2014-02-24,18.6,19.05,18.43,18.91,4.4597
AAPL,2014-02-18,546,551.1912,545.6108,545.9888,17.1523
AAPL,2014-02-14,542.4692,545.9804,541.2092,543.9896,17.0895
AAPL,2014-02-25,529.3792,529.5696,520.9988,522.06,16.4006
AAPL,2014-02-26,523.6112,525,515.6004,517.3504,16.2526
NVDA,2014-02-27,18.71,18.9,18.45,18.5,4.3828
NVDA,2014-02-21,18.75,18.99,18.52,18.64,4.396
AAPL,2014-02-13,534.66,544.8492,534.2008,544.4292,17.1033
NVDA,2014-02-25,18.8,18.88,18.54,18.74,4.4396
AAPL,2014-02-12,536.9504,539.56,533.2404,535.92,16.836
NVDA,2014-02-20,18.18,18.815,18.15,18.78,4.4291
NVDA,2014-02-19,17.9,18.3,17.82,18.14,4.2781
AAPL,2014-02-24,523.1492,529.9196,522.4212,527.5508,16.573
AAPL,2014-02-21,532.7896,534.5704,524.5996,525.2492,16.5007
NVDA,2014-03-03,17.97,18.29,17.81,18.29,4.333
NVDA,2014-02-26,18.7,18.98,18.65,18.71,4.4325
AAPL,2014-02-07,521.3796,522.9308,517.3812,519.68,16.3258
AAPL,2014-02-20,532.9912,537.0008,529.0012,531.1488,16.6861
AAPL,2014-02-19,544.7512,546.8904,534.3492,537.3704,16.8815
NVDA,2014-02-12,16.3,16.95,16.3,16.83,3.9692
NVDA,2014-02-18,17.92,17.98,17.75,17.9,4.2215
AAPL,2014-02-11,530.6112,537.7512,529.4996,535.9592,16.8372
AAPL,2014-02-10,518.6608,531.9888,518,528.99,16.6183
AAPL,2014-01-29,503.9496,507.3712,498.6212,500.7492,15.6375
NVDA,2014-02-05,15.47,15.52,15.32,15.44,3.6414
NVDA,2014-02-04,15.48,15.61,15.4,15.58,3.6744
NVDA,2014-02-03,15.81,15.83,15.43,15.49,3.6532
AAPL,2014-01-28,508.76,515.0012,502.0708,506.5004,15.8171
AAPL,2014-01-27,550.0712,554.8004,545.7508,550.4996,17.1911
AAPL,2014-01-24,553.9996,555.6208,544.7512,546.07,17.0528
AAPL,2014-01-23,549.9396,556.5,544.81,556.1808,17.3685
AAPL,2014-02-06,510.0592,513.5004,507.8108,512.5092,16.1005
NVDA,2014-02-14,17.2,17.95,17.19,17.91,4.2239
NVDA,2014-01-31,15.5,15.79,15.49,15.7,3.7027
AAPL,2014-01-22,550.9112,557.2896,547.8088,551.5104,17.2227
AAPL,2014-01-21,540.9908,550.0712,540.4196,549.0688,17.1464
NVDA,2014-01-30,15.55,15.75,15.5,15.72,3.7074
NVDA,2014-01-29,15.55,15.64,15.45,15.46,3.6461
AAPL,2014-01-17,551.4796,552.0704,539.8988,540.6688,16.8841
NVDA,2014-01-28,15.43,15.62,15.37,15.61,3.6815
NVDA,2014-01-27,15.56,15.78,15.37,15.46,3.6461
AAPL,2014-01-16,554.9012,556.85,551.6812,554.2488,17.3082
NVDA,2014-01-24,15.84,15.9,15.56,15.56,3.6697
NVDA,2014-02-11,16.01,16.29,15.9301,16.25,3.8324
NVDA,2014-02-10,15.85,16.13,15.835,15.92,3.7546
AAPL,2014-02-05,506.5592,515.2812,506.2512,512.5904,16.0073
AAPL,2014-01-15,553.5208,560.1988,551.6588,557.3596,17.4053
NVDA,2014-01-23,15.98,16.15,15.85,15.97,3.7664
AAPL,2014-01-14,538.2188,546.7308,537.6588,546.3892,17.0628
AAPL,2014-02-04,505.8508,509.46,502.7596,508.7908,15.8886
NVDA,2014-01-22,16.08,16.1,15.84,16.03,3.7805
NVDA,2014-01-21,16.01,16.15,15.88,16.05,3.7852
NVDA,2014-02-13,17.25,17.46,16.95,17.36,4.0942
AAPL,2014-01-13,529.9112,542.5,529.8804,535.7296,16.7299
NVDA,2014-01-17,16.06,16.25,15.89,15.99,3.7711
AAPL,2014-01-10,539.8288,540.8004,531.1096,532.9408,16.6428
AAPL,2014-02-03,502.6112,507.7296,499.2988,501.5304,15.6619
AAPL,2014-01-09,546.8008,546.8596,535.3488,536.5192,16.7545
AAPL,2014-01-08,538.8096,545.5604,538.6892,543.4604,16.9713
NVDA,2014-01-10,15.8,15.91,15.59,15.73,3.7098
AAPL,2014-01-31,495.18,501.5304,493.5504,500.6008,15.6329
AAPL,2014-01-02,555.6796,557.0292,552.02,553.1288,17.2732
NVDA,2014-02-07,15.68,15.89,15.54,15.87,3.7428
NVDA,2014-02-06,15.46,15.68,15.44,15.64,3.6885
AAPL,2014-01-30,502.5412,506.5004,496.7004,499.7804,15.6072
NVDA,2014-01-16,16.01,16.09,15.9401,16.06,3.7876
AAPL,2014-01-07,544.32,545.9608,537.9192,540.0388,16.8644
NVDA,2014-01-09,16.11,16.14,15.7,15.75,3.7145
AAPL,2014-01-06,537.4488,546.8008,533.5988,543.9308,16.986
NVDA,2014-01-15,15.91,16.065,15.84,16.01,3.7758
AAPL,2013-12-26,568.1004,569.5004,563.3796,563.9004,17.6096
AAPL,2013-12-27,563.8192,564.41,559.4988,560.0896,17.4906
NVDA,2014-01-08,16.2,16.44,16.14,16.36,3.8583
NVDA,2014-01-03,15.89,15.9201,15.62,15.67,3.6956
AAPL,2013-12-31,554.1704,561.2796,553.9996,561.0192,17.5196
AAPL,2013-12-30,557.4604,560.0896,552.3196,554.5204,17.3167
AAPL,2012-04-10,639.9288,644,625.9988,628.4404,18.9758
NVDA,2014-01-14,15.44,15.87,15.37,15.84,3.7357
AAPL,2014-01-03,552.86,553.7,540.4308,540.9796,16.8938
NVDA,2014-01-07,16.04,16.2,15.925,16.14,3.8064
NVDA,2014-01-06,15.83,16,15.68,15.88,3.7451
AAPL,2013-12-24,569.8896,571.8804,566.0312,567.6692,17.7273
AAPL,2013-12-23,567.9996,570.7212,562.7608,570.0912,17.8029
NVDA,2013-12-31,16,16.1,15.9,16.02,3.7781
AAPL,2012-04-09,626.1304,639.8392,625.2988,636.23,19.2111
NVDA,2014-01-02,15.92,15.98,15.72,15.86,3.7404
NVDA,2014-01-13,15.73,15.825,15.33,15.36,3.6225
NVDA,2013-12-30,15.77,15.98,15.75,15.97,3.7664
NVDA,2013-12-24,15.87,15.87,15.66,15.82,3.731
NVDA,2013-12-23,15.78,15.91,15.65,15.78,3.7215
AAPL,2013-12-20,545.4288,551.6112,544.8212,549.0212,17.1449
AAPL,2013-12-19,549.5,550.0012,543.7292,544.46,17.0025
AAPL,2013-12-18,549.6988,551.4488,538.8012,550.7712,17.1996
NVDA,2013-12-26,15.88,15.925,15.63,15.67,3.6956
AAPL,2013-12-10,563.5812,567.8792,561.2012,565.5496,17.6611
AAPL,2013-12-09,560.8988,569.5788,560.8988,566.4288,17.6886
NVDA,2013-12-17,15.03,15.15,14.9,15.11,3.5635
AAPL,2013-12-16,555.0188,562.6404,555.0104,557.4996,17.4097
AAPL,2013-12-13,562.8504,562.8812,553.6692,554.4308,17.3139
NVDA,2013-12-20,15.41,15.7,15.37,15.685,3.6991
NVDA,2013-12-19,15.3,15.4,15.2,15.38,3.6272
NVDA,2013-12-27,15.75,15.79,15.66,15.76,3.7168
AAPL,2013-12-17,555.8112,559.44,553.3808,554.9908,17.3314
AAPL,2013-12-12,562.1392,565.3396,560.0308,560.5404,17.5047
AAPL,2013-12-11,567,570.9704,559.6892,561.3608,17.5303
AAPL,2013-12-02,558.0008,564.3288,550.8188,551.2304,17.2139
NVDA,2013-12-18,15.14,15.35,14.95,15.32,3.6131
AAPL,2013-12-04,565.4992,569.1896,560.8204,565.0008,17.644
NVDA,2013-12-13,15.14,15.25,15,15.02,3.5423
AAPL,2013-12-06,565.7904,566.7508,559.5688,560.0196,17.4884
AAPL,2013-12-05,572.6504,575.1396,566.4092,567.8988,17.7345
AAPL,2013-11-29,549.4804,558.3312,547.8088,556.0688,17.365
NVDA,2013-12-16,15.03,15.17,15.02,15.04,3.547
NVDA,2013-12-06,15.89,15.89,15.43,15.47,3.6484
NVDA,2013-12-05,15.99,15.99,15.68,15.7,3.7027
AAPL,2013-11-22,519.5204,522.1608,518.5292,519.8004,16.2324
NVDA,2013-12-03,15.75,15.955,15.64,15.74,3.7121
NVDA,2013-12-12,15.36,15.44,15.08,15.11,3.5635
NVDA,2013-12-04,15.7,15.99,15.655,15.96,3.764
NVDA,2013-12-11,15.59,15.61,15.38,15.41,3.6343
AAPL,2013-12-03,558.3004,566.3812,557.6788,566.3196,17.6851
AAPL,2013-11-27,536.3092,546,533.4,545.9608,17.0494
AAPL,2013-11-26,524.1208,536.1412,524.0004,533.4,16.6571
AAPL,2013-11-21,517.5996,521.2088,513.6712,521.1388,16.2742
AAPL,2013-11-25,521.0212,525.8708,520.9988,523.74,16.3555
AAPL,2013-11-20,519.2292,520.4192,514.3292,515.0012,16.0826
NVDA,2013-12-02,15.54,15.86,15.51,15.75,3.7145
AAPL,2013-11-19,519.0304,523.3788,517.9692,519.5512,16.2246
NVDA,2013-12-10,15.21,15.63,15.19,15.56,3.6697
NVDA,2013-12-09,15.47,15.52,15.18,15.205,3.5859
NVDA,2013-11-21,15.23,15.36,15.16,15.33,3.6154
NVDA,2013-11-20,15.45,15.49,15.18,15.21,3.5871
NVDA,2013-11-29,15.7,15.74,15.5,15.6,3.6791
NVDA,2013-11-19,15.62,15.76,15.42,15.44,3.6414
NVDA,2013-11-27,15.63,15.745,15.53,15.7,3.7027
NVDA,2013-11-26,15.68,15.805,15.575,15.64,3.6885
AAPL,2013-11-13,518,522.2504,516.9612,520.6292,16.2583
AAPL,2013-11-07,519.5792,523.1912,512.3804,512.4896,16.0041
AAPL,2013-11-12,517.6696,523.9192,517.0004,520.0104,16.239
AAPL,2013-11-18,524.9888,527.1896,518.1988,518.63,16.1959
AAPL,2013-11-11,519.9908,521.6708,514.4104,519.05,16.209
NVDA,2013-11-25,15.18,15.53,15.18,15.51,3.6579
NVDA,2013-11-22,15.35,15.35,15.15,15.18,3.58
AAPL,2013-11-06,524.1488,524.86,518.1988,520.9204,16.2674
AAPL,2013-11-05,524.58,528.8892,523.0008,525.4508,16.3137
NVDA,2013-11-15,16.28,16.3,16.01,16.17,3.7929
NVDA,2013-11-14,16.1,16.315,16.09,16.22,3.8047
AAPL,2013-11-08,514.5812,521.1304,512.5904,520.5592,16.2561
AAPL,2013-11-15,526.5792,529.0908,524.4904,524.9888,16.3945
NVDA,2013-11-18,15.82,15.96,15.74,15.78,3.7015
AAPL,2013-11-14,522.8104,529.2812,521.8696,528.1612,16.4935
AAPL,2013-10-30,519.61,527.52,517.02,524.8992,16.2965
AAPL,2013-10-29,536.27,539.2492,514.5392,516.6812,16.0414
AAPL,2013-10-28,529.0404,531.0004,523.2108,529.8804,16.4512
AAPL,2013-11-04,521.0996,526.82,518.8092,526.75,16.354
NVDA,2013-11-11,15.5,15.73,15.47,15.69,3.6803
NVDA,2013-11-13,15.68,16.15,15.65,16.15,3.7882
NVDA,2013-11-12,15.76,15.85,15.54,15.715,3.6862
AAPL,2013-10-25,531.3196,533.2292,525.1092,525.9604,16.3295
NVDA,2013-11-01,15.27,15.33,15.15,15.255,3.5783
NVDA,2013-10-31,15.24,15.35,15.16,15.189,3.5628
NVDA,2013-11-08,15,15.61,14.935,15.56,3.6498
AAPL,2013-10-24,525,532.4704,522.4492,531.9104,16.5142
NVDA,2013-11-04,15.31,15.31,14.79,14.82,3.4763
AAPL,2013-10-23,518.9996,525.6692,518.9996,524.9608,16.2984
NVDA,2013-11-07,14.85,14.89,14.52,14.545,3.4118
AAPL,2013-10-31,525,527.4892,521.2704,522.7012,16.2283
AAPL,2013-11-01,524.02,524.8012,515.8412,520.03,16.1454
AAPL,2013-10-22,526.4112,528.4496,508.0292,519.8704,16.1404
NVDA,2013-11-06,14.8,14.91,14.65,14.9,3.495
NVDA,2013-10-30,15.28,15.35,15.09,15.22,3.5701
NVDA,2013-10-29,15.19,15.26,15.05,15.23,3.5724
NVDA,2013-10-28,15.22,15.29,15,15.21,3.5678
AAPL,2013-10-21,511.77,524.3,511.5208,521.36,16.1867
NVDA,2013-11-05,14.73,14.865,14.57,14.8,3.4716
NVDA,2013-10-25,15.47,15.48,15.19,15.24,3.5748
AAPL,2013-10-14,489.8292,497.5796,489.3504,496.0396,15.4005
NVDA,2013-10-24,15.54,15.64,15.364,15.385,3.6088
NVDA,2013-10-17,15.48,15.67,15.48,15.63,3.6663
NVDA,2013-10-23,15.74,15.74,15.45,15.501,3.636
NVDA,2013-10-18,15.6,15.86,15.54,15.81,3.7085
AAPL,2013-10-11,486.99,493.8388,485.1588,492.8112,15.3003
NVDA,2013-10-21,16,16.01,15.8,15.85,3.7179
AAPL,2013-10-10,491.3188,492.38,487.0404,489.6388,15.2018
AAPL,2013-10-17,499.9792,504.7812,499.6796,504.5012,15.6632
AAPL,2013-10-09,484.6408,487.7908,478.2792,486.5896,15.1071
NVDA,2013-10-16,15.5,15.66,15.48,15.6,3.6592
NVDA,2013-10-22,15.85,15.86,15.63,15.77,3.6991
AAPL,2013-10-18,505.9908,509.2612,505.7108,508.8888,15.7995
AAPL,2013-10-16,500.7912,502.53,499.2288,501.1104,15.558
NVDA,2013-10-15,15.49,15.5799,15.4,15.41,3.6147
AAPL,2013-10-07,486.5588,492.6488,485.3492,487.7488,15.1431
AAPL,2013-10-08,489.9412,490.6412,480.5388,480.9392,14.9317
AAPL,2013-10-15,497.5096,502.0008,495.5188,498.68,15.4825
NVDA,2013-10-14,15.22,15.49,15.22,15.49,3.6334
NVDA,2013-10-09,15.56,15.57,15.14,15.22,3.5701
NVDA,2013-10-11,15.15,15.34,15.1,15.26,3.5795
NVDA,2013-10-08,15.55,15.77,15.34,15.46,3.6264
NVDA,2013-10-10,15.33,15.43,15.22,15.385,3.6088
AAPL,2012-04-05,626.9788,634.6592,623.4004,633.6792,19.134
NVDA,2013-10-07,15.53,15.7,15.45,15.59,3.6569
AAPL,2013-09-27,483.7812,484.6688,480.7208,482.7508,14.988
AAPL,2013-10-04,483.8596,484.5988,478.6012,483.0308,14.9966
AAPL,2013-09-26,485.9988,488.5608,483.8988,486.22,15.0957
AAPL,2012-04-04,624.3496,625.8588,616.9996,624.3104,18.8511
AAPL,2012-04-03,627.3008,632.2092,622.51,629.3196,19.0024
AAPL,2013-10-03,490.5096,492.3492,480.7404,483.4088,15.0084
AAPL,2013-10-02,485.6292,491.8004,483.7504,489.5604,15.1994
NVDA,2012-04-16,14.26,14.3,13.76,13.99,3.2079
AAPL,2013-09-25,489.1992,489.6388,481.4292,481.53,14.9501
AAPL,2013-10-01,478.45,489.1404,478.38,487.9588,15.1496
AAPL,2013-09-30,477.2488,481.6588,474.4096,476.7504,14.8017
NVDA,2013-10-04,15.36,15.72,15.32,15.59,3.6569
NVDA,2013-10-03,15.55,15.692,15.305,15.38,3.6076
NVDA,2013-09-27,15.55,15.68,15.49,15.58,3.6545
NVDA,2013-10-02,15.39,15.6,15.39,15.54,3.6452
NVDA,2013-10-01,15.58,15.655,15.465,15.55,3.6475
AAPL,2013-09-23,496.1012,496.9104,482.5996,490.6412,15.2329
NVDA,2013-09-30,15.42,15.67,15.33,15.56,3.6498
AAPL,2013-09-24,494.8804,495.4712,487.8188,489.1012,15.1851
NVDA,2013-09-26,15.76,15.79,15.58,15.67,3.6757
NVDA,2013-09-25,15.67,15.84,15.6,15.725,3.6886
NVDA,2013-09-23,15.78,15.91,15.55,15.64,3.6686
AAPL,2013-09-13,469.3388,471.8308,464.6992,464.9008,14.4338
AAPL,2013-09-12,468.4988,475.4008,466.0096,472.6904,14.6756
NVDA,2013-09-24,15.65,15.76,15.56,15.7,3.6827
AAPL,2013-09-11,467.0092,473.69,464.8112,467.7092,14.521
AAPL,2013-09-10,506.2008,507.4496,489.4988,494.6396,15.3571
NVDA,2013-09-19,16.07,16.1,15.86,15.925,3.7355
AAPL,2012-04-02,601.8292,618.7692,600.3788,618.6292,18.6796
NVDA,2013-09-18,15.87,16.04,15.79,15.999,3.7528
NVDA,2013-09-17,15.87,15.99,15.8,15.86,3.7202
AAPL,2013-09-20,477.9992,478.5508,466.0012,467.4096,14.5117
AAPL,2013-09-19,470.6996,475.8292,469.2492,472.3012,14.6635
AAPL,2013-09-18,463.1788,466.3512,460.6588,464.6796,14.4269
AAPL,2013-09-09,504.9996,507.92,503.4792,506.17,15.7151
NVDA,2013-09-16,15.93,16.04,15.75,15.81,3.7085
AAPL,2013-09-17,447.9608,459.7096,447.4988,455.3192,14.1363
AAPL,2013-09-16,461.0004,461.6108,447.2188,450.1196,13.9749
NVDA,2013-09-10,15.24,15.46,15.17,15.45,3.624
NVDA,2013-09-13,15.75,15.87,15.64,15.8,3.7061
NVDA,2013-09-12,15.63,15.9,15.63,15.7,3.6827
NVDA,2013-09-20,15.97,16.069,15.76,15.795,3.705
AAPL,2013-08-26,500.7492,510.1992,500.5,502.9696,15.6157
AAPL,2013-09-06,498.4392,499.38,489.9496,498.2208,15.4683
NVDA,2013-09-11,15.43,15.75,15.323,15.71,3.685
AAPL,2013-09-05,500.2508,500.6792,493.64,495.2696,15.3766
AAPL,2013-09-04,499.5592,502.2388,496.2804,498.6912,15.4829
AAPL,2013-09-03,493.0996,500.6008,487.3512,488.5804,15.1689
NVDA,2013-08-30,14.78,14.82,14.68,14.75,3.4599
AAPL,2013-08-30,491.9992,492.9512,486.5,487.2196,15.1267
NVDA,2013-09-09,15,15.13,14.96,15.125,3.5478
NVDA,2013-08-29,14.75,14.91,14.71,14.77,3.4645
NVDA,2013-08-28,14.83,14.94,14.74,14.8,3.4716
NVDA,2013-08-27,14.85,14.95,14.75,14.805,3.4728
NVDA,2013-09-06,14.95,15.03,14.765,14.88,3.4903
NVDA,2013-09-05,14.84,15,14.83,14.94,3.5044
NVDA,2013-09-04,14.76,14.99,14.74,14.9,3.495
AAPL,2013-08-29,491.6492,496.4988,491.1312,491.6996,15.2658
NVDA,2013-08-26,14.97,15.03,14.93,14.995,3.5173
AAPL,2013-08-28,485.9988,495.7988,485.9988,490.8988,15.2409
NVDA,2013-09-03,14.79,14.97,14.67,14.76,3.4622
AAPL,2013-08-27,497.9996,502.5104,486.3012,488.5888,15.1692
NVDA,2013-08-22,14.87,15.1,14.87,14.96,3.5091
AAPL,2013-08-23,503.2692,503.3504,499.3492,501.0208,15.5552
AAPL,2013-08-16,500.15,502.9388,498.8592,502.3312,15.5959
AAPL,2013-08-22,504.98,505.5904,498.2012,502.9612,15.6154
AAPL,2013-08-21,503.5912,507.15,501.2,502.3592,15.5967
AAPL,2013-08-20,509.7092,510.5688,500.8192,501.0712,15.5567
AAPL,2013-08-19,504.3388,513.7412,504,507.7408,15.7638
NVDA,2013-08-15,14.87,15.25,14.81,15.125,3.53
NVDA,2013-08-14,14.39,15.12,14.38,15.03,3.5078
NVDA,2013-08-21,14.86,15.05,14.82,14.88,3.4903
NVDA,2013-08-13,14.39,14.48,14.3,14.42,3.3654
NVDA,2013-08-20,14.87,15.05,14.85,14.95,3.5068
NVDA,2013-08-19,15.1,15.15,14.94,14.95,3.4891
NVDA,2013-08-12,13.9,14.58,13.11,14.37,3.3538
AAPL,2013-08-15,496.4204,502.4012,489.0788,497.91,15.4586
NVDA,2013-08-23,14.98,15.1,14.93,14.96,3.5091
AAPL,2013-08-14,497.8792,504.2492,493.3992,498.5008,15.4769
AAPL,2013-08-13,470.9404,494.6592,468.0508,489.5688,15.1996
AAPL,2013-08-09,458.64,460.46,453.6504,454.4512,14.1093
AAPL,2013-08-12,456.8592,468.65,456.6296,467.3592,14.5101
NVDA,2012-04-13,14.55,14.625,14.15,14.16,3.2469
AAPL,2013-08-08,463.8592,464.1,457.9512,461.0088,14.3129
NVDA,2013-08-16,15.1,15.4,15.07,15.189,3.5449
AAPL,2013-08-07,463.8004,467.0008,461.7704,464.9792,14.3415
AAPL,2013-08-06,468.02,471.8896,462.1708,465.2508,14.3499
AAPL,2013-08-05,464.6908,470.6688,462.1512,469.4508,14.4795
NVDA,2013-08-05,14.72,14.88,14.645,14.83,3.4611
NVDA,2012-04-12,14.36,14.76,14.3,14.68,3.3661
NVDA,2013-08-09,14.12,14.71,14.11,14.49,3.3818
AAPL,2013-07-31,454.9888,457.3408,449.4308,452.5304,13.9576
AAPL,2013-08-01,455.7504,456.8004,453.2612,456.68,14.0856
AAPL,2013-07-26,435.2992,441.0392,434.3388,440.9888,13.6016
AAPL,2013-07-30,449.96,457.1504,449.2292,453.32,13.9819
AAPL,2013-07-29,440.8012,449.9908,440.1992,447.79,13.8114
AAPL,2013-08-02,458.01,462.8512,456.6604,462.5404,14.2663
AAPL,2013-07-24,438.9308,444.5896,435.26,440.51,13.5868
AAPL,2013-07-23,426.0004,426.9608,418.7092,418.9892,12.923
NVDA,2013-08-02,14.61,14.79,14.51,14.76,3.4448
AAPL,2013-07-22,429.4612,429.7496,425.4712,426.3112,13.1489
NVDA,2013-08-01,14.49,14.67,14.32,14.64,3.4168
NVDA,2013-07-31,14.34,14.58,14.33,14.435,3.3689
NVDA,2013-07-29,14.17,14.35,14.13,14.17,3.3071
AAPL,2013-07-19,433.1012,433.9804,424.3512,424.9504,13.1069
NVDA,2013-07-30,14.22,14.6,14.21,14.41,3.3631
AAPL,2013-07-25,440.7004,441.4004,435.8088,438.4996,13.5248
AAPL,2013-07-18,433.3812,434.8708,430.6092,431.76,13.3169
NVDA,2013-07-26,14.09,14.285,14.09,14.2,3.3141
AAPL,2013-07-17,429.6992,432.2192,428.2208,430.3096,13.2722
AAPL,2013-07-16,426.5212,430.71,424.1692,430.2004,13.2688
AAPL,2013-07-15,425.0092,431.4604,424.7992,427.4396,13.1837
NVDA,2013-08-08,14.68,14.765,14.51,14.699,3.4305
NVDA,2013-08-07,14.53,14.75,14.52,14.6,3.4074
NVDA,2013-08-06,14.84,14.87,14.58,14.61,3.4098
NVDA,2013-07-19,14.46,14.53,14.09,14.24,3.3234
NVDA,2013-07-18,14.59,14.64,14.36,14.55,3.3958
NVDA,2013-07-16,14.67,14.77,14.595,14.69,3.4284
AAPL,2013-07-05,420.3892,423.29,415.3492,417.4212,12.8747
NVDA,2013-07-17,14.69,14.74,14.57,14.61,3.4098
NVDA,2013-07-15,14.67,14.67,14.38,14.61,3.4098
AAPL,2013-07-03,420.8596,422.9792,417.4492,420.8008,12.9789
AAPL,2013-07-11,422.9512,428.2488,421.1704,427.2912,13.1791
AAPL,2013-07-02,409.9592,421.6296,409.4692,418.4908,12.9077
AAPL,2013-07-01,402.6904,412.2692,401.2204,409.22,12.6217
NVDA,2013-07-12,14.6,14.78,14.55,14.64,3.4168
AAPL,2013-06-28,391.3588,400.2712,388.8696,396.5304,12.2303
NVDA,2013-07-25,14.2,14.445,14.1,14.26,3.3281
NVDA,2013-07-24,14.34,14.38,14.19,14.21,3.3164
NVDA,2013-07-23,14.41,14.41,14.14,14.21,3.3164
AAPL,2013-07-10,419.5996,424.7992,418.25,420.7308,12.9768
NVDA,2013-07-22,14.35,14.48,14.17,14.23,3.3211
AAPL,2013-07-09,413.5992,423.5,410.3792,422.3492,13.0267
AAPL,2013-07-08,420.1092,420.9996,410.6508,415.0496,12.8015
NVDA,2013-06-28,14.01,14.18,13.83,14.04,3.2767
AAPL,2013-07-12,427.6496,429.7888,423.4104,426.51,13.155
NVDA,2013-07-11,14.51,14.65,14.48,14.63,3.4144
AAPL,2013-06-26,403.9,404.7904,395.6596,398.0704,12.2778
NVDA,2013-07-09,14.2,14.3275,14.16,14.241,3.3237
NVDA,2013-07-10,14.24,14.47,14.2,14.43,3.3678
AAPL,2013-06-14,435.4,436.2904,428.5008,430.0492,13.2642
AAPL,2013-06-24,407.4,408.66,398.0508,402.5392,12.4157
NVDA,2013-07-08,14.28,14.35,14.09,14.165,3.3059
AAPL,2013-06-25,405.7004,407.7892,398.8292,402.6288,12.4184
AAPL,2013-06-21,418.4908,420,408.1,413.5012,12.7538
AAPL,2013-06-27,399.2492,401.3912,393.54,393.7808,12.1455
AAPL,2013-06-20,419.3,425.9808,415.17,416.8388,12.8567
NVDA,2013-07-05,14.17,14.27,14.075,14.24,3.3234
NVDA,2013-07-03,13.97,14.3,13.97,14.13,3.2977
NVDA,2013-07-02,14.02,14.3,13.96,14.09,3.2884
NVDA,2013-07-01,14.14,14.17,14.0149,14.1,3.2907
NVDA,2013-06-26,14.38,14.395,14.08,14.14,3.3001
AAPL,2013-06-19,431.3988,431.6592,422.9988,422.9988,13.0467
AAPL,2013-06-18,431.5612,434.8988,430.2088,431.7712,13.3173
NVDA,2013-06-24,14.21,14.39,13.91,14.12,3.2954
NVDA,2013-06-25,14.27,14.3,14.07,14.22,3.3188
AAPL,2013-06-17,431.4408,435.6996,430.36,432.0008,13.3244
NVDA,2013-06-27,14.18,14.2,13.86,14.01,3.2697
NVDA,2013-06-21,14.52,14.57,14.18,14.415,3.3643
AAPL,2013-06-07,436.5004,443.24,432.7708,441.8092,13.6269
AAPL,2013-06-13,432.4992,437.1388,428.75,435.96,13.4465
AAPL,2013-06-05,445.6508,450.7188,443.7104,445.1104,13.7287
NVDA,2013-06-20,14.72,14.74,14.335,14.44,3.3701
NVDA,2013-06-19,14.53,15.48,14.48,14.84,3.4635
NVDA,2013-06-17,14.46,14.62,14.38,14.49,3.3818
NVDA,2013-06-18,14.56,14.72,14.28,14.4,3.3608
NVDA,2013-06-12,14.24,14.355,13.97,14.05,3.2791
AAPL,2013-06-06,445.4688,447.0004,434.0504,438.4604,13.5236
AAPL,2013-06-04,453.2192,454.4288,447.3896,449.3104,13.8583
NVDA,2013-06-11,14.25,14.45,14.17,14.17,3.3071
AAPL,2013-06-03,450.73,452.3596,442.4812,450.7188,13.9017
NVDA,2013-06-13,14,14.44,13.99,14.37,3.3538
NVDA,2013-06-10,14.41,14.53,14.33,14.44,3.3701
AAPL,2013-05-31,452.4996,457.1,449.5008,449.7304,13.8712
AAPL,2013-05-30,445.6508,454.4988,444.5112,451.5812,13.9283
NVDA,2013-06-14,14.42,14.441,14.25,14.35,3.3491
AAPL,2013-06-12,439.4992,441.2492,431.4996,432.1912,13.3302
AAPL,2013-05-21,438.1496,445.48,434.1988,439.6588,13.5606
AAPL,2013-06-11,435.7388,442.7612,433.3196,437.6008,13.4971
AAPL,2013-06-10,444.7296,449.0808,436.8,438.8888,13.5368
NVDA,2013-06-05,14.45,14.56,14.12,14.16,3.3047
NVDA,2013-06-03,14.49,14.6,14.15,14.45,3.3724
NVDA,2013-06-06,14.16,14.36,14.15,14.25,3.3258
NVDA,2013-06-04,14.54,14.8,14.38,14.47,3.3771
NVDA,2013-06-07,14.35,14.54,14.29,14.445,3.3713
AAPL,2013-05-20,431.9112,445.7992,430.0996,442.9292,13.6614
NVDA,2013-05-30,14.42,14.775,14.38,14.63,3.4144
AAPL,2013-05-17,439.0512,440.09,431.0096,433.2608,13.3632
NVDA,2013-05-24,14.55,14.67,14.38,14.54,3.3934
AAPL,2013-05-16,423.2396,437.85,418.8996,434.5796,13.4039
AAPL,2013-05-15,439.1604,441,422.3604,428.8508,13.2272
NVDA,2013-05-31,14.55,14.76,14.47,14.47,3.3771
AAPL,2013-05-29,440.0004,447.4988,439.4012,444.9508,13.7238
AAPL,2013-05-28,449.9012,451.1108,440.8488,441.4396,13.6155
NVDA,2013-05-29,14.44,14.5301,14.38,14.44,3.3701
AAPL,2013-05-24,440.8488,445.6592,440.3588,445.1496,13.7299
AAPL,2013-05-23,435.9488,446.1604,435.7892,442.1396,13.6371
AAPL,2013-05-22,444.0492,448.35,438.2196,441.35,13.6127
NVDA,2013-05-23,14.23,14.675,14.19,14.63,3.4144
NVDA,2013-05-22,14.98,14.98,14.34,14.4,3.3608
NVDA,2013-05-21,14.85,14.98,14.675,14.92,3.4821
NVDA,2013-05-20,14.81,14.895,14.76,14.84,3.4459
NVDA,2013-05-17,14.7,14.97,14.59,14.87,3.4529
NVDA,2013-05-28,14.65,14.69,14.39,14.53,3.3911
NVDA,2006-03-30,57.14,57.78,56.1104,57.47,4.3926
AAPL,2013-05-13,451.5112,457.9008,451.5,454.7396,14.0257
NVDA,2013-05-14,14.41,14.57,14.265,14.45,3.3553
AAPL,2013-05-10,457.9708,459.7096,450.4808,452.97,13.9711
AAPL,2013-05-09,459.8104,462.9996,455.5796,456.7696,14.0883
NVDA,2013-05-16,14.68,14.83,14.58,14.63,3.3971
AAPL,2013-05-14,453.8492,455.1988,442.1508,443.8588,13.6901
NVDA,2013-05-06,13.87,13.945,13.75,13.83,3.2114
NVDA,2013-05-07,13.83,13.86,13.52,13.65,3.1696
NVDA,2013-05-08,13.67,13.98,13.62,13.899,3.2274
NVDA,2013-05-03,13.9,13.97,13.82,13.87,3.2207
NVDA,2013-05-13,14.44,14.5,14.18,14.24,3.3066
AAPL,2013-05-07,464.9708,465.7492,453.7008,458.6596,14.0536
AAPL,2013-05-06,455.7112,462.1988,454.3112,460.7092,14.1164
AAPL,2013-05-08,459.0404,465.3712,455.8092,463.8396,14.2123
NVDA,2013-05-10,14.2,14.6,14.2,14.54,3.3762
NVDA,2013-05-15,14.38,14.75,14.38,14.695,3.4122
AAPL,2013-05-03,451.3096,453.2304,449.1508,449.9796,13.7877
NVDA,2013-05-02,13.64,13.85,13.56,13.81,3.2067
AAPL,2013-04-30,435.1004,445.2504,432.0708,442.7808,13.5671
AAPL,2013-04-29,420.4508,433.6192,420,430.1192,13.1791
AAPL,2013-05-01,444.4608,444.9312,434.3892,439.2892,13.4601
NVDA,2013-05-09,13.65,13.97,13.63,13.91,3.23
AAPL,2013-05-02,441.7812,448.5908,440.6304,445.5192,13.651
NVDA,2013-04-30,13.6,13.77,13.51,13.77,3.1974
NVDA,2006-03-29,54.4004,57.18,53.9504,57.08,4.3628
AAPL,2013-04-26,409.8108,418.7708,408.2512,417.2,12.7833
AAPL,2013-04-25,411.2304,413.9408,406.9996,408.38,12.513
NVDA,2013-04-29,13.43,13.62,13.37,13.57,3.151
NVDA,2013-04-19,12.53,12.605,12.37,12.57,2.9188
AAPL,2013-04-24,393.54,415.2512,392.5012,405.4596,12.4235
AAPL,2013-04-23,403.9896,408.38,398.8096,406.1288,12.444
AAPL,2013-04-22,392.6412,402.2004,391.2692,398.6696,12.2155
AAPL,2013-04-17,420.2688,420.5992,398.1096,402.7996,12.342
NVDA,2013-05-01,13.77,13.86,13.6025,13.65,3.1696
NVDA,2013-04-18,12.82,12.9,12.54,12.54,2.9118
AAPL,2013-04-16,421.5708,426.6108,420.5712,426.2412,13.0603
AAPL,2013-04-15,427,427.8904,419.5492,419.8488,12.8644
NVDA,2013-04-26,13.45,13.47,13.335,13.41,3.1139
AAPL,2013-04-19,387.9708,399.5992,385.1008,390.53,11.9661
AAPL,2013-04-18,404.9892,405.79,389.7404,392.0504,12.0127
NVDA,2013-04-25,13.43,13.5,13.31,13.47,3.1278
NVDA,2013-04-23,12.7,13.05,12.68,12.92,3.0001
AAPL,2013-04-12,434.1512,434.1512,429.0888,429.8,13.1693
AAPL,2013-04-11,433.72,437.99,431.2,434.3304,13.3082
NVDA,2013-04-24,12.96,13.47,12.95,13.36,3.1022
NVDA,2013-04-22,12.56,12.7,12.46,12.59,2.9234
NVDA,2013-04-12,12.83,13.23,12.72,13.09,3.0395
AAPL,2013-04-10,428.1004,437.0604,426.0088,435.6912,13.3499
AAPL,2013-04-08,424.8496,427.5012,422.4892,426.2104,13.0594
NVDA,2013-04-17,12.86,12.98,12.71,12.785,2.9687
AAPL,2013-04-09,426.3588,428.5008,422.7496,426.9804,13.0829
AAPL,2013-04-05,424.4996,424.9504,419.6808,423.2004,12.9671
NVDA,2013-04-11,12.65,12.85,12.3,12.77,2.9652
AAPL,2013-04-04,433.7592,434.9996,425.25,427.7196,13.1056
NVDA,2013-04-10,12.64,12.85,12.61,12.83,2.9792
AAPL,2013-03-28,449.82,451.8192,441.6188,442.6604,13.5634
NVDA,2013-04-08,12.47,12.47,12.195,12.43,2.8863
NVDA,2013-04-09,12.44,12.72,12.35,12.63,2.9327
AAPL,2013-03-27,456.4588,456.8004,450.73,452.0796,13.852
AAPL,2013-03-26,465.4412,465.8388,460.53,461.1404,14.1296
AAPL,2013-03-25,464.6908,469.9492,461.7788,463.5792,14.2044
NVDA,2013-04-05,12.07,12.46,12.04,12.46,2.8933
NVDA,2013-04-03,12.26,12.33,12.04,12.126,2.8157
AAPL,2013-03-22,454.58,462.1008,453.11,461.9104,14.1532
NVDA,2013-04-16,12.94,13.05,12.87,12.96,3.0094
NVDA,2013-04-15,13.05,13.09,12.74,12.82,2.9768
AAPL,2013-04-02,427.5992,438.1412,426.4008,429.7888,13.169
NVDA,2013-04-04,12.09,12.29,12.05,12.245,2.8433
AAPL,2013-03-21,450.2204,457.9792,450.1,452.7292,13.8719
AAPL,2013-04-01,441.8988,443.6992,427.7392,428.9096,13.1421
NVDA,2013-03-21,12.55,12.57,12.4,12.42,2.884
AAPL,2013-03-20,457.4192,457.6292,449.5904,452.0796,13.852
AAPL,2013-03-08,429.8,435.4308,428.61,431.7208,13.2282
AAPL,2013-04-03,431.3708,437.2788,430.3096,431.9896,13.2364
NVDA,2013-04-02,12.42,12.45,12.2,12.275,2.8503
NVDA,2013-04-01,12.8,12.8,12.32,12.41,2.8816
NVDA,2013-03-20,12.59,12.66,12.475,12.62,2.9304
AAPL,2013-03-07,424.4996,432.0092,421.0612,430.5812,13.1933
AAPL,2013-03-18,441.4508,457.4612,441.1988,455.7196,13.9635
AAPL,2013-03-15,437.9312,444.2312,437.2508,443.66,13.594
AAPL,2013-03-06,434.5096,435.2488,424.4296,425.6588,13.0425
AAPL,2013-03-19,459.4996,460.9696,448.5012,454.4904,13.9259
AAPL,2006-03-23,61.8212,61.8996,59.6092,60.1608,1.8166
NVDA,2013-03-28,12.62,12.84,12.53,12.83,2.9792
NVDA,2013-03-27,12.45,12.72,12.42,12.65,2.9374
AAPL,2013-03-14,432.8296,434.6412,430.4496,432.4992,13.252
NVDA,2013-03-26,12.44,12.51,12.39,12.5,2.9025
NVDA,2013-03-25,12.55,12.56,12.32,12.41,2.8816
NVDA,2013-03-18,12.56,12.67,12.46,12.55,2.9142
AAPL,2013-03-13,428.4504,434.5012,425.3592,428.3496,13.1249
AAPL,2013-03-12,435.5988,438.8804,427.5712,428.4308,13.1274
NVDA,2013-03-15,12.75,12.75,12.59,12.64,2.9351
NVDA,2013-03-22,12.46,12.53,12.41,12.48,2.8979
AAPL,2013-03-11,429.7496,439.0092,425.1408,437.8696,13.4166
NVDA,2013-03-19,12.56,12.62,12.38,12.47,2.8956
AAPL,2013-02-27,448.4312,452.4408,440.65,444.57,13.6219
NVDA,2013-03-14,12.82,12.86,12.67,12.75,2.9606
NVDA,2013-03-13,12.74,12.9562,12.62,12.74,2.9583
NVDA,2013-03-12,12.68,12.78,12.56,12.74,2.9583
NVDA,2013-03-11,12.69,12.75,12.59,12.695,2.9478
AAPL,2013-03-05,421.4812,435.19,420.7504,431.1412,13.2104
AAPL,2013-02-26,443.8196,451.5392,437.6596,448.9688,13.7567
NVDA,2013-03-04,12.62,12.775,12.52,12.655,2.9385
NVDA,2013-03-01,12.57,12.75,12.455,12.71,2.9513
AAPL,2013-02-28,444.0492,447.8712,441.4004,441.4004,13.5248
AAPL,2013-02-25,453.8492,455.1204,442.5708,442.8004,13.5677
NVDA,2013-03-05,12.73,12.82,12.665,12.8,2.9722
AAPL,2006-03-22,62.16,63.2492,61.2696,61.67,1.8621
AAPL,2013-02-19,461.1012,462.7308,453.8492,459.9896,14.0944
NVDA,2013-03-08,12.79,12.88,12.73,12.82,2.9768
AAPL,2013-02-22,449.2488,451.6008,446.6,450.8112,13.8131
NVDA,2013-03-07,12.86,12.99,12.6871,12.76,2.9629
NVDA,2013-03-06,12.88,13,12.73,12.79,2.9699
AAPL,2013-03-04,427.8008,428.2012,419.0004,420.0504,12.8706
AAPL,2013-02-21,446.0008,449.1704,442.82,446.0596,13.6675
AAPL,2013-02-20,457.6908,457.6908,448.8008,448.8512,13.7531
NVDA,2013-02-13,12.44,12.665,12.33,12.37,2.8548
AAPL,2013-03-01,438.0012,438.1804,429.9792,430.4692,13.1898
AAPL,2013-02-08,474.0008,478.8112,468.2496,474.9808,14.5537
AAPL,2013-02-07,463.2488,469.9996,454.1208,468.2188,14.3465
AAPL,2013-02-06,456.47,466.4996,452.5808,457.3492,13.9323
NVDA,2013-02-27,12.37,12.69,12.34,12.6,2.9258
NVDA,2013-02-28,12.56,12.85,12.51,12.66,2.9397
NVDA,2013-02-25,12.55,12.65,12.28,12.3,2.8386
NVDA,2013-02-22,12.37,12.53,12.3,12.52,2.8894
NVDA,2013-02-21,12.36,12.5,12.26,12.29,2.8363
NVDA,2013-02-20,12.6,12.8,12.34,12.38,2.8571
AAPL,2013-02-15,468.8488,470.1592,459.9196,460.1604,14.0996
AAPL,2013-02-14,464.52,471.6404,464.0188,466.5892,14.2966
NVDA,2013-02-26,12.25,12.435,12.2091,12.37,2.8724
AAPL,2013-02-13,467.2108,473.6396,463.2208,467.0092,14.3095
AAPL,2013-02-12,479.5112,482.3812,467.74,467.8996,14.3367
AAPL,2013-02-11,476.5012,484.9404,473.2504,479.9312,14.7054
NVDA,2013-02-19,12.74,12.75,12.48,12.555,2.8975
NVDA,2013-02-12,12.395,12.565,12.38,12.43,2.8686
NVDA,2013-02-11,12.47,12.635,12.35,12.51,2.8871
NVDA,2013-02-07,12.3,12.4,12.17,12.29,2.8363
NVDA,2013-02-05,12.22,12.51,12.18,12.44,2.871
AAPL,2013-01-30,456.9992,462.5992,454.4988,456.8312,13.9165
AAPL,2013-01-29,458.5,460.1996,452.1188,458.2704,13.9604
AAPL,2013-02-05,444.0492,459.7404,442.2208,457.8392,13.9472
NVDA,2013-02-08,12.37,12.4699,12.29,12.37,2.8548
NVDA,2013-02-06,12.14,12.44,12.07,12.34,2.8479
AAPL,2013-01-28,437.8304,453.2108,435.8592,449.8312,13.7033
AAPL,2013-02-01,459.1104,459.48,448.35,453.6196,13.8187
NVDA,2013-02-04,12.3,12.55,12.15,12.16,2.8063
NVDA,2013-02-15,12.7,12.79,12.45,12.731,2.9381
NVDA,2013-02-14,12.2,12.74,12.05,12.73,2.9379
AAPL,2013-02-04,453.9108,455.9408,441.9996,442.3188,13.4744
AAPL,2013-01-31,456.9796,459.2812,454.9804,455.49,13.8757
NVDA,2013-01-25,12.21,12.42,12.15,12.41,2.864
AAPL,2013-01-22,504.56,507.8808,496.6304,504.77,15.3769
AAPL,2013-01-25,451.6904,456.2292,434.9996,439.88,13.4001
AAPL,2013-01-24,460.0008,465.7296,450.2512,450.5004,13.7237
AAPL,2013-01-23,508.8104,514.99,504.77,514.01,15.6584
NVDA,2013-01-24,12.09,12.24,12.03,12.19,2.8133
AAPL,2013-01-11,520.9988,525.3192,519.0192,520.2988,15.85
NVDA,2013-01-23,12.15,12.16,12,12.13,2.7994
NVDA,2013-02-01,12.36,12.41,12.26,12.37,2.8548
AAPL,2013-01-17,510.3112,510.7508,502.0288,502.6812,15.3133
NVDA,2013-01-31,12.32,12.46,12.18,12.26,2.8294
NVDA,2013-01-18,12.25,12.25,12.02,12.17,2.8086
AAPL,2013-01-16,494.6396,509.4404,492.5004,506.0888,15.4171
NVDA,2013-01-22,12.16,12.27,12.05,12.11,2.7948
AAPL,2013-01-15,498.2992,498.9908,483.3808,485.9204,14.8027
AAPL,2013-01-10,528.5504,528.7212,515.5192,523.5104,15.9478
AAPL,2013-01-09,522.4996,525.0112,515.9896,517.1012,15.7525
AAPL,2013-01-08,529.2112,531.8908,521.2508,525.3108,16.0026
AAPL,2013-01-07,522.0012,529.3008,515.2,523.8996,15.9596
AAPL,2013-01-18,498.5204,502.2192,496.4008,499.9988,15.2315
NVDA,2013-01-30,12.35,12.52,12.275,12.32,2.8433
NVDA,2013-01-29,12.56,12.59,12.29,12.34,2.8479
NVDA,2013-01-28,12.47,12.69,12.44,12.61,2.9102
AAPL,2013-01-14,502.6812,507.5,498.5092,501.7488,15.2849
AAPL,2013-01-03,547.8788,549.6708,540.9992,542.0996,16.5141
AAPL,2013-01-02,553.8204,554.9992,541.6292,549.0296,16.7252
NVDA,2013-01-07,13.14,13.18,12.68,12.77,2.9471
AAPL,2012-12-31,510.5296,535.3992,509.0008,532.1708,16.2116
AAPL,2013-01-04,536.97,538.6304,525.8288,526.9992,16.0541
NVDA,2013-01-15,12.14,12.14,11.91,11.98,2.7648
NVDA,2013-01-14,12.29,12.29,12.06,12.2,2.8156
NVDA,2013-01-11,12.28,12.29,12.09,12.21,2.8179
NVDA,2013-01-17,12.13,12.3,12.1,12.25,2.8271
NVDA,2013-01-16,11.96,12.19,11.96,12.09,2.7902
AAPL,2012-12-20,530.0008,530.1996,518.8792,521.7296,15.8935
AAPL,2012-12-27,513.5396,516.25,504.6608,515.06,15.6904
AAPL,2012-12-28,510.2888,514.4804,508.1188,509.5888,15.5237
NVDA,2013-01-04,12.75,13.19,12.71,13.15,3.0348
AAPL,2012-12-26,518.9996,519.4588,511.1204,512.9992,15.6276
NVDA,2013-01-03,12.72,12.87,12.58,12.73,2.9379
NVDA,2013-01-02,12.56,12.73,12.51,12.72,2.9356
NVDA,2013-01-10,12.32,12.38,12.16,12.23,2.8225
NVDA,2013-01-09,12.59,12.65,12.13,12.21,2.8179
NVDA,2013-01-08,12.8,12.84,12.4,12.4915,2.8828
AAPL,2012-12-24,520.3492,524.2496,518.7112,520.17,15.846
AAPL,2012-12-21,512.47,519.6688,510.2412,519.33,15.8204
AAPL,2012-12-19,531.4708,533.6996,525.5012,526.3104,16.0331
AAPL,2012-12-14,514.7492,518.1288,505.5792,509.7904,15.5298
NVDA,2012-12-28,12.05,12.29,12.03,12.1,2.7925
NVDA,2012-12-27,12.26,12.28,12.02,12.16,2.8063
AAPL,2012-12-13,531.1488,537.6392,525.8008,529.69,16.136
AAPL,2012-12-12,547.7696,547.9992,536.27,539,16.4196
NVDA,2012-12-19,12.65,12.8,12.6,12.65,2.9194
AAPL,2012-12-11,539.77,549.5588,537.3704,541.3912,16.4925
NVDA,2012-12-26,12.22,12.4199,12.19,12.24,2.8248
NVDA,2012-12-31,12.06,12.31,12.03,12.26,2.8294
AAPL,2012-12-10,525,538.51,521.5812,529.8188,16.14
NVDA,2012-12-24,12.34,12.38,12.21,12.25,2.8271
AAPL,2012-12-07,553.4004,555.2008,530.0008,533.2488,16.2444
NVDA,2012-12-21,12.47,12.47,12.21,12.35,2.8502
AAPL,2012-12-18,525,534.9008,520.2512,533.9012,16.2643
AAPL,2012-12-17,508.9308,519.9992,501.2308,518.8288,15.8052
AAPL,2012-12-05,568.9096,569.2512,538.7704,538.79,16.4133
AAPL,2012-12-06,528.9396,553.3108,518.63,547.2404,16.6707
NVDA,2012-12-20,12.7,12.71,12.5,12.64,2.9171
NVDA,2012-12-17,12.56,12.63,12.35,12.535,2.8929
NVDA,2012-12-14,12.58,12.72,12.49,12.59,2.9056
NVDA,2012-12-13,12.5,12.77,12.41,12.53,2.8917
NVDA,2012-12-12,12.69,12.76,12.47,12.52,2.8894
NVDA,2012-12-18,12.54,12.7,12.5,12.56,2.8986
AAPL,2012-11-23,567.1708,572.0008,562.6012,571.4996,17.4097
NVDA,2012-12-11,12.4,12.81,12.37,12.65,2.9194
NVDA,2006-03-28,53.1104,54.8804,53,54.17,4.1404
NVDA,2012-12-10,11.96,12.45,11.93,12.36,2.8525
AAPL,2012-12-03,593.6504,594.5912,585.4996,586.1912,17.8572
AAPL,2012-12-04,581.8008,581.8008,572.1296,575.8508,17.5422
NVDA,2012-12-07,11.99,12.05,11.82,11.955,2.759
NVDA,2012-12-06,11.93,12.06,11.885,11.98,2.7648
AAPL,2012-11-21,564.2504,567.3696,556.6008,561.6996,17.1111
NVDA,2012-12-04,11.77,12.12,11.7,12.095,2.7913
NVDA,2012-11-29,12.28,12.34,12,12.04,2.7786
NVDA,2012-11-30,12.03,12.12,11.9,11.97,2.7625
NVDA,2012-11-28,12.11,12.32,11.96,12.26,2.8294
NVDA,2012-12-03,12.12,12.12,11.72,11.75,2.7117
AAPL,2012-11-20,571.9112,571.9504,554.5792,560.91,17.0871
NVDA,2012-11-27,12.06,12.34,11.96,12.155,2.8052
NVDA,2012-12-05,12,12.08,11.79,11.9602,2.7602
AAPL,2012-11-29,590.2204,594.2496,585.2504,589.3608,17.9538
AAPL,2012-11-30,586.7904,588.4004,582.68,585.2812,17.8295
AAPL,2006-03-21,61.81,64.3412,61.39,61.81,1.8664
AAPL,2012-11-28,577.2704,585.7992,572.2612,582.9404,17.7582
AAPL,2012-11-27,589.5512,590.4192,580.1012,584.78,17.8143
AAPL,2012-11-26,575.9012,589.9992,573.7088,589.5288,17.9589
NVDA,2012-11-26,11.92,12.14,11.9,12.105,2.7936
AAPL,2012-11-19,540.7108,567.5012,539.8792,565.7288,17.2339
NVDA,2012-11-23,11.87,12.04,11.805,11.9,2.7463
AAPL,2012-11-16,525.1988,530.0008,505.75,527.6796,16.0748
NVDA,2012-11-21,11.49,11.85,11.48,11.82,2.7279
NVDA,2012-11-20,11.58,11.63,11.37,11.49,2.6517
NVDA,2012-11-16,11.59,11.63,11.15,11.38,2.6094
AAPL,2012-11-06,590.2288,590.7412,580.09,582.8508,17.6748
AAPL,2012-11-15,537.53,539.5012,522.62,525.6188,16.012
AAPL,2012-11-14,545.4988,547.4504,536.1804,536.8804,16.3551
AAPL,2012-11-13,538.9104,550.48,536.3596,542.9004,16.5385
AAPL,2012-11-12,554.1508,554.5008,538.65,542.8304,16.5363
NVDA,2012-11-09,12.75,12.895,12.15,12.19,2.7952
NVDA,2006-03-27,51.9948,53.39,51.8204,53.3504,4.0777
AAPL,2012-11-05,583.52,587.7704,577.6008,584.6204,17.7285
NVDA,2012-11-08,12.75,13.08,12.65,12.68,2.9075
AAPL,2012-11-09,540.4196,554.8788,533.7192,547.0612,16.6652
NVDA,2012-11-07,12.91,12.99,12.55,12.6098,2.8914
AAPL,2012-11-02,595.8904,596.9488,574.7504,576.8,17.4913
AAPL,2012-11-08,560.63,562.2288,535.29,537.7512,16.3816
AAPL,2012-11-07,573.8404,574.5404,555.7496,558.0008,16.9985
NVDA,2012-11-15,11.61,11.91,11.51,11.59,2.6576
NVDA,2012-11-19,11.59,11.74,11.45,11.6983,2.6824
NVDA,2012-11-14,11.9,12.02,11.53,11.54,2.6461
NVDA,2012-11-13,11.86,12.13,11.8199,11.83,2.7126
NVDA,2012-11-12,12.21,12.26,11.8,11.915,2.7321
NVDA,2012-11-06,13.05,13.05,12.79,13.01,2.9832
AAPL,2012-11-01,598.22,602.9996,594.1712,596.54,18.0899
AAPL,2012-10-23,630.9996,633.9004,611.6992,613.3596,18.6
AAPL,2012-10-31,594.8796,601.9608,587.7004,595.3192,18.0529
AAPL,2012-10-22,612.4188,635.3788,610.7612,634.0292,19.2268
AAPL,2012-10-26,609.4312,614.0008,590.9988,603.9992,18.3161
AAPL,2012-10-25,620.0012,622.0004,605.5504,609.5404,18.4841
NVDA,2012-11-01,12.04,12.56,12.03,12.55,2.8777
NVDA,2012-11-05,12.46,13.07,12.46,13.02,2.9855
NVDA,2012-10-31,12.1,12.2,11.95,11.975,2.7459
NVDA,2012-10-26,12.2,12.27,12.05,12.05,2.7631
NVDA,2012-10-25,12.27,12.4,12.13,12.18,2.7929
AAPL,2012-10-24,621.4404,626.5504,610.6408,616.8288,18.7052
AAPL,2012-10-16,635.3704,650.3,630.9996,649.7904,19.7047
NVDA,2012-11-02,12.68,12.7,12.41,12.49,2.864
NVDA,2012-10-19,12.67,12.76,12.035,12.105,2.7757
AAPL,2012-10-15,632.3492,635.1296,623.8512,634.76,19.2489
AAPL,2012-10-12,629.5604,635.3788,625.2988,629.7088,19.0957
AAPL,2012-10-11,646.5004,647.2004,628.0988,628.0988,19.0469
NVDA,2012-10-24,12.41,12.46,12.05,12.17,2.7906
AAPL,2012-10-18,639.59,642.0596,630,632.6404,19.1846
NVDA,2012-10-23,11.86,12.41,11.83,12.33,2.8273
AAPL,2012-10-19,631.05,631.7696,609.6188,609.84,18.4932
AAPL,2012-10-17,648.8692,652.7892,644,644.6104,19.5476
NVDA,2012-10-22,12.16,12.23,11.87,11.97,2.7447
NVDA,2012-10-17,13,13.12,12.87,13.06,2.9947
AAPL,2012-10-04,671.2496,674.2512,665.5488,666.8004,20.2205
NVDA,2012-10-09,13.15,13.19,12.85,12.89,2.9557
AAPL,2012-10-03,664.86,671.86,662.6312,671.4512,20.3616
AAPL,2012-10-10,639.7412,644.98,637,640.9088,19.4354
AAPL,2012-10-09,638.6492,640.4888,623.5488,635.8492,19.282
AAPL,2012-10-08,646.8812,647.5588,636.1096,638.1704,19.3523
AAPL,2012-10-05,665.1988,665.9996,651.28,652.5904,19.7896
NVDA,2012-10-18,13.03,13.03,12.805,12.86,2.9488
AAPL,2012-09-25,688.2596,692.7788,672.9996,673.54,20.4249
NVDA,2012-10-08,13.25,13.31,13.07,13.17,3.0199
NVDA,2012-10-16,12.9,13.2,12.78,13.1598,3.0175
AAPL,2012-09-24,686.8596,695.1196,683.0012,690.7908,20.948
NVDA,2012-10-15,12.65,12.8,12.5,12.79,2.9328
NVDA,2012-10-12,12.65,12.75,12.55,12.63,2.8961
NVDA,2012-10-04,13.07,13.7,13,13.62,3.1231
AAPL,2012-10-02,661.8108,666.3496,650.65,661.3096,20.054
AAPL,2006-03-20,65.2204,65.4612,63.8708,63.9912,1.9322
AAPL,2012-10-01,671.16,676.7488,656.4992,659.3888,19.9958
NVDA,2012-10-11,12.79,12.83,12.6412,12.74,2.9213
NVDA,2012-10-10,12.83,12.89,12.62,12.67,2.9052
NVDA,2012-10-05,13.66,13.8,13.25,13.3,3.0497
AAPL,2012-09-28,678.7508,681.1112,666.75,667.1,20.2296
AAPL,2012-09-27,664.2888,682.1696,660.3492,681.3212,20.6609
NVDA,2012-10-03,13.2,13.24,12.97,13.035,2.9889
NVDA,2012-10-02,13.21,13.21,13.02,13.17,3.0199
AAPL,2012-09-26,668.7408,672.6888,661.2004,665.1792,20.1714
NVDA,2012-10-01,13.4,13.48,13.07,13.115,3.0073
NVDA,2012-09-28,13.22,13.53,13.045,13.34,3.0589
AAPL,2012-09-18,699.8796,702.3296,696.4188,701.9096,21.2852
AAPL,2012-09-17,699.3504,699.8012,694.61,699.7788,21.2206
AAPL,2012-09-21,702.4108,705.0708,699.3588,700.0896,21.23
NVDA,2012-09-27,13.21,13.3,13.1,13.275,3.044
NVDA,2012-09-26,13.36,13.365,13.02,13.18,3.0222
NVDA,2012-09-21,13.63,13.75,13.58,13.665,3.1334
AAPL,2012-09-14,689.9592,696.9788,687.89,691.2808,20.9629
AAPL,2012-09-13,677.3704,685.4988,674.7692,682.9788,20.7111
NVDA,2012-09-25,13.84,13.9,13.39,13.41,3.0749
AAPL,2012-09-12,666.8508,669.9,656.0008,669.7908,20.3112
AAPL,2012-09-20,699.16,700.0588,693.6188,698.7008,21.1879
AAPL,2012-09-11,665.1092,670.0988,656.4992,660.59,20.0322
NVDA,2012-09-24,13.45,13.68,13.425,13.66,3.1322
AAPL,2012-09-19,700.2604,703.99,699.5688,702.1,21.291
AAPL,2012-09-06,673.1704,678.2888,670.7988,676.27,20.5077
AAPL,2012-09-10,680.4504,683.2896,662.0992,662.7404,20.0974
NVDA,2012-09-20,13.68,13.75,13.5,13.61,3.1208
NVDA,2012-09-19,13.58,13.9,13.42,13.71,3.1437
AAPL,2012-09-07,678.0508,682.4804,675.7688,680.4392,20.6341
NVDA,2012-09-18,13.31,13.71,13.295,13.55,3.107
NVDA,2012-09-17,13.87,13.87,13.31,13.46,3.0864
NVDA,2012-09-10,13.37,13.56,13.25,13.28,3.0451
AAPL,2012-09-05,675.57,676.3512,669.6004,670.2304,20.3246
AAPL,2012-09-04,665.7588,675.1388,664.4988,674.9708,20.4683
NVDA,2012-09-14,13.67,14.08,13.67,13.84,3.1735
NVDA,2012-09-13,13.71,13.76,13.42,13.675,3.1357
NVDA,2012-09-12,13.55,13.66,13.42,13.59,3.1162
NVDA,2012-09-11,13.27,13.65,13.22,13.44,3.0818
NVDA,2012-08-31,14.15,14.25,13.89,14.03,3.2171
NVDA,2012-08-30,14.29,14.34,13.98,14.05,3.2217
NVDA,2012-08-29,14.28,14.41,14.25,14.32,3.2836
NVDA,2012-08-28,14.24,14.43,14.21,14.29,3.2767
AAPL,2012-08-24,659.5092,669.48,655.55,663.2192,20.1119
NVDA,2012-09-06,13.42,14.09,13.41,13.73,3.1483
NVDA,2012-09-05,13.33,13.52,13.18,13.32,3.0543
AAPL,2012-08-31,667.2512,668.6008,657.2496,665.2408,20.1732
NVDA,2012-08-27,14.59,14.6299,14.34,14.35,3.2905
AAPL,2012-08-30,670.6392,671.5492,662.8496,663.8688,20.1316
AAPL,2012-08-22,654.4188,669.0012,648.1104,668.8696,20.2833
NVDA,2012-09-07,13.38,13.49,12.95,13.4,3.0726
AAPL,2012-08-21,670.8212,674.8812,650.3308,656.0596,19.8948
AAPL,2012-08-29,675.2508,677.67,672.5992,673.47,20.4228
AAPL,2012-08-28,674.9792,676.0992,670.67,674.8,20.4631
NVDA,2012-08-24,14.31,14.67,14.28,14.6,3.3478
AAPL,2012-08-27,679.9912,680.8704,673.54,675.6792,20.4898
AAPL,2012-08-23,666.1088,669.9,661.15,662.6312,20.0941
AAPL,2012-08-09,617.8508,621.7288,617.8004,620.7292,18.8234
NVDA,2012-09-04,13.8,13.85,13.15,13.275,3.044
AAPL,2012-08-20,650.0088,665.1512,649.8996,665.1512,20.1705
AAPL,2012-08-17,639.9988,648.1888,638.8088,648.1104,19.6538
AAPL,2012-08-16,631.2096,636.7592,630.5012,636.3392,19.2968
AAPL,2012-08-15,631.2992,634.0012,627.7488,630.8288,19.1297
NVDA,2012-08-23,14.61,14.62,14.25,14.305,3.2801
AAPL,2012-08-14,631.8704,638.61,630.21,631.6912,19.1559
NVDA,2012-08-20,14.6,14.67,14.43,14.65,3.3593
AAPL,2012-08-13,623.3892,630,623.2492,630,19.1046
NVDA,2012-08-10,15.1,15.22,14.43,14.621,3.3526
NVDA,2012-08-17,14.78,14.78,14.52,14.65,3.3593
NVDA,2012-08-16,14.61,14.825,14.56,14.78,3.3891
AAPL,2012-08-10,618.7104,621.7596,618.6992,621.7008,18.8529
NVDA,2012-08-15,14.64,14.7586,14.405,14.48,3.3203
NVDA,2012-08-14,14.86,14.88,14.53,14.59,3.3455
NVDA,2012-08-13,14.64,14.82,14.58,14.81,3.3959
AAPL,2012-08-06,617.2908,624.8704,615.2608,622.5492,18.798
AAPL,2006-03-17,64.75,65.5396,64.1088,64.6604,1.9524
NVDA,2012-08-22,14.52,14.7,14.47,14.64,3.357
AAPL,2012-08-08,619.3908,623.8792,617.1004,619.8612,18.7168
NVDA,2012-08-21,14.7,14.79,14.46,14.61,3.3501
AAPL,2012-08-07,622.7704,624.9992,618.0412,620.9112,18.7485
AAPL,2012-08-03,613.6312,617.9796,611.5592,615.7004,18.5912
AAPL,2012-08-02,602.84,610.6912,600.25,607.7904,18.3523
AAPL,2012-08-01,615.9104,616.4004,602.9996,606.8104,18.3227
AAPL,2012-07-27,575.0108,585.83,571.5892,585.1608,17.669
NVDA,2012-08-09,14.25,14.74,14.23,14.71,3.373
AAPL,2012-07-31,603.2292,611.6992,602.7196,610.7612,18.442
AAPL,2012-07-30,590.9204,599.4408,587.8208,595.0308,17.967
NVDA,2012-08-03,13.65,13.86,13.33,13.72,3.146
NVDA,2012-08-02,13.32,13.64,13.1,13.44,3.0818
NVDA,2012-08-01,13.62,13.75,13.33,13.39,3.0703
NVDA,2012-08-08,14.14,14.38,14.1,14.23,3.2629
NVDA,2012-07-31,13.33,13.73,13.313,13.54,3.1047
NVDA,2012-08-07,14.18,14.3,14.07,14.15,3.2446
NVDA,2012-07-30,13.48,13.65,13.22,13.33,3.0566
AAPL,2012-07-25,574.4592,580.8012,569.9988,574.9688,17.3613
AAPL,2012-07-26,579.7596,580.4008,570.36,574.8792,17.3586
AAPL,2012-07-24,607.3788,609.6804,598.5112,600.9192,18.1448
NVDA,2012-07-27,13.2,13.52,13.1,13.475,3.0898
AAPL,2006-03-16,66.85,66.9004,64.2992,64.3104,1.9419
NVDA,2012-07-26,13.33,13.48,13.05,13.15,3.0153
AAPL,2012-07-19,611.2792,615.3504,606.0012,614.32,18.5495
AAPL,2012-07-20,613.0292,614.4404,603.6996,604.2988,18.2469
AAPL,2012-07-18,606.5892,608.3392,603.5596,606.2588,18.3061
AAPL,2012-07-17,610.7892,611.5004,603.1508,606.9392,18.3266
AAPL,2012-07-16,605.1192,611.6208,605.0212,606.9112,18.3258
NVDA,2012-08-06,13.85,14.08,13.83,14.01,3.2125
AAPL,2012-07-12,600.2388,603.47,592.6788,598.9004,18.0839
NVDA,2012-07-25,12.8,13.2211,12.74,13.09,3.0015
AAPL,2012-07-13,602.9492,607.1912,600.0008,604.9708,18.2672
NVDA,2012-07-24,13,13.08,12.685,12.84,2.9442
AAPL,2012-07-23,594.4008,605.9004,587.7088,603.8312,18.2328
NVDA,2012-07-23,12.47,13.0685,12.33,12.98,2.9763
NVDA,2012-07-13,12.41,12.615,12.33,12.555,2.8789
NVDA,2012-07-19,13.15,13.36,13.06,13.185,3.0233
AAPL,2006-03-15,67.7096,68.04,65.52,66.2312,1.9999
AAPL,2012-07-09,605.3012,613.9,604.1112,613.8888,18.5365
NVDA,2012-07-12,12.47,12.49,12.285,12.4,2.8433
NVDA,2012-07-11,12.86,13.02,12.55,12.61,2.8915
AAPL,2012-06-28,571.6704,574,565.6112,569.0496,17.1825
NVDA,2012-07-10,13.08,13.47,12.72,12.82,2.9396
NVDA,2012-07-20,13.11,13.2,12.67,12.805,2.9362
NVDA,2012-07-18,12.34,13.24,12.28,13.06,2.9947
NVDA,2012-07-17,12.64,12.71,12.16,12.37,2.8364
AAPL,2012-07-03,594.8796,600.0008,594.0004,599.41,18.0993
AAPL,2012-07-06,607.0904,608.44,601.58,605.8808,18.2947
NVDA,2012-07-16,12.48,12.7,12.36,12.595,2.888
AAPL,2012-07-05,600.5608,614.3396,599.6508,609.9408,18.4172
AAPL,2012-07-02,584.7296,593.4712,583.6012,592.5192,17.8912
AAPL,2012-07-11,606.1188,607.6588,597.2204,604.4304,18.2509
AAPL,2012-07-10,617.9712,619.8696,605.3096,608.2104,18.365
AAPL,2012-06-29,578.0012,583.9988,574.2492,583.9988,17.6339
NVDA,2012-07-03,13.45,13.83,13.44,13.8,3.1643
NVDA,2012-07-02,13.89,13.9,13.3401,13.445,3.0829
AAPL,2012-06-27,574.9996,576.7412,571.9196,574.5012,17.3471
NVDA,2012-07-09,13.32,13.38,13.11,13.22,3.0314
NVDA,2012-07-05,13.71,13.77,13.45,13.66,3.1322
AAPL,2012-06-26,571.3288,574.49,567.3304,572.0288,17.2725
AAPL,2012-06-18,570.9592,587.8908,570.3712,585.7796,17.6877
AAPL,2012-06-25,577.3012,579.7988,570.3712,570.7688,17.2344
NVDA,2012-06-29,13.55,13.85,13.54,13.82,3.1689
AAPL,2012-06-22,579.04,582.19,575.4196,582.1004,17.5766
AAPL,2012-06-15,571.0012,574.6188,569.5508,574.1288,17.3359
NVDA,2012-06-28,13.02,13.32,12.91,13.24,3.0359
AAPL,2012-06-14,571.2392,573.4988,567.2604,571.5304,17.2574
NVDA,2012-06-26,12.66,12.82,12.48,12.73,2.919
NVDA,2012-07-06,13.56,13.6,13.25,13.4,3.0726
NVDA,2012-06-21,13.44,13.44,12.81,12.835,2.9431
AAPL,2012-06-21,585.4408,588.2212,577.4412,577.6708,17.4429
NVDA,2012-06-25,13.01,13.05,12.54,12.59,2.8869
NVDA,2012-06-27,12.74,13.23,12.74,13.14,3.013
NVDA,2012-06-22,13,13.15,12.82,12.995,2.9798
NVDA,2012-06-20,13.37,13.7,13.29,13.45,3.0841
NVDA,2012-06-19,12.91,13.43,12.85,13.235,3.0348
NVDA,2012-06-18,12.2,12.5,12.1,12.4,2.8433
AAPL,2012-06-12,574.4592,576.6208,566.7004,576.1588,17.3972
AAPL,2012-06-20,588.21,589.2488,580.8012,585.7404,17.6865
AAPL,2012-06-11,587.72,588.5012,570.6288,571.1692,17.2465
AAPL,2012-06-13,574.5208,578.48,570.3796,572.1604,17.2765
AAPL,2012-06-19,583.3996,589.9992,583.1,587.4092,17.7369
AAPL,2012-06-07,577.29,577.3208,570.5,571.7208,17.2632
NVDA,2012-06-15,12.12,12.3,12.01,12.29,2.8181
NVDA,2012-06-13,12.5,12.53,12.12,12.18,2.7929
AAPL,2012-06-08,571.6004,580.58,568.9992,580.3196,17.5228
NVDA,2012-06-14,12.16,12.26,11.91,12.03,2.7585
NVDA,2012-06-08,11.93,12.16,11.91,12.12,2.7791
AAPL,2012-06-06,567.77,573.8488,565.4992,571.4604,17.2553
AAPL,2012-05-30,569.2008,579.9892,566.5604,579.1688,17.4881
AAPL,2012-06-05,561.2712,566.4708,558.3312,562.8308,16.9948
AAPL,2012-06-04,561.5008,567.5012,548.5004,564.2896,17.0388
AAPL,2012-05-25,564.5892,565.8492,558.4712,562.2904,16.9784
AAPL,2012-06-01,569.1588,572.6504,560.5208,560.9912,16.9392
NVDA,2012-06-01,12.17,12.29,11.96,11.98,2.747
AAPL,2012-05-24,575.8704,576.5004,561.2292,565.32,17.0699
NVDA,2012-05-31,12.57,12.62,12.27,12.43,2.8502
NVDA,2012-06-07,12.57,12.64,11.88,11.89,2.7264
AAPL,2012-05-31,580.7396,581.5012,571.4604,577.7296,17.4446
NVDA,2012-06-12,12.4,12.63,12.38,12.51,2.8685
NVDA,2012-06-06,12.16,12.42,12.07,12.39,2.841
NVDA,2012-06-05,11.67,12.1,11.67,12.065,2.7665
AAPL,2012-05-23,557.4996,572.7988,553.2296,570.5588,17.2281
NVDA,2012-06-11,12.51,12.73,12.23,12.26,2.8112
NVDA,2012-06-04,12.04,12.11,11.63,11.73,2.6897
AAPL,2012-05-17,545.3112,547.5008,530.1212,530.1212,16.0071
AAPL,2012-05-29,570.9004,574,565.3088,572.2696,17.2798
NVDA,2012-05-30,12.58,12.67,12.35,12.57,2.8823
AAPL,2012-05-16,554.05,556.8892,541.0412,546.0812,16.489
AAPL,2012-05-22,569.5508,573.8796,552.58,556.9704,16.8178
AAPL,2012-05-21,534.5004,561.54,534.0496,561.2796,16.9479
NVDA,2012-05-29,12.6,12.8,12.55,12.72,2.9167
NVDA,2012-05-21,12.1,12.35,12.015,12.29,2.8181
NVDA,2012-05-22,12.28,12.3,11.96,12.14,2.7837
NVDA,2012-05-25,12.1,12.5,12.1,12.4,2.8433
AAPL,2012-05-14,562.5704,567.5096,557.6004,558.2192,16.8555
NVDA,2012-05-18,12.68,12.74,12.02,12.08,2.7699
AAPL,2012-05-18,533.96,543.41,522.1804,530.3788,16.0149
NVDA,2012-05-15,13.13,13.42,12.94,13,2.9809
NVDA,2012-05-24,12.51,12.53,12.02,12.11,2.7768
NVDA,2012-05-17,12.79,12.91,12.65,12.65,2.9006
AAPL,2012-05-15,561.4504,563.22,551.7512,553.1708,16.7031
AAPL,2012-05-11,565.0008,574.4704,564.3512,566.7088,17.1119
AAPL,2012-05-10,574.5796,575.8788,568.4392,570.5196,17.2269
AAPL,2012-05-08,569.5788,571.4996,558.7288,568.1788,17.1562
AAPL,2012-05-07,561.5008,572.7708,561.2292,569.4808,17.1956
NVDA,2006-03-24,50.3804,52.04,50.2968,51.95,3.9707
AAPL,2012-05-04,577.08,578.3596,565.1688,565.25,17.0678
NVDA,2012-05-16,13.02,13.17,12.7,12.735,2.9201
NVDA,2012-05-23,12.01,12.46,11.825,12.44,2.8525
NVDA,2012-05-09,12.24,12.61,12.12,12.51,2.8685
AAPL,2012-05-09,563.6988,573.9804,560.8512,569.1812,17.1865
AAPL,2012-05-03,590.5004,591.3992,580.3,581.8204,17.5682
AAPL,2012-05-02,580.2412,587.4008,578.8608,585.9812,17.6938
NVDA,2012-05-14,13.1,13.33,12.83,13.13,3.0107
NVDA,2012-05-07,12.48,12.69,12.37,12.47,2.8594
NVDA,2012-05-11,13.45,13.68,13.16,13.21,3.0291
NVDA,2012-05-10,12.63,12.65,12.22,12.42,2.8479
AAPL,2012-05-01,584.9004,596.7612,581.2296,582.1312,17.5775
NVDA,2012-04-02,15.36,15.4899,15.111,15.33,3.5152
NVDA,2012-04-10,14.38,14.58,14.09,14.16,3.2469
NVDA,2012-04-09,14.4,14.49,14.16,14.44,3.3111
AAPL,2012-03-30,608.7704,610.5596,597.94,599.55,18.1035
NVDA,2012-05-08,12.36,12.54,12.14,12.46,2.8571
AAPL,2012-04-30,597.8,598.3992,582.9992,583.9792,17.6333
NVDA,2012-05-04,12.55,12.62,12.26,12.26,2.8112
NVDA,2012-04-05,14.67,14.85,14.58,14.63,3.3547
AAPL,2012-03-26,599.7908,607.1492,595.2604,606.9812,18.3279
NVDA,2012-04-11,14.35,14.65,14.3,14.34,3.2882
AAPL,2012-03-23,600.4908,601.8012,594.4008,596.05,17.9978
NVDA,2012-04-04,14.85,15.04,14.56,14.65,3.3593
NVDA,2012-04-03,15.44,15.4576,15,15.08,3.4578
AAPL,2012-03-29,612.78,616.56,607.2304,609.8596,18.4148
AAPL,2012-03-28,618.38,621.4488,610.3104,617.6212,18.6492
AAPL,2012-03-19,598.3712,601.7704,589.05,601.1012,18.1503
AAPL,2012-03-27,606.1804,616.28,606.06,614.4796,18.5543
AAPL,2012-03-16,584.7212,589.2012,578.0012,585.5696,17.6814
AAPL,2012-03-22,597.7804,604.5004,595.5292,599.34,18.0972
NVDA,2012-03-29,15.14,15.35,14.95,15.23,3.4922
AAPL,2012-03-21,602.7392,609.6496,601.4092,602.5012,18.1926
AAPL,2012-03-20,599.5108,606.9,591.4804,605.9592,18.297
NVDA,2012-03-22,14.35,14.56,14.31,14.44,3.3111
NVDA,2012-03-28,15.01,15.36,14.9,15.16,3.4762
NVDA,2012-03-30,15.36,15.49,15.14,15.395,3.5301
NVDA,2012-03-27,14.78,15,14.75,14.82,3.3982
NVDA,2012-03-21,14.4,14.59,14.24,14.46,3.3157
NVDA,2012-03-20,14.56,14.56,14.27,14.4,3.3019
AAPL,2012-03-15,599.6088,600.0092,578.55,585.5612,17.6811
AAPL,2012-03-14,578.0488,594.72,575.4,589.5792,17.8024
NVDA,2012-03-26,14.69,14.79,14.55,14.72,3.3753
AAPL,2012-03-13,557.5388,568.1788,555.7496,568.1004,17.1539
NVDA,2012-03-19,14.68,14.75,14.57,14.64,3.357
AAPL,2012-03-08,534.6908,542.99,532.1204,541.9904,16.3655
AAPL,2012-03-07,536.7992,537.7792,523.3004,530.6896,16.0242
AAPL,2012-03-06,523.6588,533.6912,516.2192,530.2612,16.0113
NVDA,2012-03-16,14.59,14.66,14.51,14.6,3.3478
NVDA,2012-03-23,14.4,14.59,14.3,14.545,3.3352
AAPL,2012-03-05,545.4204,547.4812,525.9996,533.1592,16.0988
AAPL,2012-03-12,548.9792,552.0004,546.9996,552.0004,16.6677
NVDA,2012-03-12,14.88,14.98,14.55,14.585,3.3443
AAPL,2012-03-09,544.2108,547.7388,543.1104,545.1712,16.4615
NVDA,2012-03-15,14.41,14.66,14.36,14.58,3.3432
NVDA,2012-03-14,14.79,14.815,14.32,14.365,3.2939
NVDA,2012-03-13,14.65,14.87,14.58,14.79,3.3914
NVDA,2012-03-09,14.9,15.01,14.74,14.82,3.3982
AAPL,2012-02-27,521.3096,528.5,516.2808,525.7588,15.8754
AAPL,2012-03-02,544.2388,546.8008,542.5196,545.1796,16.4618
AAPL,2012-02-24,519.6688,522.9,518.6412,522.41,15.7742
AAPL,2012-02-17,503.1096,507.7688,500.3012,502.1212,15.1616
NVDA,2012-02-28,15.47,15.65,15.17,15.33,3.5152
NVDA,2012-03-08,14.85,15.01,14.772,14.855,3.4063
NVDA,2012-03-07,14.8,14.87,14.6,14.81,3.3959
AAPL,2012-02-23,515.0796,517.8292,509.4992,516.39,15.5925
AAPL,2012-02-22,513.0804,515.4912,509.0708,513.0412,15.4914
NVDA,2012-03-06,14.69,14.81,14.46,14.72,3.3753
AAPL,2012-02-21,506.8812,514.85,504.1204,514.85,15.546
AAPL,2012-03-01,548.17,548.2092,538.7704,544.4712,16.4404
AAPL,2012-02-29,541.5592,547.61,535.6988,542.4412,16.3791
AAPL,2012-02-28,527.9596,535.4104,525.8512,535.4104,16.1668
NVDA,2012-03-05,15.27,15.3,14.75,14.86,3.4074
NVDA,2012-03-02,15.2,15.6,15.2,15.38,3.5266
AAPL,2012-02-13,499.5312,503.8292,497.0896,502.6,15.1761
NVDA,2012-03-01,15.21,15.43,15.15,15.25,3.4968
NVDA,2012-02-29,15.38,15.64,15.14,15.15,3.4739
NVDA,2012-02-27,15.59,15.66,15.245,15.47,3.5473
NVDA,2012-02-17,16.458,16.57,15.7,15.85,3.6344
NVDA,2012-02-24,15.96,15.98,15.72,15.79,3.6207
AAPL,2012-02-16,491.5008,504.8904,486.6288,502.2108,15.1643
NVDA,2012-02-22,15.85,16.24,15.8,15.82,3.6275
NVDA,2012-02-23,15.85,16,15.6,15.91,3.6482
NVDA,2012-02-21,15.84,16.32,15.81,15.925,3.6516
AAPL,2012-02-15,514.2592,526.2908,496.8908,497.6692,15.0272
AAPL,2012-02-14,504.6608,509.5608,502.0008,509.46,15.3832
NVDA,2012-02-10,16.14,16.2,15.81,15.895,3.6447
NVDA,2012-02-16,15.06,16.58,15,16.45,3.772
NVDA,2012-02-15,16.39,16.9,16.13,16.17,3.7078
NVDA,2012-02-14,16.15,16.38,16.01,16.24,3.7238
AAPL,2012-02-10,490.9604,497.6188,488.5496,493.4188,14.8989
NVDA,2012-02-13,16.3,16.36,15.82,16.15,3.7032
AAPL,2012-02-03,457.2988,460.0008,455.56,459.6788,13.8801
NVDA,2012-02-09,16.51,16.5985,16.27,16.3,3.7376
AAPL,2012-02-02,455.8988,457.17,453.9808,455.1204,13.7424
AAPL,2012-02-09,480.76,496.7508,480.5612,493.1696,14.8913
NVDA,2012-02-08,15.74,16.62,15.66,16.31,3.7399
NVDA,2012-02-07,15.72,15.83,15.46,15.74,3.6092
AAPL,2012-02-01,458.4104,458.99,455.5488,456.19,13.7747
NVDA,2012-02-06,15.74,15.76,15.56,15.695,3.5989
AAPL,2012-01-31,455.5908,458.2396,453.0708,456.4812,13.7835
AAPL,2012-02-08,470.5008,476.7896,469.7,476.6804,14.3934
AAPL,2012-01-30,445.7096,453.8996,445.3904,453.0092,13.6787
AAPL,2012-02-07,465.2508,469.7504,464.5788,468.8292,14.1564
AAPL,2012-02-06,458.3796,464.9792,458.2004,463.9712,14.0097
AAPL,2012-01-27,444.3404,448.4788,443.7692,447.2804,13.5057
AAPL,2012-01-26,448.3612,448.7896,443.1392,444.6288,13.4256
AAPL,2012-01-25,454.44,454.4512,443.73,446.6588,13.4869
NVDA,2012-02-03,15.72,15.95,15.69,15.82,3.6275
AAPL,2012-01-24,425.0988,425.0988,419.5492,420.4088,12.6943
AAPL,2012-01-23,422.6712,428.4504,422.2988,427.4088,12.9057
NVDA,2012-02-02,15.01,15.55,14.86,15.485,3.5507
NVDA,2012-01-27,14.62,14.99,14.5,14.91,3.4189
NVDA,2012-02-01,14.94,15.1,14.73,14.93,3.4235
NVDA,2012-01-26,15.07,15.24,14.63,14.71,3.373
AAPL,2012-01-19,430.15,431.3708,426.51,427.7504,12.916
NVDA,2012-01-25,14.54,14.89,14.12,14.85,3.4051
NVDA,2012-01-20,14.33,14.5,14.17,14.22,3.2607
NVDA,2012-01-31,14.84,14.85,14.51,14.77,3.3868
AAPL,2012-01-12,422.2792,422.9008,418.7512,421.3888,12.7239
NVDA,2012-01-24,14.51,15,14.5,14.94,3.4257
AAPL,2012-01-18,426.9608,429.4696,426.3,429.1112,12.9571
AAPL,2012-01-17,424.2,425.9892,422.9596,424.7012,12.8239
NVDA,2012-01-23,14.23,14.62,14.05,14.61,3.3501
NVDA,2012-01-30,14.65,14.87,14.43,14.8,3.3936
AAPL,2012-01-11,422.6796,422.8504,419.3112,422.5508,12.759
AAPL,2012-01-20,427.49,427.5012,419.7508,420.2996,12.691
NVDA,2012-01-18,13.78,14.09,13.705,13.98,3.2056
AAPL,2012-01-10,425.9108,426.0004,421.5008,423.2396,12.7798
AAPL,2012-01-13,419.7004,420.4508,418.6588,419.8096,12.6762
NVDA,2012-01-17,13.94,13.94,13.5,13.52,3.1001
AAPL,2012-01-05,414.9488,418.5496,412.6696,418.0288,12.6224
NVDA,2012-01-10,14.76,14.77,14.38,14.48,3.3203
AAPL,2012-01-03,409.3992,412.4988,408.9988,411.2304,12.4172
NVDA,2012-01-09,14.55,14.82,14.44,14.54,3.334
AAPL,2012-01-09,425.4992,427.7504,421.3496,421.7304,12.7342
AAPL,2012-01-06,419.7704,422.7496,419.2188,422.3996,12.7544
NVDA,2012-01-19,14.1,14.37,13.9502,14.35,3.2905
NVDA,2012-01-13,14,14.03,13.66,13.73,3.1483
NVDA,2012-01-12,14.22,14.23,13.79,14.1,3.2331
AAPL,2011-12-23,399.6888,403.5892,399.49,403.3288,12.1786
AAPL,2011-12-22,397.0008,399.1288,396.0992,398.5492,12.0343
AAPL,2011-12-21,396.69,397.3004,392.0112,396.4492,11.9708
NVDA,2012-01-04,14.05,14.26,13.92,14.2,3.2561
AAPL,2006-03-14,65.7692,67.3204,65.5004,67.3204,2.0327
NVDA,2012-01-06,14.7,14.71,14.37,14.54,3.334
AAPL,2011-12-30,403.5108,406.28,403.4912,405.0004,12.229
AAPL,2011-12-29,403.3988,405.65,400.5092,405.1208,12.2327
NVDA,2012-01-05,14.13,14.78,14.07,14.71,3.373
NVDA,2012-01-11,14.35,14.48,14.13,14.19,3.2538
AAPL,2011-12-28,406.8904,408.2512,401.3408,402.64,12.1578
NVDA,2012-01-03,14.3,14.4,14.01,14.04,3.2194
AAPL,2012-01-04,410.0012,414.68,409.2788,413.4396,12.4839
NVDA,2011-12-28,14.06,14.088,13.7,13.71,3.1437
AAPL,2011-12-20,387.7608,396.0992,387.2596,395.9508,11.9558
NVDA,2011-12-30,13.92,14.07,13.84,13.86,3.1781
NVDA,2011-12-29,13.85,14,13.65,13.97,3.2033
AAPL,2011-12-27,403.0992,409.0912,403.0208,406.5292,12.2752
AAPL,2011-12-19,382.4688,384.8488,380.4808,382.2112,11.5409
NVDA,2011-12-27,14.11,14.28,14.02,14.06,3.224
NVDA,2011-12-23,14.38,14.4,14.05,14.17,3.2492
AAPL,2011-12-13,392.9996,395.3992,387.1,388.8108,11.7402
AAPL,2011-12-12,391.6808,393.9012,389.4492,391.8404,11.8317
NVDA,2011-12-22,13.76,14.35,13.76,14.305,3.2801
NVDA,2011-12-14,14.01,14.09,13.43,13.58,3.1139
NVDA,2011-12-21,13.82,13.97,13.45,13.72,3.146
AAPL,2011-12-16,380.3604,384.1488,379.5708,381.0212,11.505
AAPL,2011-12-15,383.3312,383.74,378.3108,378.9408,11.4422
AAPL,2011-12-09,392.8512,394.0412,391.0312,393.6212,11.8854
AAPL,2011-12-08,391.4512,395.5,390.2304,390.6588,11.796
AAPL,2011-12-07,389.9308,390.9388,386.7612,389.0908,11.7487
NVDA,2011-12-19,13.57,13.73,13.11,13.155,3.0164
AAPL,2011-12-14,386.6996,387.38,377.6808,380.1896,11.4799
NVDA,2006-03-23,49.5,50.45,48.9404,50.25,3.8408
NVDA,2011-12-20,13.46,13.95,13.46,13.9,3.1873
NVDA,2011-12-16,13.57,13.83,13.45,13.51,3.0978
NVDA,2011-12-13,14.72,14.9,14.04,14.13,3.24
NVDA,2011-12-12,14.58,14.64,14.26,14.53,3.3317
AAPL,2011-12-05,393.4896,396.41,390.39,393.0108,11.867
AAPL,2011-11-30,381.29,382.2812,378.2996,382.2,11.5406
NVDA,2011-12-06,15.57,15.5996,15.1,15.26,3.4991
AAPL,2011-12-06,392.5096,394.6292,389.3792,390.95,11.8048
NVDA,2011-12-15,13.81,13.9,13.43,13.46,3.0864
AAPL,2011-11-29,375.8412,378.8288,370.1992,373.2008,11.2689
AAPL,2011-11-21,370.4008,371.6804,365.9096,369.0092,11.1423
NVDA,2011-12-02,15.99,16.05,15.57,15.72,3.6046
NVDA,2011-12-09,14.58,15.02,14.375,14.9,3.4166
NVDA,2011-12-08,15.02,15.27,14.64,14.69,3.3684
NVDA,2011-12-07,15.16,15.28,14.85,15.17,3.4785
AAPL,2011-12-02,389.83,393.6296,388.5812,389.7012,11.7671
AAPL,2011-12-01,382.5388,389.0012,380.7496,387.9288,11.7136
AAPL,2011-11-28,372.3496,376.7204,370.3308,376.1212,11.357
AAPL,2011-11-25,368.4212,371.1512,363.3196,363.5688,10.978
NVDA,2011-11-25,14.25,14.58,14,14.04,3.2194
NVDA,2011-11-23,14.92,15.03,14.43,14.44,3.3111
NVDA,2011-11-22,14.79,15.16,14.705,15.08,3.4578
AAPL,2011-11-17,383.9808,384.58,375.4996,377.4092,11.3959
AAPL,2011-11-16,389.2504,391.1404,384.3196,384.7704,11.6182
NVDA,2011-12-01,15.5,15.86,15.43,15.82,3.6275
NVDA,2011-11-30,15.36,15.67,15.23,15.63,3.584
NVDA,2011-12-05,15.98,16,15.35,15.48,3.5496
AAPL,2011-11-23,374.5112,375.8412,366.8812,366.9904,11.0813
AAPL,2011-11-22,371.0196,377.93,370.9412,376.5104,11.3688
AAPL,2011-11-10,397.0288,397.2108,382.1496,385.2212,11.6318
NVDA,2011-11-29,14.81,15.1,14.67,14.91,3.4189
NVDA,2011-11-28,14.5,15.05,14.5,14.83,3.4005
AAPL,2011-11-15,380.8,389.4996,379.4504,388.8304,11.7408
NVDA,2011-11-21,13.71,14.77,13.5,14.63,3.3547
AAPL,2011-11-08,402.2088,407.9992,401.5592,406.2296,12.2662
AAPL,2011-11-18,378.9212,379.9908,374.8808,374.9396,11.3214
AAPL,2011-11-09,396.97,400.89,394.2288,395.2788,11.9355
NVDA,2011-11-18,14.14,14.14,13.775,13.93,3.1942
AAPL,2006-03-13,65.0496,66.2788,64.7892,65.6796,1.9832
NVDA,2011-11-14,14.98,15.13,14.65,14.69,3.3684
AAPL,2011-11-14,383.5188,385.2492,378.1988,379.26,11.4518
NVDA,2011-11-17,14.55,14.59,13.8,14.06,3.224
AAPL,2011-11-11,386.61,388.6988,380.2596,384.6192,11.6136
NVDA,2006-03-22,49.5,49.74,48.2204,49.3304,3.7705
NVDA,2011-11-11,14.88,15.1,14.07,14.98,3.4349
AAPL,2011-11-04,402.0296,403.4408,399.1596,400.2404,12.0853
AAPL,2011-11-07,399.91,399.9996,396.13,399.7308,12.0699
NVDA,2011-11-16,14.6,14.99,14.53,14.58,3.3432
NVDA,2011-11-10,14.67,14.82,14.11,14.47,3.318
AAPL,2011-10-31,402.4188,409.3292,401.0496,404.7792,12.2224
NVDA,2011-11-15,14.55,14.985,14.51,14.88,3.412
AAPL,2011-10-28,403.0012,406.35,402.5112,404.95,12.2275
AAPL,2011-11-03,399.07,403.3988,395.36,403.0712,12.1708
NVDA,2011-11-08,14.93,15.17,14.6901,15.08,3.4578
NVDA,2011-11-09,14.73,14.92,14.26,14.32,3.2836
NVDA,2011-10-31,15.1,15.19,14.8,14.8,3.3936
AAPL,2011-11-02,400.0892,400.4392,395.1108,397.4096,11.9998
AAPL,2011-11-01,397.4096,399.5012,393.2208,396.5108,11.9727
NVDA,2011-11-07,14.71,14.96,14.4,14.74,3.3799
NVDA,2011-10-24,14.54,15.25,14.51,15.02,3.4441
AAPL,2011-10-27,407.5596,408.9988,401.8896,404.6896,12.2197
AAPL,2011-10-26,401.7608,402.5504,393.1508,400.5988,12.0961
AAPL,2011-10-25,405.0312,406.5488,397.3788,397.7708,12.0107
NVDA,2011-11-04,14.52,14.87,14.29,14.82,3.3982
NVDA,2011-11-03,13.97,14.68,13.6,14.65,3.3593
AAPL,2011-10-24,396.1804,406.5012,395.3992,405.7704,12.2523
NVDA,2011-11-02,14.2,14.27,13.53,13.815,3.1678
NVDA,2011-11-01,14.26,14.3,13.92,14.06,3.224
NVDA,2011-10-28,15.12,15.74,15.08,15.6,3.5771
AAPL,2011-10-10,379.0892,388.8108,378.21,388.8108,11.7402
NVDA,2011-10-20,14.76,14.82,13.84,14.41,3.3042
NVDA,2011-10-19,15.5,15.77,15.125,15.17,3.4785
AAPL,2011-10-17,421.7388,426.7004,415.94,419.9888,12.6816
AAPL,2011-10-21,398.1012,399.14,390.7512,392.8708,11.8628
NVDA,2011-10-27,15.16,15.4,14.82,15.25,3.4968
NVDA,2011-10-18,14.86,15.52,14.77,15.48,3.5496
NVDA,2011-10-26,14.73,14.81,14.2,14.62,3.3524
AAPL,2011-10-14,416.8304,421.9992,415.2708,421.9992,12.7423
AAPL,2011-10-20,399.9996,400.3496,394.2092,395.3096,11.9364
NVDA,2011-10-25,14.81,14.93,14.42,14.45,3.3134
AAPL,2011-10-19,401.3492,408.4192,397.7988,398.6192,12.0364
AAPL,2011-10-13,404.9808,408.4304,402.85,408.4304,12.3326
AAPL,2011-10-18,421.7612,424.8104,415.9904,422.24,12.7496
AAPL,2011-10-12,407.3412,409.2508,400.1396,402.1892,12.1442
AAPL,2011-10-11,392.5712,403.1804,391.4988,400.2908,12.0868
NVDA,2011-10-13,14.54,15.49,14.5,15.46,3.545
AAPL,2011-10-06,373.3296,384.7788,371.8008,377.37,11.3947
NVDA,2011-10-21,14.59,14.83,14.24,14.48,3.3203
NVDA,2011-10-12,14.9,14.91,14.6,14.61,3.3501
NVDA,2011-10-11,14.66,14.9,14.57,14.62,3.3524
AAPL,2011-10-05,367.8612,379.82,360.3012,378.2492,11.4213
NVDA,2011-10-17,15.54,15.54,14.86,14.94,3.4257
AAPL,2011-10-04,374.57,381.7996,354.2392,372.5008,11.2477
AAPL,2011-09-28,400.19,403.7404,396.5108,397.0092,11.9877
AAPL,2011-09-27,408.73,409.2508,398.0592,399.2604,12.0557
NVDA,2011-10-10,14.39,14.78,14.36,14.78,3.3891
AAPL,2011-10-03,380.3688,382.6396,373.17,374.6008,11.3111
AAPL,2011-09-26,399.8596,403.9812,391.3,403.1692,12.1738
NVDA,2011-10-07,13.95,14.36,13.66,14.15,3.2446
NVDA,2011-10-06,13.43,13.93,13.41,13.89,3.185
NVDA,2011-10-05,12.87,13.48,12.61,13.36,3.0635
NVDA,2011-10-14,15.73,15.89,15.34,15.72,3.6046
AAPL,2011-10-07,375.7796,377.7396,368.4912,369.7988,11.1661
AAPL,2011-09-30,387.1196,388.8892,381.1808,381.3208,11.514
NVDA,2011-09-30,12.88,12.95,12.49,12.51,2.8685
NVDA,2011-09-29,13.66,13.89,12.75,13.09,3.0015
AAPL,2011-09-23,400.2796,406.7392,399.8512,404.3004,12.2079
AAPL,2011-09-22,401.03,409.8192,396.7012,401.8196,12.133
NVDA,2011-09-28,13.87,14.22,13.2,13.42,3.0772
NVDA,2011-09-27,14.17,14.29,13.73,13.84,3.1735
AAPL,2011-09-21,419.6388,421.5904,412.0004,412.1404,12.4446
AAPL,2011-09-20,415.2512,422.8588,411.1912,413.4508,12.4842
NVDA,2011-09-26,13.96,14,13.2,13.82,3.1689
NVDA,2011-10-04,11.515,12.9,11.47,12.9,2.958
AAPL,2011-09-29,401.9204,402.2088,386.2096,390.5692,11.7933
AAPL,2011-09-15,391.4288,393.6604,389.9,392.9604,11.8655
NVDA,2011-10-03,12.35,12.74,11.81,11.81,2.708
AAPL,2011-09-16,395.5392,400.5008,395.0296,400.5008,12.0932
AAPL,2011-09-14,387.0188,392.21,385.7588,389.3008,11.755
AAPL,2011-09-13,382.1412,386.2096,380.2512,384.6192,11.6136
AAPL,2011-09-19,397.0008,413.2296,395.2004,411.6308,12.4293
AAPL,2011-09-12,372.9992,380.8812,371.8988,379.9404,11.4724
NVDA,2011-09-19,15.2,15.31,14.75,15.14,3.4716
NVDA,2011-09-23,13.43,14.18,13.35,13.79,3.1621
NVDA,2011-09-22,13.9,13.92,13.25,13.51,3.0978
NVDA,2011-09-21,14.83,15.085,14.46,14.465,3.3168
NVDA,2011-09-20,15.33,15.39,14.68,14.75,3.3822
NVDA,2011-09-15,15.62,15.7,15.36,15.495,3.553
NVDA,2011-09-16,15.53,16.1,15.38,15.46,3.545
NVDA,2011-09-14,14.91,15.47,14.9,15.28,3.5037
AAPL,2011-09-09,383.9304,385.9996,375.0208,377.4792,11.398
AAPL,2011-09-08,382.3988,388.6092,382.3092,384.1404,11.5992
AAPL,2011-09-02,374.7408,378,371.8288,374.0492,11.2945
NVDA,2011-09-06,12.5,13.21,12.38,13.18,3.0222
AAPL,2011-08-31,390.5692,392.0812,381.8612,384.8292,11.62
AAPL,2011-09-01,385.8204,387.3408,380.7188,381.0296,11.5052
AAPL,2011-08-30,388.2508,391.8404,386.2096,389.9896,11.7758
AAPL,2011-08-29,388.1808,391.4988,387.9988,389.97,11.7752
AAPL,2011-09-07,385.56,385.5992,382.0012,383.9304,11.5928
NVDA,2011-09-13,14.33,14.6,14.11,14.53,3.3317
AAPL,2011-09-06,367.3712,380.3296,366.4808,379.7388,11.4663
NVDA,2011-09-12,13.69,14.33,13.69,14.21,3.2584
NVDA,2011-09-02,12.98,13.16,12.82,12.92,2.9626
AAPL,2011-08-22,364.5096,364.8792,355.0904,356.44,10.7628
NVDA,2011-08-26,12.43,13.14,12.21,13.01,2.9832
AAPL,2011-08-26,371.1708,383.7988,370.8012,383.5804,11.5823
NVDA,2011-09-09,14.06,14.44,13.76,13.88,3.1827
NVDA,2011-09-08,14.11,14.45,13.95,14.18,3.2515
NVDA,2011-09-07,14.25,14.64,13.86,14.25,3.2675
NVDA,2011-08-25,12.78,13.01,12.46,12.48,2.8617
NVDA,2011-08-24,13.2,13.24,12.7,13.04,2.9901
AAPL,2011-08-12,378.07,379.6408,374.2312,376.9892,11.3832
NVDA,2011-08-23,12.23,13.24,12.21,13.23,3.0336
NVDA,2011-09-01,13.49,13.78,13.27,13.28,3.0451
NVDA,2011-08-22,12.058,12.2,11.805,11.94,2.7378
AAPL,2011-08-19,362.1688,366.9988,356.0004,356.0312,10.7504
NVDA,2011-08-31,13.78,13.92,13.2,13.31,3.052
AAPL,2011-08-25,365.0808,375.4492,364.9996,373.7188,11.2845
NVDA,2011-08-30,13.27,13.79,13.18,13.68,3.1368
AAPL,2011-08-24,373.4696,378.9604,370.5996,376.18,11.3588
AAPL,2011-08-23,360.3012,373.6404,357,373.6012,11.2809
AAPL,2011-08-17,382.3092,384.5212,378,380.4388,11.4874
AAPL,2011-08-18,370.8404,372.6492,361.3708,366.0496,11.0529
AAPL,2011-08-16,381.5196,383.3704,376.0596,380.4808,11.4887
NVDA,2011-08-29,13.38,13.41,13.07,13.36,3.0635
NVDA,2011-08-17,13.03,13.25,12.64,12.81,2.9373
AAPL,2011-08-15,379.6296,384.9692,378.0896,383.4096,11.5771
AAPL,2011-08-05,380.4388,383.4992,362.5692,373.6208,11.2815
NVDA,2011-08-16,13.22,13.4,12.75,12.99,2.9786
NVDA,2011-08-18,12.23,12.35,11.8,11.94,2.7378
AAPL,2011-08-10,371.1512,374.6512,362.4992,363.6892,10.9816
AAPL,2011-08-11,370.5212,375.4492,364.7196,373.6992,11.2839
AAPL,2011-08-04,389.41,391.3196,377.3504,377.37,11.3947
AAPL,2011-08-03,390.9808,393.5512,382.2392,392.5712,11.8537
AAPL,2011-08-02,397.6504,397.8996,388.3488,388.9088,11.7432
AAPL,2011-08-09,361.3008,374.6092,355.0008,374.01,11.2933
NVDA,2011-08-15,13.01,13.4,12.94,13.37,3.0657
AAPL,2011-08-08,361.69,367.7688,353.0212,353.2088,10.6652
AAPL,2011-08-01,397.7792,399.5012,392.3696,396.7488,11.9799
NVDA,2011-08-12,14.84,14.86,12.67,12.88,2.9534
NVDA,2011-08-10,12.55,12.91,12.27,12.34,2.8296
NVDA,2011-08-11,12.34,13.59,12.34,13.41,3.0749
NVDA,2011-08-19,11.74,12.3916,11.65,11.73,2.6897
AAPL,2011-07-20,396.1188,396.27,385.9996,386.9012,11.6825
NVDA,2011-08-05,13.71,13.88,12.6,12.95,2.9694
NVDA,2011-08-03,14.45,14.86,14.31,14.81,3.3959
NVDA,2011-08-04,14.54,14.54,13.4,13.4,3.0726
NVDA,2011-08-02,14.47,15.38,14.42,14.42,3.3065
AAPL,2011-07-27,400.5904,402.64,392.1512,392.5908,11.8543
NVDA,2011-08-01,14.15,14.61,14.03,14.57,3.3409
AAPL,2011-07-26,399.9996,404.4992,399.6804,403.41,12.181
AAPL,2011-07-28,391.6192,396.9896,388.1304,391.8208,11.8311
AAPL,2011-07-25,390.3508,399.9996,389.62,398.4988,12.0327
NVDA,2011-07-29,13.69,13.96,13.62,13.83,3.1712
NVDA,2011-08-09,12.16,12.95,12,12.93,2.9649
AAPL,2011-07-29,387.6404,395.15,384.0004,390.4796,11.7906
NVDA,2011-08-08,12.32,12.76,11.85,11.93,2.7356
AAPL,2011-07-21,386.9488,390.0596,383.8996,387.2904,11.6943
AAPL,2011-07-18,365.4308,374.6512,365.2796,373.8,11.2869
AAPL,2011-07-22,388.3208,395.0492,387.7496,393.2992,11.8757
AAPL,2011-07-19,378,378.6496,373.3212,376.8492,11.379
NVDA,2011-07-27,14.2,14.27,13.82,13.855,3.177
NVDA,2011-07-15,14.16,14.25,13.81,14.1,3.2331
NVDA,2011-07-26,14.34,14.7,14.19,14.4,3.3019
NVDA,2011-07-28,13.81,14.12,13.59,13.83,3.1712
NVDA,2011-07-20,14.27,14.35,14,14.04,3.2194
AAPL,2011-07-14,361.0096,361.6088,356.3392,357.77,10.8029
AAPL,2011-07-15,361.1692,364.9996,359.17,364.9212,11.0188
NVDA,2011-07-25,14.77,14.83,14.55,14.76,3.3845
NVDA,2011-07-21,14.06,14.8,13.85,14.7,3.3707
NVDA,2011-07-18,13.99,14.07,13.62,13.795,3.1632
NVDA,2011-07-22,14.83,15.05,14.64,15,3.4395
AAPL,2011-07-13,358.33,359.9988,356.3812,358.0192,10.8104
NVDA,2011-07-19,13.84,14.25,13.84,14.221,3.2609
AAPL,2011-07-12,353.5308,357.6804,348.6196,353.7492,10.6815
AAPL,2011-06-30,334.7008,336.1288,332.8388,335.6696,10.1356
AAPL,2011-07-11,356.3392,359.7692,352.8196,354.0012,10.6891
NVDA,2011-07-12,14.82,14.96,14.44,14.69,3.3684
NVDA,2011-07-11,15.14,15.2,14.85,14.89,3.4143
NVDA,2011-07-08,15.51,15.62,15.3,15.43,3.5381
NVDA,2011-07-06,15.87,15.9,15.48,15.67,3.5931
NVDA,2011-07-07,15.75,15.83,15.45,15.725,3.6057
NVDA,2011-07-05,16.13,16.28,15.74,15.88,3.6413
AAPL,2011-06-27,327.5888,333.9,327.25,332.0408,10.026
AAPL,2011-07-08,353.3404,359.9988,352.2008,359.7104,10.8615
AAPL,2011-07-07,354.6704,357.9996,354.0012,357.1988,10.7857
AAPL,2011-07-06,348.95,354.0992,346.71,351.7612,10.6215
AAPL,2011-07-05,343,349.8292,342.4988,349.4288,10.5511
AAPL,2011-06-29,336.0392,336.3696,331.8812,334.04,10.0864
AAPL,2011-07-01,335.9496,343.5012,334.1996,343.2604,10.3648
NVDA,2011-07-14,14.72,14.81,14.01,14.08,3.2285
NVDA,2011-07-13,14.89,14.99,14.52,14.66,3.3615
AAPL,2011-06-21,316.68,325.7996,315.1988,325.3012,9.8225
NVDA,2011-06-29,15.6,15.9,15.06,15.74,3.6092
AAPL,2011-06-17,328.9888,329.2492,319.3596,320.2612,9.6703
NVDA,2011-06-28,15.41,15.68,15.3,15.5,3.5542
AAPL,2011-06-16,326.9,328.6808,318.3292,325.1612,9.8183
NVDA,2011-06-27,15.74,15.84,14.86,15.41,3.5335
NVDA,2011-06-24,16.13,16.27,15.64,15.74,3.6092
NVDA,2011-07-01,15.94,16.21,15.62,16.145,3.7021
AAPL,2011-06-24,331.3688,333.1496,325.0912,326.3512,9.8542
NVDA,2011-06-30,15.78,16.11,15.54,15.935,3.6539
AAPL,2011-06-28,333.6508,336.7,333.4408,335.2608,10.1232
AAPL,2011-06-15,329.7504,330.2992,324.8812,326.7488,9.8662
AAPL,2011-06-23,318.9396,331.6908,318.1192,331.2288,10.0015
AAPL,2011-06-22,325.1612,328.8992,322.3808,322.6104,9.7413
AAPL,2011-06-20,317.3604,317.6992,310.5004,315.3192,9.5211
AAPL,2011-06-14,329.9996,333.2504,329.3108,332.4412,10.0381
AAPL,2011-06-13,327.1996,328.3112,325.0688,326.6004,9.8617
NVDA,2011-06-23,15.54,16.3164,15.4,16.21,3.717
NVDA,2011-06-20,15.67,16,15.5,15.62,3.5817
NVDA,2011-06-22,15.85,16.06,15.71,15.74,3.6092
NVDA,2011-06-21,15.68,16.08,15.53,15.96,3.6596
NVDA,2011-06-17,16.38,16.39,15.31,15.805,3.6241
AAPL,2011-06-08,331.7804,334.7988,330.6492,332.2396,10.032
AAPL,2011-06-09,333.2504,333.6704,330.75,331.4892,10.0094
AAPL,2011-06-07,338.17,338.2204,331.9008,332.0408,10.026
AAPL,2011-06-06,345.6992,347.0488,337.8088,338.0412,10.2072
NVDA,2006-03-21,49.52,51.7004,49.46,50.79,3.8821
AAPL,2011-06-10,330.5512,331.66,325.5112,325.9004,9.8406
NVDA,2011-06-15,16.91,17.01,16.42,16.77,3.8454
NVDA,2011-06-16,16.78,17.0375,15.95,16.19,3.7124
NVDA,2006-03-20,49.2,49.2104,48.35,48.4004,3.6994
NVDA,2011-06-14,17.15,17.52,17.07,17.14,3.9302
AAPL,2011-06-03,343.1792,345.3296,342.0088,343.4396,10.3702
AAPL,2011-06-02,346.5,347.9812,344.2992,346.0996,10.4505
NVDA,2011-06-13,17.12,17.34,16.88,16.995,3.897
NVDA,2011-06-10,17.4,17.505,16.98,17.12,3.9256
AAPL,2011-05-20,339.5588,340.9504,335.02,335.2188,10.122
NVDA,2011-06-01,19.95,19.98,19.1,19.14,4.3888
AAPL,2011-05-19,342.0788,342.4092,338.6712,340.5304,10.2824
AAPL,2011-05-18,336.4704,341.0512,336,339.8696,10.2624
NVDA,2011-05-31,19.88,20.05,19.4,20.04,4.5952
AAPL,2011-06-01,348.8688,352.1308,344.6492,345.5088,10.4327
AAPL,2011-05-31,341.0988,347.83,341.0008,347.83,10.5028
NVDA,2011-06-09,17.56,17.6,16.74,17.37,3.9829
NVDA,2011-06-08,17.97,18.08,17.43,17.57,4.0288
NVDA,2011-06-06,18.43,18.6,18.05,18.07,4.1435
NVDA,2011-06-07,18.21,18.31,17.98,18.06,4.1412
AAPL,2011-05-27,334.7988,337.6296,334.3088,337.4112,10.1882
AAPL,2011-05-26,335.9692,336.8904,334.4292,335.0004,10.1154
NVDA,2011-06-03,18.83,19,18.37,18.46,4.2329
NVDA,2006-03-17,48.15,48.9,47.43,48.77,3.7277
NVDA,2011-06-02,19.17,19.31,18.82,19.045,4.367
AAPL,2011-05-17,331.9988,336.14,330.7304,336.14,10.1498
NVDA,2011-05-27,18.9,19.5311,18.88,19.5,4.4714
AAPL,2006-03-10,64.05,64.4896,62.4512,63.1904,1.908
NVDA,2011-05-26,18.36,18.98,18.31,18.82,4.3154
AAPL,2011-05-16,339.2004,341.2192,332.6008,333.3008,10.0641
NVDA,2006-03-16,50.1704,50.2304,48.21,48.38,3.6979
NVDA,2011-05-23,17.83,18.2,17.6,18.07,4.1435
NVDA,2011-05-25,18.05,18.48,17.87,18.36,4.21
NVDA,2011-05-24,18.16,18.87,18.11,18.141,4.1597
NVDA,2006-03-15,49.3904,50.15,49.2,50.0804,3.8278
NVDA,2011-05-20,17.74,18.13,17.66,18.09,4.148
AAPL,2011-05-13,345.66,346.2508,340.3512,340.4996,10.2814
AAPL,2011-05-25,333.4296,338.5592,332.85,336.7812,10.1692
NVDA,2011-05-19,18.18,18.19,17.51,17.78,4.077
AAPL,2011-05-24,335.4988,335.8992,331.3408,332.1892,10.0305
AAPL,2011-05-12,346.1192,347.1188,342.2692,346.57,10.4647
AAPL,2011-05-23,329.9688,335.9804,329.42,334.4012,10.0973
AAPL,2006-03-09,65.9792,66.4692,63.8092,63.9296,1.9304
NVDA,2011-05-18,17.7,18.19,17.64,18.04,4.1366
AAPL,2011-05-11,349.02,350,345.24,347.2308,10.4847
AAPL,2011-05-10,348.8912,349.6892,346.6596,349.4512,10.5517
AAPL,2011-05-09,347.8608,349.1992,346.5308,347.6004,10.4958
NVDA,2011-05-17,17.64,17.65,17.12,17.63,4.0426
AAPL,2011-05-06,349.6892,350,346.2088,346.6596,10.4674
AAPL,2011-05-05,348.4012,350.9492,346.0492,346.7492,10.4701
AAPL,2011-05-04,348.2612,351.8312,346.8808,349.5688,10.5553
AAPL,2006-03-08,66.29,67.2,65.3492,65.66,1.9826
NVDA,2011-05-16,18.21,18.25,17.69,17.701,4.0588
NVDA,2011-05-13,19.2,19.25,18.12,18.26,4.187
AAPL,2011-05-03,347.9896,349.8908,345.6208,348.1996,10.5139
AAPL,2011-05-02,349.7396,350.4704,345.5004,346.2788,10.4559
NVDA,2011-05-12,19.8,20.52,19.75,20.5,4.7007
NVDA,2011-05-11,19.88,20.08,19.6,19.87,4.5562
NVDA,2011-05-10,19.91,19.93,19.58,19.78,4.5356
NVDA,2011-05-09,19.38,19.85,19.33,19.75,4.5287
AAPL,2011-04-18,326.0992,332.2312,320.1604,331.8504,10.0203
NVDA,2011-05-06,19.05,19.5,18.9,19.32,4.4301
NVDA,2011-05-05,18.5,18.88,18.25,18.66,4.2787
AAPL,2011-04-29,346.78,353.9508,346.6708,350.1288,10.5722
AAPL,2011-04-28,346.1892,349.7508,345.52,346.7492,10.4701
NVDA,2011-05-04,18.85,19.06,18.3,18.65,4.2765
NVDA,2011-04-20,18.68,18.95,18.27,18.57,4.2581
NVDA,2011-04-19,18.1,18.17,17.53,18.02,4.132
AAPL,2011-04-27,352.24,352.3492,347.0992,350.1512,10.5729
AAPL,2011-04-26,353.6204,354.9896,349.3504,350.42,10.581
AAPL,2011-04-25,350.3388,353.7492,350.2996,353.01,10.6592
NVDA,2011-05-03,19.5,19.56,18.55,18.79,4.3086
AAPL,2011-04-20,343.5096,345.7496,341.4992,342.4092,10.3391
AAPL,2011-04-19,333.0992,337.9796,331.7104,337.8592,10.2017
AAPL,2011-04-21,355.0008,355.1296,348.5188,350.7,10.5894
NVDA,2011-05-02,20.42,20.43,19.6301,19.73,4.5241
NVDA,2011-04-29,19.64,20.44,19.61,20,4.586
NVDA,2011-04-28,19.3,19.9,19.08,19.51,4.4737
NVDA,2011-04-15,18.37,18.94,18.28,18.71,4.2902
AAPL,2011-04-15,333.3008,333.6396,326.7992,327.46,9.8877
NVDA,2011-04-14,17.6,18.52,17.5,18.51,4.2444
NVDA,2011-04-13,17.55,17.87,17.33,17.76,4.0724
NVDA,2011-04-27,19.4,19.4,18.9,19.3,4.4255
NVDA,2011-04-26,18.97,19.4911,18.78,19.3,4.4255
NVDA,2011-04-25,18.6,19.12,18.59,18.81,4.3131
AAPL,2011-04-14,334.7988,336,332.0604,332.4188,10.0374
AAPL,2011-04-13,335.02,336.14,332.5196,336.1288,10.1495
NVDA,2011-04-21,18.77,18.885,18.48,18.52,4.2466
NVDA,2011-04-12,17.15,17.49,16.83,17.37,3.9829
AAPL,2011-04-12,330.4896,333.7292,330.2012,332.3992,10.0368
AAPL,2011-04-11,334.0596,335.6696,330.0192,330.8004,9.9886
NVDA,2011-04-18,18.27,18.39,17.8,18.09,4.148
NVDA,2011-04-11,17.62,17.71,17.13,17.32,3.9715
AAPL,2011-04-08,339.92,340.1496,333.9504,335.0592,10.1172
AAPL,2011-04-01,351.1088,351.5904,343.2996,344.5596,10.404
AAPL,2011-04-07,338.1,340.4296,336.0308,338.0804,10.2084
AAPL,2011-04-06,341.2192,343.8988,337.1396,338.0412,10.2072
AAPL,2011-04-05,336.9912,342.2496,336,338.8896,10.2328
AAPL,2011-03-31,346.36,349.8012,346.0604,348.5104,10.5233
AAPL,2011-03-30,350.6412,350.8792,347.4408,348.6308,10.527
NVDA,2011-04-08,18.24,18.24,17.5,17.55,4.0242
NVDA,2011-04-07,17.5,18.21,17.43,18.1,4.1503
AAPL,2011-03-29,347.6592,350.9604,346.0604,350.9604,10.5973
AAPL,2011-03-28,353.15,354.3204,350.4396,350.4396,10.5816
AAPL,2011-04-04,344.3104,344.5988,338.3996,341.1912,10.3023
NVDA,2011-04-05,17.81,17.95,17.54,17.58,4.0311
NVDA,2011-04-06,17.71,17.73,17.31,17.46,4.0036
NVDA,2011-04-04,18.2,18.25,17.42,17.55,4.0242
AAPL,2011-03-15,342.1012,347.8412,340.0992,345.4304,10.4303
AAPL,2011-03-25,348.0708,352.0608,347.0208,351.54,10.6148
AAPL,2011-03-24,341.8492,345.9988,338.8588,344.9712,10.4165
AAPL,2011-03-23,339.2788,340.2196,335.9496,339.1892,10.2419
AAPL,2011-03-22,342.5604,342.6192,339.1388,341.1996,10.3026
NVDA,2011-04-01,18.7,18.72,17.95,18.2,4.1733
NVDA,2011-03-31,18.48,18.68,18.12,18.46,4.2329
NVDA,2011-03-30,19.32,19.4,18.21,18.45,4.2306
AAPL,2011-03-21,335.9888,339.7408,335.2608,339.3012,10.2452
NVDA,2011-03-29,19.32,19.39,18.91,19.17,4.3957
NVDA,2011-03-28,19.07,19.64,18.9,19.32,4.4301
AAPL,2011-03-18,337.1312,338.2008,329.9996,330.6688,9.9846
AAPL,2011-03-17,336.8288,339.6092,330.6604,334.6392,10.1045
AAPL,2011-03-16,342.0004,343,326.2588,330.0108,9.9647
NVDA,2011-03-23,17.42,17.86,17.04,17.81,4.0838
NVDA,2011-03-25,19.4,19.445,18.6,18.63,4.2719
NVDA,2011-03-24,18.19,19.45,18.15,19.23,4.4094
NVDA,2011-03-22,17.71,17.88,17.37,17.445,4.0001
NVDA,2011-03-21,18,18.18,17.58,17.76,4.0724
AAPL,2011-03-14,353.1808,356.4792,351.3104,353.5588,10.6758
AAPL,2011-03-11,345.3296,352.3212,344.9992,351.9908,10.6284
AAPL,2011-03-07,361.3988,361.6704,351.3104,355.3592,10.7301
AAPL,2011-03-10,349.1208,349.7704,344.9012,346.6708,10.4678
AAPL,2011-03-09,354.69,354.76,350.5992,352.4696,10.6429
AAPL,2011-03-08,354.9112,357.4004,352.2512,355.7596,10.7422
NVDA,2011-03-18,18.14,18.2,17.6,17.62,4.0403
NVDA,2011-03-17,18,18.03,17.2,17.86,4.0953
NVDA,2011-03-16,17.5,18.35,17.3,17.53,4.0196
NVDA,2011-03-15,17.31,17.96,17.01,17.66,4.0494
NVDA,2011-03-14,18.19,18.65,17.9,18.2,4.1733
NVDA,2011-03-04,20.89,21.1,20.53,20.755,4.7591
AAPL,2011-03-04,360.0688,360.29,357.7504,359.9988,10.8702
AAPL,2011-03-03,357.1904,359.7888,355.9192,359.5592,10.8569
AAPL,2011-03-02,349.9608,354.3512,348.4012,352.1196,10.6323
NVDA,2011-03-09,19.49,19.68,18.97,19.14,4.3888
NVDA,2011-03-10,18.7,18.84,17.9,17.92,4.1091
NVDA,2011-03-11,18.065,18.55,17.66,18.05,4.1389
NVDA,2011-03-08,20.69,20.8,19.12,19.55,4.4828
NVDA,2011-03-07,20.91,20.98,19.95,20.47,4.6938
AAPL,2011-02-28,351.2404,355.0512,351.12,353.2088,10.6652
AAPL,2011-03-01,355.4712,355.7204,347.6788,349.3112,10.5475
NVDA,2011-03-03,21.23,21.35,20.24,20.87,4.7855
NVDA,2011-03-02,21.62,22.03,20.25,20.75,4.758
AAPL,2011-02-18,358.7108,359.5004,349.5212,350.56,10.5852
AAPL,2011-02-25,345.2596,348.4292,344.8004,348.1604,10.5128
AAPL,2011-02-24,344.0192,345.1504,338.3688,342.8796,10.3533
AAPL,2011-02-23,338.7692,344.6408,338.6096,342.6192,10.3454
AAPL,2011-02-22,342.1488,345.3996,337.7192,338.6096,10.2244
NVDA,2011-02-25,23.26,23.5,22.94,23.12,5.3014
NVDA,2011-02-24,22.22,23.04,22.06,22.65,5.1937
NVDA,2011-02-23,23.21,23.43,21.78,22.11,5.0698
NVDA,2011-02-22,24.79,24.86,23.13,23.21,5.3221
NVDA,2011-03-01,22.7,22.99,21.65,21.65,4.9644
NVDA,2011-02-17,22.72,26.01,22.61,25.68,5.8884
NVDA,2011-02-16,22.85,23.71,22.77,23.38,5.361
NVDA,2011-02-15,23.15,23.23,22.45,22.55,5.1707
NVDA,2011-02-28,23.5,23.51,22.14,22.66,5.1959
AAPL,2011-02-17,357.2492,360.2704,356.5212,358.2992,10.8189
AAPL,2011-02-14,356.79,359.4808,356.7088,359.1812,10.8455
AAPL,2011-02-16,360.7996,364.8988,360.5,363.1292,10.9647
AAPL,2011-02-15,359.1896,359.9708,357.5488,359.9008,10.8673
NVDA,2011-02-14,23.75,24.5,23.02,23.11,5.2991
AAPL,2011-02-11,354.7488,357.8008,353.5392,356.8488,10.7751
NVDA,2011-02-18,25.54,25.95,25.23,25.63,5.877
AAPL,2011-02-10,357.3892,359.9988,348.0008,354.5388,10.7053
AAPL,2011-02-09,355.1912,358.9992,354.8692,358.1592,10.8147
AAPL,2011-02-08,353.6792,355.5188,352.1504,355.1996,10.7253
AAPL,2011-02-07,347.8888,353.2508,347.6396,351.8788,10.625
NVDA,2011-02-11,22.74,24.21,22.37,23.47,5.3817
AAPL,2011-01-31,335.8012,340.0404,334.3004,339.3208,10.2458
AAPL,2011-02-03,343.8008,344.2404,338.5508,343.4396,10.3702
AAPL,2011-02-02,344.4504,345.2512,343.5488,344.3188,10.3968
AAPL,2011-02-01,341.3004,345.6488,340.9812,345.03,10.4182
NVDA,2011-02-10,22.772,23.21,22.6,22.82,5.2326
NVDA,2011-02-09,23.96,24.2,22.86,23.29,5.3404
NVDA,2011-02-08,24.63,24.785,23.76,23.872,5.4739
NVDA,2011-02-07,25.32,25.43,24.51,24.601,5.641
AAPL,2011-01-14,345.8896,348.4796,344.4392,348.4796,10.5224
AAPL,2011-01-28,344.1704,344.4,333.5304,336.1008,10.1486
NVDA,2011-02-04,25.45,25.87,25.35,25.67,5.8861
AAPL,2011-01-26,342.9608,345.6012,341.4992,343.8512,10.3826
AAPL,2011-01-27,343.7812,344.6912,342.8292,343.21,10.3633
AAPL,2011-01-24,326.8692,337.4504,326.7208,337.4504,10.1894
AAPL,2011-01-25,336.3304,341.4404,334.5692,341.4012,10.3087
NVDA,2011-02-03,25.62,25.62,24.55,25.095,5.7543
NVDA,2011-02-02,24.33,26.17,24.33,25.58,5.8655
NVDA,2011-02-01,24.13,24.65,23.97,24.47,5.611
NVDA,2006-03-14,48,49.49,47.82,49.29,3.7674
AAPL,2011-02-04,343.6412,346.6988,343.5096,346.5,10.4626
AAPL,2011-01-21,333.7712,334.88,326.6312,326.7208,9.8654
NVDA,2011-01-31,23.8,24.25,23.41,23.92,5.4849
AAPL,2011-01-20,336.4312,338.2988,330.12,332.6792,10.0453
AAPL,2011-01-19,348.3508,348.6,336.8792,338.8392,10.2313
AAPL,2011-01-18,329.5208,344.7612,326.0012,340.6508,10.286
NVDA,2011-01-28,24.53,24.94,23.2,23.76,5.4482
NVDA,2011-01-27,24.89,24.95,24,24.471,5.6112
NVDA,2011-01-26,24.22,25,24.05,24.54,5.627
NVDA,2011-01-24,23.24,25.05,22.98,24.73,5.6706
NVDA,2011-01-25,24.62,24.88,23.81,23.97,5.4963
AAPL,2011-01-13,345.1588,346.64,343.8512,345.6796,10.4378
NVDA,2011-01-21,22.67,22.99,22.18,22.219,5.0948
AAPL,2011-01-12,343.2492,344.4308,342.0004,344.4196,10.3998
AAPL,2011-01-11,344.8788,344.96,339.4692,341.6392,10.3158
AAPL,2011-01-10,338.8308,343.2296,337.1704,342.4512,10.3404
AAPL,2011-01-07,333.9896,336.35,331.9008,336.1204,10.1492
AAPL,2011-01-06,334.7204,335.2496,332.9004,333.7292,10.077
NVDA,2011-01-20,22.19,22.56,21.79,22.429,5.143
AAPL,2011-01-05,329.5488,334.3396,329.5012,334.0008,10.0852
NVDA,2011-01-19,23.05,23.6,22.36,22.41,5.1386
NVDA,2011-01-14,22.99,23.98,22.85,23.59,5.4092
NVDA,2011-01-18,23.27,23.43,22.47,23.035,5.2819
AAPL,2011-01-04,332.4412,332.5,328.1488,331.2904,10.0034
AAPL,2010-12-22,324.3604,325.7212,323.5512,325.1612,9.8183
AAPL,2011-01-03,325.64,330.26,324.8392,329.5712,9.9514
NVDA,2011-01-13,23.1,23.84,22.38,23.39,5.3633
NVDA,2011-01-12,20.32,23.37,20.25,23.3525,5.3547
NVDA,2011-01-11,20.91,21.11,19.87,20.31,4.6571
NVDA,2011-01-10,19.51,20.67,19.36,20.631,4.7307
NVDA,2011-01-07,19.112,19.93,18.68,19.87,4.5562
NVDA,2010-12-28,15,15.1,14.85,14.94,3.4257
NVDA,2010-12-27,14.88,15.11,14.61,15,3.4395
NVDA,2010-12-29,14.93,15.05,14.8,14.94,3.4257
NVDA,2010-12-23,15.03,15.03,14.86,14.92,3.4212
AAPL,2010-12-31,322.9492,323.4812,321.3112,322.56,9.7397
NVDA,2011-01-06,17.42,19.34,17.37,19.33,4.4324
AAPL,2010-12-30,325.4804,325.5112,323.05,323.6604,9.773
AAPL,2010-12-29,326.2196,326.4492,325.0996,325.29,9.8222
AAPL,2010-12-28,325.9088,326.6592,325.0604,325.4692,9.8276
AAPL,2010-12-27,322.8512,325.4412,321.5212,324.6796,9.8037
NVDA,2011-01-05,16.06,17,15.9,16.98,3.8935
NVDA,2011-01-03,15.52,15.97,15.5,15.82,3.6275
AAPL,2010-12-23,324.9988,325.15,323.1704,323.5988,9.7711
NVDA,2011-01-04,15.85,15.92,15.42,15.77,3.6161
AAPL,2010-12-10,319.6508,321.0508,318.6008,320.5608,9.6794
NVDA,2010-12-21,14.45,14.87,14.44,14.87,3.4097
AAPL,2010-12-09,322.1288,322.5012,319.0208,319.76,9.6552
NVDA,2010-12-20,14.42,14.49,14.3,14.31,3.2813
NVDA,2010-12-17,14.3,14.45,14.13,14.37,3.295
AAPL,2006-03-07,65.7608,66.9004,65.0804,66.3096,2.0022
AAPL,2010-12-21,322.9996,324.3912,322.0504,324.2008,9.7893
AAPL,2010-12-20,321.5996,323.2488,318.2312,322.21,9.7292
NVDA,2010-12-31,15,15.42,14.9797,15.4,3.5312
NVDA,2010-12-22,14.84,15.05,14.7,15.03,3.4464
AAPL,2010-12-16,321.09,322.6104,320.0988,321.2496,9.7002
AAPL,2010-12-17,321.6304,321.79,320.2304,320.6112,9.6809
NVDA,2010-12-30,14.92,15.08,14.87,14.99,3.4372
AAPL,2010-12-15,320.0008,322.9996,319.1888,320.3592,9.6733
AAPL,2010-12-14,321.7312,322.5404,319.0012,320.2892,9.6712
AAPL,2010-12-13,324.3688,325.0604,321.0004,321.6696,9.7129
AAPL,2010-12-07,323.8004,323.9908,318.1192,318.2088,9.6084
NVDA,2010-12-08,14.96,15.27,14.85,15.11,3.4647
AAPL,2010-12-02,317.5312,319.0012,314.8908,318.15,9.6066
AAPL,2010-11-30,313.5412,314.3588,310.87,311.15,9.3952
AAPL,2010-12-01,315.2688,317.7496,315,316.4,9.5537
NVDA,2006-03-13,47.87,48.1904,47.51,47.96,3.6657
AAPL,2010-11-29,315.5012,317.4808,311.3796,316.8704,9.5679
NVDA,2010-12-07,14.85,15.33,14.82,14.98,3.4349
AAPL,2010-12-06,318.64,322.3304,318.4188,320.1492,9.667
AAPL,2010-11-26,313.74,317.6992,312.9392,315,9.5115
NVDA,2010-12-06,14.84,14.87,14.45,14.5125,3.3277
AAPL,2010-11-24,312.0012,315.4004,311.7492,314.8012,9.5055
NVDA,2010-12-16,14.42,14.5,14.25,14.2875,3.2761
NVDA,2010-12-03,14.31,14.79,14.28,14.79,3.3914
AAPL,2010-11-23,310.45,311.7492,306.5608,308.7308,9.3222
AAPL,2010-12-08,319.6312,321.02,317.1112,321.0088,9.6929
NVDA,2010-12-13,15.01,15.04,14.53,14.5685,3.3406
AAPL,2010-11-22,306.6812,313.3592,305.8692,313.3592,9.4619
NVDA,2010-12-02,14.21,14.47,14.2,14.38,3.2973
NVDA,2010-12-14,14.85,15.12,14.57,14.5925,3.3461
AAPL,2010-11-19,307.9692,308.4004,305.2392,306.7288,9.2617
NVDA,2010-12-15,14.62,14.8,14.25,14.27,3.2721
NVDA,2010-11-30,13.54,13.68,13.36,13.609,3.1205
NVDA,2010-12-01,13.88,14.295,13.86,14.21,3.2584
NVDA,2010-11-29,13.54,13.8,13.48,13.75,3.1529
AAPL,2010-12-03,317.0104,318.6512,316.3412,317.4388,9.5851
AAPL,2010-11-18,305.2,309.6688,304.6904,308.4312,9.3131
NVDA,2010-11-26,13.76,13.84,13.6,13.64,3.1277
NVDA,2010-11-24,13.58,13.82,13.57,13.77,3.1575
NVDA,2010-12-10,14.86,15.09,14.82,14.9475,3.4275
NVDA,2010-12-09,14.75,14.96,14.54,14.8625,3.408
AAPL,2010-11-03,311.3712,312.8804,308.5292,312.7992,9.445
AAPL,2010-11-09,321.0508,321.3,314.4988,316.0808,9.5441
AAPL,2010-11-08,317.2008,319.7712,316.7612,318.6204,9.6208
NVDA,2010-11-17,12.7,13.07,12.58,12.92,2.9626
AAPL,2010-11-05,317.9904,319.5696,316.75,317.1308,9.5758
NVDA,2010-11-16,12.8801,13.06,12.69,12.7125,2.915
NVDA,2010-11-15,13.32,13.51,13.07,13.1005,3.0039
AAPL,2010-11-04,315.4508,320.18,315.0308,318.2704,9.6102
NVDA,2010-11-12,13.09,13.68,13.03,13.26,3.0405
NVDA,2010-11-11,12.44,12.82,12.27,12.611,2.8917
AAPL,2010-11-17,301.1988,303.9904,297.7604,300.4988,9.0736
NVDA,2010-11-23,13.6,13.74,13.34,13.44,3.0818
AAPL,2010-11-16,305.7208,307.5996,299.32,301.5908,9.1066
AAPL,2010-11-15,308.4592,310.5396,306.2696,307.0396,9.2711
AAPL,2010-11-12,315.9996,316.5008,303.6292,308.0308,9.301
AAPL,2010-11-11,315,318.3992,314.2496,316.6492,9.5613
NVDA,2010-11-22,13.66,13.84,13.54,13.76,3.1552
AAPL,2010-11-10,316.6408,318.7688,313.5496,318.0296,9.6029
NVDA,2010-11-19,13.29,13.8,13.27,13.752,3.1533
NVDA,2010-11-18,13.09,13.45,13.09,13.32,3.0543
NVDA,2010-11-09,12.66,12.76,12.52,12.59,2.8869
AAPL,2010-11-02,307.0004,310.1896,307.0004,309.3608,9.3412
NVDA,2010-11-10,12.68,12.74,12.5,12.74,2.9213
AAPL,2010-11-01,302.2208,305.6004,302.2012,304.1808,9.1848
NVDA,2010-11-08,12.6,12.77,12.5,12.6575,2.9024
AAPL,2010-10-28,307.9496,308,300.8992,305.2392,9.2167
NVDA,2010-10-28,12.2,12.24,11.94,12.05,2.7631
NVDA,2010-10-29,12.03,12.15,11.9,12.0205,2.7563
AAPL,2010-10-29,304.2312,305.8804,300.8712,300.9804,9.0881
AAPL,2010-10-27,307.65,309.9012,305.6004,307.8292,9.2949
NVDA,2010-10-27,11.76,12.08,11.73,12.04,2.7608
NVDA,2010-11-05,12.49,12.72,12.43,12.605,2.8903
NVDA,2010-11-04,12.5,12.63,12.38,12.4,2.8433
NVDA,2010-10-22,11.16,11.89,11.04,11.8,2.7057
NVDA,2010-10-21,11.3,11.32,10.92,11.09,2.5429
AAPL,2010-10-12,295.4112,299.4992,292.4908,298.5388,9.0144
AAPL,2010-10-20,308.9996,314.2496,306.8688,310.5312,9.3765
NVDA,2010-10-26,11.77,12.05,11.67,11.87,2.7218
AAPL,2010-10-18,318.4692,319.0012,314.2888,317.9988,9.602
AAPL,2010-10-19,303.3996,313.7708,300.02,309.4896,9.3451
NVDA,2010-10-25,11.89,11.995,11.78,11.91,2.731
AAPL,2010-10-15,307.44,315,304.9088,314.7396,9.5036
AAPL,2010-10-14,301.6888,302.47,300.4008,302.3104,9.1283
AAPL,2010-10-13,300.1992,301.9604,299.7988,300.1404,9.0628
AAPL,2010-10-26,306.8688,309.7388,305.6508,308.0504,9.3016
AAPL,2006-03-06,67.69,67.7208,64.9404,65.4808,1.9772
NVDA,2010-11-03,12.37,12.46,12.05,12.38,2.8387
AAPL,2010-10-25,309.0892,311.6008,308.4396,308.84,9.3255
NVDA,2010-11-02,12.09,12.49,12.02,12.285,2.817
NVDA,2010-11-01,12.1,12.29,11.94,12.04,2.7608
AAPL,2010-10-22,309.0696,310.0412,306.3004,307.4708,9.2841
AAPL,2010-10-21,312.3596,314.7396,306.7988,309.5204,9.346
NVDA,2010-10-20,11.3,11.6,11.1,11.29,2.5888
NVDA,2010-10-18,11.3,11.41,11.1,11.36,2.6049
NVDA,2010-10-19,11.1101,11.37,11.02,11.2875,2.5882
AAPL,2010-10-08,291.7096,294.5012,289.9988,294.07,8.8795
AAPL,2010-10-07,290.3404,290.4804,286.9104,289.2204,8.7331
AAPL,2010-10-05,281.9992,289.45,281.82,288.9404,8.7246
AAPL,2010-10-04,281.5988,282.9008,277.7712,278.6392,8.4136
NVDA,2010-10-11,10.91,11,10.76,10.81,2.4787
AAPL,2010-10-01,286.1488,286.58,281.3496,282.52,8.5307
AAPL,2010-10-11,294.7392,297.2396,294.5992,295.3608,8.9185
AAPL,2010-09-27,293.9804,294.7308,291.0096,291.1608,8.7916
AAPL,2010-09-29,287.2296,289.8112,286.0004,287.3696,8.6772
AAPL,2010-09-30,288.9992,289.9988,281.2488,283.7492,8.5678
NVDA,2010-10-15,11.34,11.47,11.16,11.2895,2.5887
NVDA,2010-10-14,11.35,11.37,11.11,11.16,2.559
NVDA,2010-10-13,11.2,11.5,11.08,11.34,2.6003
NVDA,2010-10-06,11.32,11.37,10.67,10.78,2.4719
NVDA,2010-10-08,10.66,10.95,10.51,10.86,2.4902
AAPL,2010-09-24,292.0988,293.5296,290.5504,292.32,8.8266
NVDA,2010-10-07,10.83,10.84,10.38,10.7,2.4535
AAPL,2010-09-23,286.3308,292.7596,286.0004,288.9208,8.724
NVDA,2010-10-04,11.24,11.43,11.01,11.24,2.5773
NVDA,2010-10-05,11.48,11.5,11.29,11.32,2.5957
NVDA,2010-10-01,11.85,11.87,11.26,11.35,2.6026
NVDA,2010-09-29,11.86,12.23,11.75,11.88,2.7241
NVDA,2010-09-30,12.03,12.1673,11.58,11.682,2.6787
AAPL,2010-09-08,259.7812,264.39,259.1008,262.92,7.9389
AAPL,2010-09-28,291.7712,291.7712,274.9992,286.86,8.6618
AAPL,2010-09-14,266.21,269.1696,265.5212,268.0608,8.0941
AAPL,2010-09-13,265.8208,268.2792,265.7592,267.0388,8.0633
NVDA,2010-09-22,11.25,11.49,11.18,11.39,2.6117
AAPL,2010-10-06,289.59,291.9896,285.2612,289.1896,8.7321
NVDA,2010-10-12,10.72,11.07,10.63,11.015,2.5257
AAPL,2010-09-22,282.7104,287.98,282.4108,287.7504,8.6887
NVDA,2010-09-28,12.01,12.14,11.76,11.971,2.745
AAPL,2010-09-21,283.8612,287.35,282.7888,283.7688,8.5684
AAPL,2010-09-20,276.08,283.78,275.8504,283.2312,8.5522
NVDA,2010-09-27,12.35,12.36,11.84,11.995,2.7505
AAPL,2010-09-17,277.69,277.9588,273.6804,275.3688,8.3148
AAPL,2010-09-16,270.2392,276.6708,269.5,276.57,8.3511
AAPL,2010-09-15,268.17,270.3792,267.8396,270.2196,8.1593
NVDA,2010-09-14,10.55,10.68,10.45,10.54,2.4168
NVDA,2010-09-24,11.88,12.3,11.79,12.26,2.8112
NVDA,2010-09-23,11.52,11.98,11.42,11.62,2.6645
NVDA,2010-09-21,10.65,11.47,10.65,11.29,2.5888
AAPL,2010-09-07,256.6396,259.5292,256.2504,257.81,7.7846
NVDA,2010-09-20,10.55,10.75,10.45,10.7099,2.4558
AAPL,2010-09-09,265.0396,266.5208,262.92,263.0712,7.9435
AAPL,2010-09-10,263.1888,264.4992,261.3996,263.41,7.9537
NVDA,2010-09-13,10.25,10.77,10.245,10.64,2.4398
NVDA,2010-09-17,10.67,10.68,10.52,10.55,2.4191
AAPL,2010-09-03,255.0912,258.7788,254.5004,258.7704,7.8136
NVDA,2010-09-16,10.42,10.66,10.42,10.565,2.4226
NVDA,2010-09-15,10.44,10.57,10.3,10.56,2.4214
AAPL,2010-09-02,251.2608,252.1708,248.57,252.1708,7.6143
AAPL,2010-09-01,247.4696,251.4596,246.2796,250.3312,7.5588
AAPL,2010-08-31,241.85,244.5604,240.3492,243.0988,7.3404
NVDA,2010-09-10,10.25,10.28,9.98,10.07,2.3091
NVDA,2010-09-09,10.45,10.46,10.05,10.18,2.3343
AAPL,2010-08-16,247.5788,250.0092,246.6212,247.6404,7.4775
AAPL,2010-08-24,242.6704,243.0008,238.6496,239.9292,7.2447
NVDA,2010-08-30,10,10.08,9.64,9.64,2.2105
AAPL,2010-08-30,240.7608,245.7504,240.6796,242.4996,7.3223
NVDA,2010-09-08,10.01,10.39,9.9,10.32,2.3664
AAPL,2010-08-27,241.7492,242.6088,235.5612,241.6204,7.2958
NVDA,2010-08-24,9.5,9.82,9.48,9.72,2.2288
NVDA,2010-09-07,9.87,10.22,9.85,9.99,2.2907
AAPL,2010-08-13,251.65,251.8796,249.0908,249.0992,7.5216
AAPL,2010-08-26,245.4508,245.7504,240.2792,240.2792,7.2553
AAPL,2010-08-25,238.0392,243.9892,237.1992,242.8888,7.3341
NVDA,2010-09-03,9.8,9.93,9.68,9.899,2.2698
NVDA,2010-09-02,9.43,9.6,9.34,9.57,2.1944
NVDA,2010-09-01,9.47,9.59,9.345,9.401,2.1557
NVDA,2010-08-31,9.5,9.8,9.3,9.325,2.1382
AAPL,2010-08-23,251.79,252,245.2492,245.8008,7.422
NVDA,2010-08-27,9.86,10.2,9.61,10.12,2.3205
AAPL,2010-08-20,249.3904,253.9208,249.0012,249.6396,7.5379
AAPL,2010-08-18,252.3612,254.6712,251.58,253.0696,7.6415
AAPL,2010-08-19,252.84,253.4812,248.6792,249.8804,7.5452
AAPL,2010-08-17,250.0792,254.6292,249.2,251.9692,7.6082
NVDA,2010-08-23,10,10.25,9.79,9.82,2.2517
AAPL,2010-08-12,246.6912,253.1004,246.12,251.79,7.6028
NVDA,2010-08-26,10.05,10.16,9.8,9.8,2.2471
NVDA,2010-08-25,9.61,10,9.56,9.92,2.2747
AAPL,2010-08-11,255.3992,255.6904,249.8104,250.1912,7.5546
NVDA,2010-08-20,9.81,10.21,9.8,9.97,2.2861
NVDA,2010-08-18,9.24,9.4,9.18,9.32,2.1371
NVDA,2010-08-11,9.05,9.05,8.85,8.8825,2.0368
NVDA,2010-08-19,9.42,9.91,9.37,9.88,2.2655
NVDA,2010-08-17,9.24,9.44,9.15,9.27,2.1256
NVDA,2010-08-05,9.35,9.46,9.18,9.44,2.1646
AAPL,2010-08-10,259.8512,260.4504,257.5496,259.4088,7.8329
NVDA,2010-08-06,9.4,9.65,9.32,9.55,2.1898
NVDA,2010-08-04,9.02,9.35,8.98,9.32,2.1371
NVDA,2010-08-03,9.11,9.12,8.87,8.94,2.0499
AAPL,2010-07-27,260.8704,264.7988,260.2992,264.0792,7.9739
NVDA,2010-08-16,9.26,9.45,9.03,9.15,2.0981
AAPL,2010-08-02,260.4392,262.5896,259.6188,261.8504,7.9066
NVDA,2010-08-10,9.48,9.5,9.2,9.2425,2.1193
NVDA,2010-08-02,9.35,9.39,9.14,9.18,2.105
AAPL,2010-08-09,261.4808,262.15,259.5712,261.7496,7.9036
AAPL,2010-08-05,261.73,263.1804,260.5512,261.6992,7.902
AAPL,2010-08-06,259.7812,261.4892,257.6308,260.0892,7.8534
AAPL,2010-08-03,261.0104,263.2588,259.42,261.9288,7.909
AAPL,2010-08-04,262.8388,264.2808,260.3104,262.9788,7.9407
NVDA,2010-08-13,9.25,9.52,9.23,9.39,2.1531
AAPL,2010-07-26,259.9996,260.1004,257.7092,259.28,7.829
NVDA,2010-08-12,8.72,9.16,8.65,8.961,2.0548
NVDA,2010-08-09,9.65,9.66,9.405,9.64,2.2105
AAPL,2010-07-30,255.8892,259.7,254.9008,257.25,7.7677
AAPL,2010-07-29,260.7108,262.6512,256.0992,258.1096,7.7937
AAPL,2010-07-28,263.6704,265.9888,260.2488,260.96,7.8797
AAPL,2010-07-22,257.6812,259.9996,255.3096,259.0196,7.8211
AAPL,2010-07-16,253.1788,254.9708,248.4104,249.9,7.5458
NVDA,2010-07-26,10.33,10.59,10.17,10.55,2.4191
AAPL,2010-07-15,248.2312,256.97,247.2988,251.4512,7.5926
AAPL,2010-07-14,249.3792,255.7996,249.0012,252.7308,7.6312
NVDA,2010-07-30,9.06,9.35,8.92,9.19,2.1073
NVDA,2010-07-29,9.4,9.6,9.07,9.13,2.0935
NVDA,2010-07-28,10.29,10.47,10.1,10.13,2.3228
AAPL,2010-07-23,257.0904,260.3804,256.2812,259.9408,7.8489
AAPL,2010-07-21,265.09,265.1488,253.9992,254.24,7.6768
AAPL,2010-07-20,242.9,252.8988,240.0104,251.8908,7.6059
AAPL,2010-07-09,256.8888,259.8988,255.1612,259.6188,7.8392
NVDA,2010-07-23,10.53,10.54,10.26,10.36,2.3756
NVDA,2010-07-20,10.19,10.78,10.1,10.72,2.4581
NVDA,2010-07-22,10.48,10.65,10.42,10.54,2.4168
NVDA,2010-07-21,10.82,10.83,10.27,10.37,2.3778
AAPL,2010-07-08,262.4804,262.9004,254.8896,258.09,7.7931
AAPL,2006-03-03,69.4008,69.9104,67.5304,67.7208,2.0448
AAPL,2010-07-07,250.4908,258.7704,249.7488,258.6696,7.8106
AAPL,2010-07-06,251.0004,252.8008,246.1592,248.6288,7.5074
NVDA,2010-07-16,10.72,10.75,10.01,10.05,2.3045
AAPL,2010-07-19,249.8804,249.8804,239.5988,245.5796,7.4153
NVDA,2010-07-15,11.04,11.05,10.59,10.72,2.4581
NVDA,2010-07-14,11.4,11.48,10.87,11.03,2.5292
AAPL,2010-07-02,250.4908,250.9304,243.1996,246.9404,7.4564
NVDA,2010-07-27,10.58,10.6,10.33,10.46,2.3985
AAPL,2010-07-13,256.3204,256.3988,246.4308,251.8012,7.6032
NVDA,2010-07-19,10.19,10.5,10.12,10.46,2.3985
NVDA,2010-07-13,10.71,10.99,10.65,10.92,2.504
AAPL,2010-06-17,270.6004,272.8992,269.5,271.8688,8.2091
AAPL,2010-07-12,258.5296,261.8504,254.8588,257.2892,7.7689
AAPL,2006-03-02,68.9892,69.9888,68.67,69.6108,2.1019
AAPL,2010-06-25,270.06,270.27,265.8096,266.7,8.053
AAPL,2010-06-24,271.0008,273.1988,268.1,268.9988,8.1225
AAPL,2010-06-23,274.5792,274.6604,267.9012,270.97,8.182
AAPL,2010-06-22,272.16,275.9708,271.4992,273.8512,8.269
AAPL,2010-06-21,277.69,279.0088,268.73,270.1692,8.1578
NVDA,2010-07-01,10.24,10.45,9.93,10.38,2.3801
NVDA,2010-06-30,10.5,10.61,10.2087,10.21,2.3412
NVDA,2010-06-29,10.86,10.87,10.41,10.48,2.4031
NVDA,2010-07-12,10.35,10.67,10.34,10.54,2.4168
AAPL,2010-07-01,254.2988,254.8,243.2192,248.4804,7.5029
AAPL,2010-06-30,256.7096,257.9696,250.0092,251.5296,7.595
AAPL,2010-06-29,264.1212,264.39,254.2988,256.1692,7.7351
NVDA,2010-07-09,10.36,10.42,10.22,10.35,2.3733
NVDA,2010-07-08,10.7,10.71,10.18,10.31,2.3641
NVDA,2010-07-07,10.18,10.69,10.16,10.63,2.4375
NVDA,2010-07-06,10.21,10.54,10.05,10.14,2.3251
NVDA,2010-06-25,11.19,11.2,10.9,11.08,2.5406
AAPL,2010-06-15,255.64,259.8512,255.5,259.6888,7.8413
AAPL,2010-06-16,261.1,267.75,260.6296,267.2488,8.0696
NVDA,2010-06-24,11.62,11.68,11.07,11.11,2.5475
AAPL,2010-06-28,266.9296,269.7492,264.5188,268.2988,8.1013
NVDA,2010-06-23,11.67,11.81,11.34,11.69,2.6805
NVDA,2010-06-22,12.16,12.31,11.5,11.56,2.6507
NVDA,2010-06-21,12.56,12.59,11.9,12.01,2.7539
AAPL,2010-06-14,255.9592,259.1512,254.0104,254.2792,7.678
AAPL,2006-03-01,68.8408,69.4904,68.0204,69.1012,2.0865
NVDA,2010-06-28,11.16,11.26,10.9,11.1,2.5452
NVDA,2010-06-11,11.23,11.655,11.2,11.61,2.6622
AAPL,2010-06-18,272.2496,274.9992,271.4208,274.0696,8.2756
NVDA,2006-03-10,48.1752,48.7904,46.9604,47.39,3.6222
NVDA,2010-06-14,11.78,11.8,11.33,11.36,2.6049
NVDA,2010-07-02,10.42,10.44,9.9,10.25,2.3503
NVDA,2010-06-18,12.29,12.45,12.2,12.3,2.8204
AAPL,2010-06-11,248.2312,253.8592,247.3688,253.5092,7.6547
AAPL,2010-06-10,244.8404,250.9808,242.2,250.5104,7.5642
NVDA,2010-06-10,11.13,11.4,11.1,11.35,2.6026
AAPL,2010-06-09,251.4708,251.8992,242.4912,243.1996,7.3434
NVDA,2010-06-09,11.24,11.54,10.87,10.91,2.5017
AAPL,2010-06-08,253.2404,253.8004,245.6496,249.3288,7.5285
NVDA,2010-06-08,11.445,11.45,10.89,11.18,2.5636
AAPL,2010-06-07,258.2888,259.1512,250.5496,250.9388,7.5771
NVDA,2010-06-07,12.15,12.23,11.45,11.5025,2.6375
NVDA,2006-03-09,48.5552,49.37,48.2,48.23,3.6864
AAPL,2010-05-28,259.3892,259.4004,253.3496,256.8804,7.7565
AAPL,2006-02-28,71.5792,72.3996,68.0988,68.4908,2.0681
AAPL,2010-06-04,258.2104,261.9008,254.6292,255.9592,7.7287
NVDA,2006-03-08,48.23,48.48,46.26,47.9804,3.6673
AAPL,2006-02-27,71.9908,72.1196,70.6496,70.9912,2.1436
NVDA,2010-06-17,12.18,12.25,11.76,12.22,2.8021
NVDA,2010-06-15,11.49,11.98,11.47,11.9225,2.7338
NVDA,2010-06-16,11.84,11.95,11.61,11.77,2.6989
NVDA,2010-06-04,12.33,12.55,12.03,12.095,2.7734
AAPL,2010-05-25,239.3496,246.7612,237.16,245.2212,7.4045
AAPL,2010-05-24,247.2792,250.8996,246.26,246.7612,7.451
NVDA,2010-06-03,12.46,12.73,12.42,12.7,2.9121
AAPL,2010-06-03,265.1796,265.5492,260.4112,263.1188,7.9449
AAPL,2010-06-02,264.5412,264.7988,260.33,263.9504,7.97
AAPL,2010-06-01,259.6888,265.9412,258.9608,260.8312,7.8758
AAPL,2010-05-27,250.6,253.89,249.1104,253.3496,7.6499
AAPL,2010-05-17,254.6992,256.1804,247.7104,254.2204,7.6762
AAPL,2010-05-18,256.9812,258.5492,250.2612,252.3612,7.6201
NVDA,2010-06-02,12.6,12.735,12.515,12.72,2.9167
NVDA,2010-06-01,12.96,13.11,12.57,12.58,2.8846
AAPL,2010-05-21,232.82,244.4988,231.35,242.3204,7.3169
AAPL,2010-05-26,250.0792,252.1288,243.7512,244.1096,7.3709
NVDA,2010-05-27,13.07,13.5,13.04,13.5,3.0956
AAPL,2010-05-13,263.2196,265.0004,256.3988,258.3588,7.8012
NVDA,2010-05-26,13.2,13.45,12.71,12.75,2.9236
AAPL,2010-05-12,259.2408,263.13,258.7004,262.0912,7.9139
NVDA,2010-05-24,12.69,12.84,12.32,12.36,2.8342
NVDA,2010-05-25,11.97,12.75,11.85,12.69,2.9098
AAPL,2010-05-11,251.8404,259.8904,250.4992,256.5192,7.7456
AAPL,2010-05-10,250.25,254.6488,248.5308,253.9908,7.6693
NVDA,2010-05-19,12.5,12.78,12.41,12.76,2.9259
NVDA,2010-05-18,13.1,13.18,12.49,12.56,2.88
NVDA,2010-05-17,12.98,13.15,12.58,12.99,2.9786
NVDA,2010-05-21,12.1,13.075,12.1,12.73,2.919
AAPL,2010-05-07,243.7092,246.5708,225.2096,235.8608,7.1219
NVDA,2010-05-14,13.66,13.7,12.6,12.96,2.9717
AAPL,2010-05-14,255.1612,256.48,249.4996,253.82,7.6641
NVDA,2010-05-28,13.48,13.48,12.94,13.14,3.013
AAPL,2010-05-20,241.8808,243.8492,236.2108,237.7592,7.1792
NVDA,2006-03-07,49.07,49.4504,47.25,48.2204,3.6856
AAPL,2010-05-19,249.4996,252.9212,244.8488,248.3404,7.4987
AAPL,2010-05-06,253.8312,258.2496,199.2508,246.2488,7.4355
NVDA,2010-05-20,12.39,12.76,12.01,12.46,2.8571
AAPL,2010-04-21,258.8012,260.2488,255.7296,259.2212,7.8272
NVDA,2010-05-06,14.4,14.7,13.04,14.2,3.2561
AAPL,2010-04-29,263.0208,270.0012,262.01,268.6404,8.1116
AAPL,2010-04-28,263.2504,264.0008,256.41,261.6012,7.8991
AAPL,2010-04-27,267.2712,267.8396,260.5204,262.0408,7.9124
AAPL,2010-04-26,271.88,272.4596,268.1896,269.5,8.1376
NVDA,2010-05-05,14.45,14.87,14.32,14.5,3.3249
AAPL,2010-05-05,253.0304,258.1404,248.7296,255.99,7.7297
AAPL,2010-05-04,262.8892,263.2896,256.7488,258.6808,7.8109
AAPL,2010-05-03,263.8412,267.8788,262.8808,266.35,8.0425
NVDA,2010-05-13,14.62,15.29,14.51,14.65,3.3593
NVDA,2010-05-12,14.5,14.76,14.41,14.68,3.3661
NVDA,2010-05-11,14.42,14.69,14.29,14.4,3.3019
NVDA,2010-05-10,14.8,14.98,14.4,14.56,3.3386
AAPL,2010-04-20,248.5392,249.2504,242.9588,244.5912,7.3855
NVDA,2010-05-04,15.3,15.33,14.53,14.75,3.3822
AAPL,2010-04-19,247.03,247.8896,241.7688,247.0692,7.4603
NVDA,2010-05-03,15.79,15.88,15.3,15.54,3.5633
NVDA,2010-04-29,16.21,16.67,15.97,16.65,3.8179
NVDA,2010-04-28,16.12,16.39,15.83,16.16,3.7055
AAPL,2010-04-23,267.9908,272.1796,266.9996,270.83,8.1778
NVDA,2010-05-07,14.33,14.33,13.46,13.96,3.201
NVDA,2010-04-27,16.48,16.65,16.08,16.13,3.6986
NVDA,2010-04-26,16.46,16.8,16.43,16.6,3.8064
NVDA,2010-04-23,16.62,16.66,16.15,16.44,3.7697
AAPL,2010-04-30,269.3096,270.5696,260.9992,261.0888,7.8836
AAPL,2010-04-16,248.57,251.1404,244.5492,247.3996,7.4703
AAPL,2010-04-22,258.2412,266.7504,256.2,266.4704,8.0461
NVDA,2010-04-30,16.45,16.48,15.7,15.71,3.6023
AAPL,2010-04-08,240.4388,241.5392,238.0392,239.9488,7.2453
AAPL,2010-04-01,237.4092,238.7308,232.75,235.97,7.1251
NVDA,2010-04-16,17.28,17.35,16.68,17.06,3.9119
AAPL,2010-04-07,239.5512,241.92,238.6608,240.6012,7.265
AAPL,2010-04-06,238.1988,240.24,237.0004,239.54,7.2329
AAPL,2010-04-05,234.9788,238.5096,234.7688,238.49,7.2012
NVDA,2010-04-22,16.33,16.72,16.1,16.67,3.8224
AAPL,2010-04-15,245.7812,249.0292,245.5096,248.92,7.5162
AAPL,2010-04-14,245.28,245.8092,244.0704,245.6888,7.4186
AAPL,2010-04-13,241.8612,242.7992,241.1108,242.4296,7.3202
NVDA,2010-04-08,17.05,17.175,16.79,16.88,3.8706
AAPL,2010-04-12,242.2,243.0708,241.8108,242.2896,7.316
NVDA,2010-04-21,17.13,17.15,16.4,16.6,3.8064
NVDA,2010-04-20,17.1,17.28,16.82,17.04,3.9073
AAPL,2010-03-31,235.4912,236.6112,234.4608,235.0012,7.0959
NVDA,2010-04-19,16.93,17.03,16.41,16.98,3.8935
NVDA,2010-04-15,17.94,18.12,17.76,18.01,4.1297
NVDA,2010-04-14,18.04,18.13,17.6,17.88,4.0999
NVDA,2010-04-13,17.37,17.72,17.3,17.66,4.0494
AAPL,2010-03-30,236.6,237.4792,234.2508,235.8496,7.1215
AAPL,2010-03-29,232.9992,233.87,231.6188,232.3888,7.017
NVDA,2010-04-07,16.94,17.45,16.8,17.16,3.9348
NVDA,2010-04-12,17.01,17.37,16.98,17.3,3.9669
NVDA,2010-04-06,17.26,17.3,16.75,17.05,3.9096
AAPL,2010-04-09,241.43,241.8892,240.4612,241.7912,7.3009
NVDA,2010-04-05,17.33,17.51,17.31,17.48,4.0082
AAPL,2010-03-26,228.9504,231.9492,228.55,230.8992,6.972
NVDA,2006-03-06,50.12,50.45,48.8204,49.0604,3.7498
NVDA,2010-04-09,16.84,17.05,16.75,16.99,3.8958
NVDA,2010-03-25,17.54,17.65,17.3,17.34,3.9761
AAPL,2010-03-25,230.9188,230.9692,226.2512,226.6488,6.8437
AAPL,2010-03-10,223.8292,225.4812,223.1992,224.84,6.7891
AAPL,2010-03-18,224.1008,224.9996,222.6112,224.6496,6.7833
NVDA,2010-03-24,17.74,17.79,17.255,17.29,3.9646
AAPL,2010-03-24,227.64,230.1992,227.5112,229.3704,6.9259
NVDA,2010-04-01,17.48,17.68,17.04,17.22,3.9486
AAPL,2010-03-23,225.6408,228.7796,224.1008,228.3596,6.8954
NVDA,2010-03-18,18.13,18.13,17.3,17.46,4.0036
AAPL,2010-03-22,220.4692,225.9992,220.15,224.7504,6.7864
AAPL,2010-03-19,224.7896,225.2404,221.2308,222.25,6.7109
NVDA,2010-03-31,17.56,17.64,17.31,17.4,3.9898
NVDA,2010-03-30,17.76,17.85,17.33,17.63,4.0426
NVDA,2010-03-29,17.45,17.6,17.21,17.56,4.0265
AAPL,2010-03-17,224.8988,226.45,223.2692,224.1204,6.7673
AAPL,2010-03-16,224.1792,224.98,222.5104,224.4508,6.7773
AAPL,2010-03-15,225.3804,225.5008,220.2508,223.8404,6.7589
NVDA,2010-03-23,17.655,17.98,17.54,17.89,4.1022
NVDA,2010-03-22,17.03,17.6,17.03,17.53,4.0196
AAPL,2010-03-09,218.3104,224.9996,217.8904,223.02,6.7341
AAPL,2010-03-12,227.3712,227.7296,225.75,226.6012,6.8423
AAPL,2010-03-08,220.01,220.0912,218.2488,219.0804,6.6152
NVDA,2010-03-19,17.72,17.77,17.03,17.25,3.9554
NVDA,2010-03-17,17.86,18.34,17.86,18.1,4.1503
AAPL,2010-03-11,223.9104,225.5008,223.3196,225.5008,6.809
NVDA,2010-03-26,17.49,17.67,17.1975,17.34,3.9761
AAPL,2010-03-05,214.9392,219.6992,214.6312,218.9488,6.6112
NVDA,2010-03-16,17.15,17.86,17.14,17.755,4.0712
NVDA,2010-03-15,17.23,17.4,17,17.16,3.9348
NVDA,2010-03-12,17.38,17.43,17.16,17.25,3.9554
NVDA,2010-03-11,17.45,17.51,17.12,17.19,3.9417
NVDA,2010-02-26,16.32,16.44,16.1,16.2,3.7147
AAPL,2010-02-24,198.2288,201.4404,197.8396,200.6592,6.0589
NVDA,2010-02-25,16.17,16.44,15.76,16.4,3.7605
AAPL,2010-03-04,209.2804,210.9212,208.6308,210.7112,6.3625
AAPL,2010-02-18,201.6308,203.8904,200.9196,202.93,6.1275
NVDA,2010-03-10,17.5,17.78,17.49,17.59,4.0334
AAPL,2010-03-03,208.9388,209.8712,207.9392,209.3308,6.3208
AAPL,2010-03-02,209.93,210.8288,207.7404,208.8492,6.3062
AAPL,2010-03-01,205.7496,209.4988,205.45,208.9892,6.3105
NVDA,2010-03-04,16.7,16.83,16.45,16.66,3.8201
AAPL,2010-02-23,200.0012,201.3312,195.7088,197.0612,5.9503
NVDA,2010-02-24,16.35,16.71,16.3,16.55,3.7949
AAPL,2010-02-17,204.19,204.3104,200.8608,202.5492,6.116
AAPL,2010-02-22,202.3392,202.4988,199.1892,200.4212,6.0517
NVDA,2010-03-03,16.94,17.03,16.49,16.63,3.8133
NVDA,2010-03-02,17,17.21,16.72,16.84,3.8614
NVDA,2010-03-01,16.21,16.93,16.08,16.85,3.8637
NVDA,2010-03-09,17.09,17.72,17.08,17.55,4.0242
NVDA,2010-03-08,17.18,17.23,16.85,16.92,3.8798
AAPL,2010-02-16,201.9388,203.6888,201.5188,203.4004,6.1417
AAPL,2010-02-26,202.3812,205.17,202.0004,204.6212,6.1786
NVDA,2010-02-23,16.66,16.73,16.04,16.21,3.717
AAPL,2010-02-25,197.3804,202.86,196.8904,202.0004,6.0994
NVDA,2010-03-05,16.54,17.29,16.54,17.17,3.9371
AAPL,2010-02-19,201.8604,203.1988,201.11,201.67,6.0895
AAPL,2010-02-12,198.1112,201.6392,195.4988,200.3792,6.0505
NVDA,2010-02-22,16.65,16.9,16.5,16.61,3.8087
AAPL,2010-02-11,194.88,199.7492,194.0596,198.6712,5.9989
NVDA,2010-02-12,17,17.7,16.805,17.35,3.9784
NVDA,2010-02-19,16.6,16.78,16.5,16.58,3.8018
AAPL,2010-02-10,195.8908,196.5992,194.2612,195.1208,5.8917
AAPL,2010-01-29,201.0792,202.1992,190.2488,192.0604,5.7993
AAPL,2010-01-27,206.85,210.5796,199.5308,207.8804,6.277
NVDA,2010-02-11,16.63,17.3,16.51,17.12,3.9256
NVDA,2010-02-10,16.16,16.52,16.05,16.37,3.7536
AAPL,2010-01-28,204.9292,205.5004,198.6992,199.29,6.0176
AAPL,2010-02-09,196.42,197.5008,194.7512,196.1904,5.924
NVDA,2010-02-04,16.73,16.73,15.72,15.9,3.6459
AAPL,2010-01-26,205.9512,213.71,202.58,205.94,6.2184
NVDA,2010-02-09,16.45,16.53,15.9,16.06,3.6826
NVDA,2010-02-03,16.59,16.95,16.51,16.88,3.8706
AAPL,2010-02-03,195.1712,200.2,194.4208,199.2312,6.0158
AAPL,2010-02-02,195.9104,196.3192,193.3792,195.86,5.914
AAPL,2010-02-01,192.3712,196,191.2988,194.7288,5.8799
NVDA,2010-02-18,16.86,16.95,16.21,16.67,3.8224
AAPL,2010-02-08,195.6892,197.8788,194.0008,194.1212,5.8615
AAPL,2010-02-05,192.6288,196,190.8508,195.4596,5.9019
NVDA,2010-02-17,17.89,17.9,17.325,17.84,4.0907
NVDA,2010-02-16,17.58,17.74,17.37,17.67,4.0517
AAPL,2010-01-25,202.51,204.6996,200.1888,203.07,6.1317
AAPL,2010-02-04,196.7308,198.3688,191.5704,192.0492,5.799
NVDA,2010-02-08,16.17,16.58,15.873,16.19,3.7124
NVDA,2010-02-02,16.51,16.95,16.46,16.74,3.8385
NVDA,2010-02-05,15.88,16.26,15.6,16.22,3.7193
AAPL,2010-01-15,210.9296,211.5988,205.87,205.9288,6.218
AAPL,2010-01-14,210.1092,210.4592,209.02,209.4288,6.3237
AAPL,2010-01-22,206.78,207.4996,197.1592,197.75,5.9711
NVDA,2010-01-22,16.85,17.16,16.36,16.46,3.7743
NVDA,2010-02-01,15.45,16.6,15.32,16.57,3.7995
AAPL,2010-01-12,209.1908,209.7704,206.4188,207.7208,6.2722
AAPL,2010-01-13,207.8692,210.9296,204.1004,210.6496,6.3606
NVDA,2010-01-21,17.35,17.66,16.89,17.05,3.9096
NVDA,2010-01-29,16.27,16.45,15.15,15.39,3.5289
AAPL,2010-01-21,212.0804,213.3096,207.2112,208.0708,6.2827
NVDA,2010-01-19,16.98,17.54,16.93,17.43,3.9967
AAPL,2010-01-06,214.3792,215.2304,210.7504,210.9688,6.3702
NVDA,2010-01-15,17.5,17.65,16.88,17.11,3.9233
NVDA,2010-01-28,16.78,16.84,15.86,16.09,3.6894
NVDA,2010-01-27,16.2,16.71,16.02,16.65,3.8179
AAPL,2010-01-11,212.8,212.9988,208.4488,210.1092,6.3443
NVDA,2010-01-14,17.69,17.82,17.33,17.63,4.0426
NVDA,2010-01-13,17.79,17.97,17.1,17.91,4.1068
NVDA,2010-01-26,16.66,16.77,16.2,16.21,3.717
AAPL,2010-01-20,214.9112,215.5496,209.4988,211.7304,6.3932
NVDA,2010-01-12,18.02,18.09,17.29,17.67,4.0517
NVDA,2010-01-11,18.65,18.73,18.03,18.29,4.1939
AAPL,2010-01-19,208.3312,215.1912,207.2392,215.04,6.4932
NVDA,2010-01-20,17.21,17.43,16.98,17.355,3.9795
AAPL,2010-01-05,214.6004,215.5888,213.2508,214.3792,6.4732
AAPL,2010-01-04,213.43,214.4996,212.38,214.0096,6.4621
AAPL,2010-01-08,210.2996,211.9992,209.0592,211.9796,6.4008
AAPL,2010-01-07,211.75,211.9992,209.0508,210.5796,6.3585
AAPL,2009-12-21,196.0504,199.7492,195.6696,198.2288,5.9855
NVDA,2010-01-04,18.51,18.62,18.11,18.49,4.2398
NVDA,2010-01-25,16.73,17.06,16.61,16.74,3.8385
NVDA,2010-01-08,18.36,18.6821,18.25,18.55,4.2535
NVDA,2010-01-07,18.78,18.86,18.37,18.51,4.2444
AAPL,2009-12-31,213.1304,213.3488,210.56,210.7308,6.363
NVDA,2010-01-06,18.75,18.92,18.57,18.88,4.3292
AAPL,2009-12-30,208.8296,211.9992,208.3088,211.6408,6.3905
NVDA,2009-12-23,18.05,18.18,17.82,18.13,4.1572
AAPL,2009-12-29,212.6292,212.7188,208.7288,209.1012,6.3138
AAPL,2009-12-28,211.7192,213.9508,209.6108,211.61,6.3896
NVDA,2009-12-22,17.42,18.06,17.4,17.88,4.0999
NVDA,2009-12-21,16.92,17.49,16.9,17.42,3.9944
AAPL,2009-12-16,195.1012,196.5012,194.5496,195.0312,5.889
NVDA,2009-12-31,18.71,18.95,18.66,18.68,4.2833
AAPL,2009-12-15,195.8292,197.5092,193.27,194.1688,5.863
AAPL,2009-12-14,195.37,197.4308,192.5588,196.98,5.9478
NVDA,2009-12-30,18.19,18.78,18.06,18.67,4.281
AAPL,2009-12-11,197.7808,197.9992,193.4296,194.67,5.8781
NVDA,2009-12-28,18.06,18.22,17.62,17.8,4.0815
NVDA,2009-12-29,17.74,18.07,17.7,18.02,4.132
AAPL,2009-12-24,203.5488,209.3504,203.35,209.0396,6.312
AAPL,2009-12-10,199.5,199.6988,196.1204,196.4312,5.9313
NVDA,2009-12-18,16.97,17.03,16.62,16.82,3.8568
NVDA,2010-01-05,18.42,18.96,18.42,18.76,4.3017
AAPL,2009-12-23,201.1996,202.3812,200.8104,202.1012,6.1025
AAPL,2009-12-22,199.4412,200.8496,198.66,200.3596,6.0499
AAPL,2009-12-09,191.2792,198.1588,190.3104,197.8004,5.9726
AAPL,2009-12-08,189.3612,192.3488,188.7004,189.8708,5.7332
NVDA,2009-12-17,16.96,17.48,16.58,16.83,3.8591
NVDA,2009-12-24,18.18,18.21,18.02,18.09,4.148
AAPL,2009-12-18,193.1692,195.4988,192.6008,195.4288,5.901
AAPL,2009-12-17,194.2612,195.0004,190.9992,191.8588,5.7932
AAPL,2009-11-24,205.3296,205.8812,202.8992,204.4392,6.1731
AAPL,2009-12-07,193.3204,193.7712,188.6808,188.9496,5.7054
NVDA,2009-12-04,14.09,14.32,13.87,14.26,3.2698
AAPL,2009-11-23,203,205.9988,202.9496,205.8812,6.2166
NVDA,2009-12-03,13.88,14.13,13.81,13.83,3.1712
NVDA,2009-12-09,15.47,15.805,15.32,15.69,3.5977
AAPL,2009-11-20,199.15,200.3904,197.7612,199.92,6.0366
NVDA,2009-12-08,15.83,15.9,15.22,15.31,3.5106
NVDA,2009-12-07,15.85,16.45,15.1,16.09,3.6894
NVDA,2009-12-02,13.35,13.75,13.27,13.72,3.146
AAPL,2009-12-02,198.9596,201.4208,195.7508,196.2296,5.9252
AAPL,2009-12-01,202.2412,202.7704,196.8288,196.9688,5.9475
AAPL,2009-11-30,201.11,201.6812,198.7692,199.9088,6.0363
NVDA,2009-12-16,16.21,17.09,16.12,16.91,3.8775
NVDA,2009-12-14,15.43,15.72,15.26,15.67,3.5931
NVDA,2009-12-15,15.56,15.91,15.52,15.65,3.5886
NVDA,2009-12-11,15.54,15.56,15.17,15.21,3.4877
NVDA,2009-12-01,13.13,13.47,13.06,13.32,3.0543
AAPL,2009-11-27,199.22,202.9608,198.3688,200.5892,6.0568
NVDA,2009-11-30,12.84,13.07,12.7,13.06,2.9947
NVDA,2009-11-27,12.6,12.94,12.53,12.79,2.9328
AAPL,2009-11-25,205.3996,205.6488,203.7588,204.19,6.1655
NVDA,2009-12-10,15.8,15.9,15.36,15.41,3.5335
NVDA,2009-11-25,13.07,13.25,12.975,13.07,2.997
AAPL,2009-12-04,199.6988,199.8808,190.2796,193.3204,5.8373
AAPL,2009-12-03,197.4196,198.9792,196.2688,196.4788,5.9327
NVDA,2006-03-03,48.54,50.01,48.45,49.16,3.7575
AAPL,2009-11-18,206.5392,207.0012,203.9996,205.9596,6.219
AAPL,2009-11-19,204.61,204.61,199.7996,200.5108,6.0545
AAPL,2009-11-05,192.3992,195.0004,191.8196,194.0288,5.8587
AAPL,2009-11-10,201.0204,204.9796,201.0092,202.9804,6.129
NVDA,2006-03-02,48.87,49.6812,48.36,48.99,3.7445
AAPL,2009-11-04,190.7304,193.8496,190.2292,190.8088,5.7615
NVDA,2009-11-19,13.23,13.23,12.74,12.98,2.9763
AAPL,2009-11-09,196.9408,201.8996,196.2604,201.46,6.0831
NVDA,2009-11-24,12.94,13.03,12.71,12.92,2.9626
NVDA,2009-11-10,13.51,13.51,12.96,13.13,3.0107
NVDA,2009-11-23,13.09,13.327,12.94,13,2.9809
AAPL,2009-11-17,206.08,207.4408,204.9992,207.0012,6.2504
AAPL,2009-11-16,205.4808,208.0008,205.0104,206.6288,6.2392
NVDA,2009-11-18,13.6,13.65,13.29,13.52,3.1001
NVDA,2006-03-01,47.3,49.2,47,48.92,3.7391
AAPL,2009-11-06,192.5112,195.1908,192.3992,194.3396,5.8681
NVDA,2009-11-20,12.68,12.96,12.65,12.9,2.958
NVDA,2009-11-09,13.34,13.65,13.33,13.46,3.0864
AAPL,2009-11-13,202.8712,204.8312,202.0704,204.4504,6.1734
AAPL,2009-11-03,187.8492,189.5208,185.92,188.7508,5.6994
AAPL,2009-11-12,203.14,204.8704,201.4292,201.9892,6.0991
AAPL,2009-11-02,189.8008,192.8808,185.57,189.3108,5.7163
NVDA,2009-11-17,13.758,13.758,13.47,13.73,3.1483
NVDA,2009-11-06,13.04,13.43,12.88,13.16,3.0176
NVDA,2009-11-16,13.68,13.91,13.61,13.75,3.1529
AAPL,2009-11-11,204.5596,204.9992,201.8296,203.2492,6.1371
AAPL,2009-10-30,196.0588,196.8008,188.1712,188.4988,5.6917
NVDA,2009-11-13,13.45,13.63,13.39,13.56,3.1093
AAPL,2009-10-29,195.0004,196.8092,192.1388,196.35,5.9288
AAPL,2009-10-28,197.7108,198.0188,191.1,192.3992,5.8095
NVDA,2009-11-12,13.62,13.85,13.42,13.46,3.0864
AAPL,2009-10-13,190.6296,191.17,189.7,190.0192,5.7377
NVDA,2009-11-11,13.35,13.82,13.3275,13.5,3.0956
AAPL,2009-10-22,204.6996,207.8496,202.51,205.2008,6.1961
AAPL,2009-10-27,201.6588,202.8096,196.4508,197.3692,5.9596
NVDA,2009-11-05,12.12,12.39,12.08,12.27,2.8135
NVDA,2009-10-22,13.31,13.54,13.08,13.47,3.0887
AAPL,2009-10-26,203.6692,206.7492,200.0992,202.4792,6.1139
NVDA,2009-11-04,12.1,12.23,11.93,11.98,2.747
AAPL,2009-10-21,199.5196,208.7092,199.2312,204.9208,6.1876
AAPL,2009-10-12,191.0188,191.5088,189.6412,190.8088,5.7615
NVDA,2009-10-27,12.92,13.11,12.41,12.54,2.8754
AAPL,2006-02-24,72.1392,72.8896,71.2012,71.4588,2.1577
NVDA,2009-10-21,13.66,13.87,13.31,13.38,3.068
NVDA,2009-10-20,13.93,14.03,13.6,13.71,3.1437
AAPL,2009-10-23,205.6992,205.8,203.2296,203.9408,6.158
NVDA,2009-11-03,11.68,12.07,11.56,12.01,2.7539
NVDA,2009-11-02,11.94,12.33,11.73,12.07,2.7677
NVDA,2009-10-26,13.25,13.45,12.91,12.98,2.9763
AAPL,2009-10-20,200.6004,201.7512,197.8508,198.7608,6.0016
AAPL,2009-10-19,187.8492,189.9996,185.5504,189.8596,5.7328
AAPL,2009-10-09,188.9692,190.6996,188.6192,190.47,5.7513
NVDA,2009-10-23,13.65,13.65,13.07,13.15,3.0153
AAPL,2009-10-16,189.35,190.3608,187.8408,188.0508,5.6782
NVDA,2009-10-19,13.33,13.81,13.22,13.7,3.1414
NVDA,2009-10-16,13.36,13.4,12.98,13.22,3.0314
AAPL,2009-10-15,189.63,190.9208,189.5292,190.5596,5.754
AAPL,2009-10-14,192.2508,192.3208,190.2292,191.2904,5.776
NVDA,2009-10-30,12.49,12.535,11.9,11.96,2.7424
NVDA,2009-10-29,12.21,12.61,12.1,12.55,2.8777
NVDA,2009-10-28,12.26,12.535,11.96,12.02,2.7562
AAPL,2006-02-23,71.7892,72.9988,71.4308,71.75,2.1665
NVDA,2009-10-15,13.92,14.05,13.44,13.53,3.1024
NVDA,2009-10-14,14.5,14.5,13.87,13.94,3.1964
AAPL,2009-10-08,190.6604,191.45,188.8908,189.2688,5.715
NVDA,2009-10-01,14.98,14.98,13.95,13.96,3.201
AAPL,2009-09-29,186.7292,187.4012,184.31,185.3796,5.5976
NVDA,2009-09-30,14.86,15.21,14.53,15.03,3.4464
AAPL,2009-10-07,189.7588,190.5512,189.0308,190.2488,5.7446
AAPL,2009-09-24,187.1996,187.7008,182.77,183.82,5.5505
AAPL,2009-09-23,185.3992,188.8992,185.0296,185.5,5.6012
NVDA,2009-09-29,14.92,15.1,14.53,14.56,3.3386
NVDA,2009-09-28,14.55,15.2,14.55,14.83,3.4005
NVDA,2009-10-13,14.09,14.25,13.83,13.96,3.201
AAPL,2009-09-22,185.1892,185.3796,182.8512,184.4808,5.5704
AAPL,2009-09-21,184.2904,185.1612,181.6192,184.0188,5.5565
NVDA,2009-09-25,14.66,14.73,14.39,14.5,3.3249
NVDA,2009-10-08,13.98,14.02,13.49,13.99,3.2079
AAPL,2009-09-18,185.8304,186.55,184.7608,185.0212,5.5867
AAPL,2009-09-17,181.9804,186.7908,181.9692,184.5508,5.5725
AAPL,2009-09-16,177.9904,182.7504,177.8812,181.8712,5.4916
AAPL,2009-09-15,174.0396,175.6496,173.5888,175.1596,5.289
AAPL,2009-09-14,170.8308,173.8996,170.2512,173.7204,5.2455
AAPL,2009-09-28,183.8704,186.6788,183.33,186.1496,5.6208
NVDA,2009-09-24,15.19,15.19,14.69,14.74,3.3799
NVDA,2009-09-23,15.27,15.4,14.92,14.94,3.4257
NVDA,2009-09-22,15.26,15.35,15.06,15.18,3.4808
NVDA,2009-10-07,13.91,14.06,13.75,13.9,3.1873
NVDA,2009-10-12,13.93,14.28,13.92,14.01,3.2125
AAPL,2009-10-06,187.74,190.0108,187.3004,190.0108,5.7374
AAPL,2009-10-05,186.2,186.8608,184.2708,186.0208,5.6169
AAPL,2009-09-11,172.9112,173.18,170.87,172.1608,5.1984
NVDA,2009-09-21,15.04,15.41,14.91,15.15,3.4739
NVDA,2009-09-18,15.39,15.5,15.1,15.22,3.49
NVDA,2009-09-17,15.9,15.9,14.9682,15.24,3.4945
AAPL,2009-09-10,172.06,173.25,170.8112,172.5612,5.2105
AAPL,2009-09-09,172.7796,174.4708,169.6996,171.1388,5.1676
NVDA,2009-09-16,16.34,16.37,15.7,15.94,3.655
NVDA,2009-09-15,16.2,16.58,16.05,16.38,3.7559
NVDA,2009-09-14,16.08,16.21,15.91,16.05,3.6803
AAPL,2009-09-08,172.9812,173.1408,172.0012,172.9308,5.2217
AAPL,2009-09-04,167.2804,170.6992,167.09,170.31,5.1425
NVDA,2009-10-06,13.95,14.25,13.85,14.01,3.2125
NVDA,2009-09-11,16.43,16.49,16.2,16.318,3.7417
NVDA,2009-10-05,14,14.05,13.54,13.78,3.1598
AAPL,2009-09-03,166.4404,167.1012,165.0012,166.5496,5.029
AAPL,2009-09-02,164.6204,167.6108,164.1108,165.1804,4.9876
AAPL,2009-09-01,167.9888,169.9992,164.9396,165.3008,4.9913
AAPL,2009-08-31,168.1596,168.8512,166.4992,168.21,5.0791
AAPL,2009-08-28,172.27,172.4912,168.5292,170.0496,5.1347
NVDA,2009-09-09,15.5,15.99,15.28,15.96,3.6596
NVDA,2009-09-10,16.01,16.49,15.83,16.47,3.7766
NVDA,2009-09-08,15.22,15.53,15.1,15.53,3.561
AAPL,2009-09-25,182.0112,185.5,181.44,182.3696,5.5067
NVDA,2009-10-09,13.91,14.19,13.89,14.17,3.2492
AAPL,2009-10-02,181.4092,185.9396,181.3504,184.9008,5.5831
AAPL,2009-09-30,186.13,186.4492,182.6104,185.3488,5.5966
AAPL,2009-10-01,185.3488,186.2196,180.7008,180.8604,5.4611
AAPL,2009-08-27,168.7504,169.5708,164.8304,169.4504,5.1166
NVDA,2009-09-04,14.51,15.21,14.51,15.11,3.4647
AAPL,2006-02-22,69.0004,71.6688,68.0008,71.3188,2.1535
AAPL,2009-08-17,163.5508,163.59,159.4208,159.5888,4.8188
NVDA,2009-08-25,13.61,13.8,13.38,13.66,3.1322
NVDA,2009-09-03,14.23,14.59,14.19,14.57,3.3409
NVDA,2009-09-02,14.05,14.37,13.97,14.23,3.2629
AAPL,2009-08-25,169.4588,170.94,169.1312,169.4,5.1151
AAPL,2009-08-26,168.9212,169.5512,166.7596,167.4092,5.0549
NVDA,2009-09-01,14.51,14.92,13.95,14.03,3.2171
NVDA,2009-08-31,14.56,14.63,14.33,14.52,3.3294
NVDA,2009-10-02,13.82,14.15,13.74,13.85,3.1758
NVDA,2009-08-26,13.63,13.85,13.5807,13.82,3.1689
AAPL,2009-08-14,167.9412,168.2296,165.5304,166.7792,5.0359
NVDA,2009-08-20,13.12,13.76,13.0901,13.7,3.1414
NVDA,2009-08-24,13.85,14,13.46,13.54,3.1047
AAPL,2009-08-12,162.5512,166.7092,162.4588,165.3092,4.9915
NVDA,2009-08-19,13.13,13.26,13,13.18,3.0222
AAPL,2009-08-11,163.6908,164.3796,161.8792,162.8312,4.9167
NVDA,2009-08-18,12.86,13.48,12.85,13.33,3.0566
NVDA,2009-08-17,13.01,13.05,12.72,12.86,2.9488
AAPL,2009-08-24,170.1196,170.7104,168.2688,169.0612,5.1048
NVDA,2009-08-28,14.39,15.03,14.37,14.73,3.3776
AAPL,2009-08-13,166.6504,168.6692,166.4992,168.42,5.0855
AAPL,2009-08-10,165.6592,166.6,163.66,164.7212,4.9738
NVDA,2009-08-21,13.81,13.95,13.53,13.93,3.1942
NVDA,2009-08-14,13.81,13.83,13.24,13.42,3.0772
NVDA,2009-08-27,13.88,14.07,13.73,14.01,3.2125
AAPL,2009-08-21,167.65,169.3692,166.7988,169.2208,5.1096
AAPL,2009-08-20,164.9788,166.7204,164.6092,166.3312,5.0224
AAPL,2009-08-19,162.75,165.3008,162.4504,164.6008,4.9701
AAPL,2009-08-18,161.63,164.2396,161.4088,163.9988,4.952
AAPL,2009-07-28,158.8804,160.1012,157.6008,160.0004,4.8312
NVDA,2009-08-07,13.83,14.23,13.52,13.71,3.1437
NVDA,2009-08-06,13.45,13.69,13.043,13.12,3.0084
NVDA,2009-08-05,13.29,13.5,13.1301,13.4,3.0726
NVDA,2009-08-13,13.53,13.88,13.29,13.83,3.1712
AAPL,2009-08-07,165.4912,166.6,164.7996,165.5108,4.9976
AAPL,2009-08-06,165.5808,166.5104,163.0888,163.9092,4.9493
NVDA,2009-08-04,13.05,13.6,13.03,13.37,3.0657
NVDA,2009-08-03,13.24,13.43,12.99,13.28,3.0451
AAPL,2009-08-05,165.7488,167.3896,164.2088,165.1104,4.9855
AAPL,2009-07-27,160.1712,160.8796,157.2592,160.1012,4.8343
AAPL,2009-08-04,164.9312,165.5696,164.2088,165.55,4.9988
AAPL,2009-08-03,165.2112,166.6392,164.8696,166.4292,5.0254
AAPL,2009-07-21,153.2888,153.4288,149.7496,151.5108,4.5749
NVDA,2009-07-29,12.89,12.97,12.65,12.78,2.9305
NVDA,2009-07-28,12.93,13.18,12.82,13.04,2.9901
NVDA,2009-08-12,12.96,13.57,12.95,13.43,3.0795
NVDA,2009-08-11,13.17,13.37,12.88,12.95,2.9694
AAPL,2009-07-31,162.9908,165.0012,162.9096,163.3912,4.9336
NVDA,2009-07-31,12.88,13.11,12.58,12.93,2.9649
NVDA,2009-08-10,13.81,14.01,13.18,13.26,3.0405
AAPL,2009-07-30,161.7,164.7212,161.5012,162.7892,4.9154
NVDA,2009-07-30,13,13.17,12.77,12.88,2.9534
AAPL,2009-07-17,149.0804,152.0204,148.6296,151.7488,4.5821
NVDA,2009-07-27,12.84,13.21,12.72,13.02,2.9855
AAPL,2009-07-24,156.9512,160.0004,156.5004,159.9892,4.8309
AAPL,2009-07-16,145.7596,148.0192,145.5692,147.5208,4.4544
AAPL,2009-07-23,156.6292,158.4408,155.5596,157.8192,4.7654
AAPL,2009-07-29,158.9,160.4512,158.2504,160.0312,4.8322
AAPL,2009-07-22,157.7912,158.7292,156.1112,156.7412,4.7328
AAPL,2009-07-20,153.2692,155.0388,150.8892,152.9108,4.6172
NVDA,2009-07-14,10.57,10.75,10.45,10.71,2.4558
NVDA,2009-07-24,12.6,13,12.52,12.96,2.9717
NVDA,2009-07-15,11.1,11.37,11,11.15,2.5567
NVDA,2009-07-13,10.58,10.58,9.95,10.49,2.4054
NVDA,2009-07-23,12.29,13.04,12.16,13,2.9809
NVDA,2009-07-22,11.73,12.38,11.65,12.27,2.8135
NVDA,2009-07-20,12.17,12.35,12.01,12.22,2.8021
NVDA,2009-07-21,12.19,12.24,11.69,11.97,2.7447
AAPL,2009-07-13,139.5408,142.3408,137.5304,142.3408,4.298
AAPL,2009-07-15,145.04,147,144.3204,146.8796,4.4351
AAPL,2009-07-14,142.03,143.1808,141.1592,142.2708,4.2959
NVDA,2009-07-10,10.33,10.44,10.11,10.37,2.3778
NVDA,2009-07-09,10.28,10.5,10.25,10.33,2.3687
NVDA,2009-07-07,10.59,10.6499,10.06,10.09,2.3136
NVDA,2009-07-08,10.15,10.18,9.71,10.11,2.3182
NVDA,2009-07-06,10.89,10.9,10.37,10.55,2.4191
AAPL,2009-07-02,141.2488,142.8308,139.79,140.0196,4.2279
AAPL,2009-07-01,143.5,144.6592,142.52,142.8308,4.3128
AAPL,2009-06-29,143.4608,143.9508,141.54,141.9712,4.2868
AAPL,2009-06-26,139.79,143.5588,139.7396,142.4388,4.301
NVDA,2009-07-01,11.36,11.49,11.15,11.34,2.6003
NVDA,2009-07-02,10.97,11.11,10.75,10.9,2.4994
NVDA,2009-07-17,11.73,12.11,11.61,12.07,2.7677
NVDA,2009-07-16,11.27,11.77,11.21,11.73,2.6897
AAPL,2009-06-30,142.5788,143.7996,141.8004,142.4304,4.3007
NVDA,2009-06-25,10.75,11.44,10.64,11.42,2.6186
AAPL,2009-07-10,136.3404,138.9696,136.3208,138.5188,4.1826
AAPL,2009-07-09,137.76,137.9896,135.9288,136.36,4.1174
AAPL,2009-07-08,135.9204,138.04,134.4196,137.2196,4.1434
AAPL,2009-07-07,138.4796,139.6808,135.1812,135.3996,4.0884
AAPL,2009-07-06,138.7008,138.9892,136.2508,138.6112,4.1854
NVDA,2009-06-29,11.6,11.78,11.4495,11.57,2.653
NVDA,2009-06-30,11.53,11.69,11.08,11.29,2.5888
AAPL,2009-06-19,138.0708,139.4988,136.9004,139.4792,4.2116
NVDA,2009-06-24,10.63,11.1,10.63,10.85,2.4879
NVDA,2009-06-23,10.65,10.67,10.085,10.5,2.4077
NVDA,2009-06-22,11.22,11.22,10.51,10.55,2.4191
NVDA,2009-06-19,11.17,11.455,11.03,11.18,2.5636
AAPL,2009-06-25,135.7496,140.1988,135.2092,139.86,4.2231
AAPL,2009-06-24,135.4192,137.4996,134.8592,136.22,4.1132
AAPL,2009-06-23,136.3992,136.9508,132.8796,134.0108,4.0465
AAPL,2009-06-22,140.6692,141.5596,136.3292,137.3708,4.1479
AAPL,2009-06-12,138.81,139.1012,136.0408,136.9704,4.1358
AAPL,2009-06-05,145.3088,146.4008,143.2088,144.6704,4.3683
AAPL,2009-06-17,136.6708,137.4492,134.5288,135.5788,4.0938
AAPL,2009-06-18,136.1108,138.0008,135.59,135.8812,4.103
NVDA,2009-06-17,11.18,11.39,10.75,11.28,2.5865
NVDA,2009-06-26,11.37,11.61,11.27,11.57,2.653
NVDA,2009-06-18,11.24,11.45,10.935,11.06,2.5361
AAPL,2009-06-04,140.1288,144.1804,140.0392,143.7408,4.3403
AAPL,2009-06-10,142.2792,142.3492,138.3004,140.2492,4.2348
AAPL,2009-06-03,140,141.1088,139.0704,140.9492,4.256
NVDA,2009-06-12,11.4,11.55,11.14,11.51,2.6392
AAPL,2009-06-16,136.6596,138.4712,136.0996,136.3488,4.1171
AAPL,2009-06-15,136.01,136.9312,134.89,136.0912,4.1093
AAPL,2009-06-11,139.5492,141.5596,138.5496,139.9496,4.2258
AAPL,2009-06-09,143.8108,144.5612,140.5488,142.7188,4.3094
AAPL,2009-06-08,143.8192,144.2308,139.4288,143.85,4.3436
NVDA,2009-06-16,11.32,11.46,10.85,11.01,2.5246
NVDA,2009-06-15,11.3,11.45,11.12,11.32,2.5957
AAPL,2009-05-22,124.0512,124.18,121.7496,122.5,3.6989
NVDA,2009-06-11,11.745,12.2,11.5,11.57,2.653
NVDA,2009-06-10,11.42,11.79,11.17,11.72,2.6874
NVDA,2009-06-09,10.92,11.48,10.84,11.36,2.6049
NVDA,2009-06-08,10.75,10.92,10.5,10.77,2.4696
AAPL,2009-06-01,136.4692,139.9888,135.9988,139.3504,4.2077
AAPL,2009-06-02,138.9892,141.3412,138.3508,139.4904,4.2119
AAPL,2009-05-21,125.1488,126.7812,122.8892,124.18,3.7496
AAPL,2009-05-20,127.6296,129.2088,125.3,125.8712,3.8007
NVDA,2009-05-27,10.3,10.68,10.2,10.37,2.3778
NVDA,2009-05-28,10.53,10.6,10.06,10.51,2.4099
NVDA,2009-05-26,9.73,10.43,9.63,10.35,2.3733
NVDA,2009-06-05,11.09,11.09,10.7,10.83,2.4833
AAPL,2009-05-19,126.8204,129.3096,125.7396,127.4504,3.8484
NVDA,2009-05-29,10.52,10.54,10.07,10.43,2.3916
AAPL,2009-05-29,135.3912,135.9008,133.8512,135.8112,4.1008
NVDA,2009-06-04,10.54,10.91,10.53,10.89,2.4971
NVDA,2009-06-03,10.71,10.75,10.25,10.51,2.4099
NVDA,2009-05-22,9.67,9.96,9.4876,9.82,2.2517
NVDA,2009-05-21,9.61,9.8,9.4,9.67,2.2173
AAPL,2009-05-18,123.7292,126.7,121.5704,126.6496,3.8242
AAPL,2009-05-14,119.7812,123.5304,119.7,122.9508,3.7125
NVDA,2009-05-20,9.62,10.25,9.58,9.73,2.2311
NVDA,2009-05-19,9.33,9.56,9.18,9.45,2.1669
AAPL,2009-05-15,122.3208,124.6196,121.6096,122.4188,3.6965
AAPL,2009-05-08,129.0408,131.2304,126.2604,129.1892,3.9009
AAPL,2009-05-27,131.7792,134.9796,130.9112,133.0504,4.0175
AAPL,2009-05-28,133.4508,135.3912,132.0312,135.0692,4.0784
AAPL,2009-05-26,124.7596,130.83,124.5496,130.7796,3.9489
NVDA,2009-06-02,10.94,11.18,10.65,10.85,2.4879
NVDA,2009-06-01,10.55,11,10.51,10.94,2.5085
NVDA,2009-05-13,8.92,8.97,8.33,8.4,1.9261
NVDA,2009-05-11,9.1,9.66,9.02,9.43,2.1623
NVDA,2009-05-12,9.64,9.64,8.8,8.98,2.0591
AAPL,2009-05-07,132.3308,132.3896,127.9012,129.0604,3.897
AAPL,2009-05-06,133.3304,133.5012,130.2196,132.4988,4.0008
NVDA,2009-05-18,8.96,9.33,8.94,9.27,2.1256
AAPL,2009-05-13,123.2112,124.0204,119.3808,119.49,3.608
AAPL,2009-05-12,129.5588,129.71,123.2504,124.4208,3.7569
AAPL,2009-05-11,127.3692,130.9588,127.12,129.57,3.9124
NVDA,2009-05-15,8.58,9.04,8.48,8.74,2.0041
AAPL,2009-05-05,131.7512,132.86,131.1212,132.7088,4.0072
NVDA,2009-05-08,10.5,10.5,9.11,9.25,2.121
NVDA,2009-05-07,11.82,11.82,10.58,10.73,2.4604
NVDA,2009-05-14,8.39,8.7,8.33,8.52,1.9536
AAPL,2009-04-30,126.2212,126.9996,124.9192,125.8292,3.7994
NVDA,2009-05-06,11.93,12.04,11.33,11.56,2.6507
NVDA,2009-05-05,12.03,12.11,11.55,11.8,2.7057
AAPL,2009-04-24,124.6392,125.1404,122.9704,123.9,3.7412
AAPL,2009-04-23,126.6188,127.2012,123.5108,125.4008,3.7865
AAPL,2009-04-22,122.6288,125.3504,121.2008,121.5088,3.669
AAPL,2009-04-21,118.8908,122.1388,118.5996,121.7608,3.6766
AAPL,2009-05-04,128.24,132.2496,127.68,132.0704,3.9879
NVDA,2009-04-30,11.09,11.8,11,11.48,2.6324
NVDA,2006-02-28,47.3,47.7,46.67,47.13,3.6023
AAPL,2006-02-16,69.9104,71.0108,69.4792,70.5712,2.1309
AAPL,2006-02-21,70.5908,70.8008,68.6812,69.0788,2.0858
AAPL,2009-05-01,125.8012,127.9488,125.8012,127.2404,3.842
AAPL,2009-04-15,117.1996,118.2496,115.7604,117.6392,3.5521
NVDA,2006-02-27,46.08,47.8004,45.53,47.51,3.6314
AAPL,2009-04-20,121.73,122.99,119.1596,120.5008,3.6385
AAPL,2009-04-29,124.8492,126.8512,123.83,125.1404,3.7786
NVDA,2009-05-04,11.87,12.39,11.71,12.3,2.8204
AAPL,2009-04-28,123.3512,126.21,123.2588,123.9,3.7412
AAPL,2009-04-27,122.9004,125.0004,122.6596,124.7288,3.7662
NVDA,2009-05-01,11.45,11.94,11.44,11.67,2.6759
AAPL,2009-04-17,121.1812,124.25,120.2488,123.4212,3.7267
AAPL,2006-02-17,70.2996,70.8904,69.6108,70.2912,2.1225
AAPL,2006-02-15,67.1608,69.6192,66.7492,69.2188,2.0901
AAPL,2009-04-14,119.5712,120.1704,117.25,118.3112,3.5724
AAPL,2006-02-14,65.1,68.0988,64.9992,67.6396,2.0424
NVDA,2009-04-29,11.1,11.149,10.75,10.88,2.4948
NVDA,2009-04-20,11.31,11.41,10.99,11.05,2.5338
AAPL,2009-04-13,120.0108,120.9796,119,120.2208,3.6301
NVDA,2009-04-17,11.68,11.87,11.4,11.76,2.6966
NVDA,2009-04-28,10.88,11.28,10.78,11.05,2.5338
NVDA,2009-04-27,11.28,11.6,10.95,11.02,2.5269
AAPL,2009-04-09,118.4204,119.9996,117.9612,119.5712,3.6105
AAPL,2009-04-03,114.1896,116.13,113.5204,115.99,3.5023
AAPL,2009-04-02,110.1408,114.7496,109.7796,112.7112,3.4033
AAPL,2009-04-08,115.43,116.7908,114.5788,116.3204,3.5123
AAPL,2009-04-07,116.5304,116.6704,114.1896,114.9988,3.4724
AAPL,2009-04-06,114.94,118.7508,113.2796,118.4512,3.5767
NVDA,2009-04-16,11.6,11.82,11.16,11.68,2.6782
NVDA,2009-04-14,11.49,12,11.44,11.72,2.6874
NVDA,2009-04-15,11.31,11.44,10.91,11.39,2.6117
NVDA,2009-04-13,11.89,11.9,11.39,11.65,2.6713
NVDA,2009-04-24,11.28,11.51,11.01,11.43,2.6209
NVDA,2009-04-23,11.46,11.56,10.82,11.17,2.5613
AAPL,2009-04-16,119.1904,123.1496,118.79,121.45,3.6672
NVDA,2009-04-22,10.92,11.81,10.74,11.35,2.6026
AAPL,2009-03-31,105.4508,107.45,105,105.1204,3.1741
NVDA,2009-04-21,10.9,11.48,10.74,11.02,2.5269
AAPL,2009-03-20,102.0908,103.11,100.5704,101.5896,3.0675
AAPL,2009-04-01,104.09,109.0012,103.8912,108.6904,3.2819
NVDA,2009-04-09,11.7,12.08,11.61,12.04,2.7608
NVDA,2009-04-08,11.08,11.44,10.99,11.41,2.6163
NVDA,2009-04-07,11.13,11.25,10.89,10.96,2.5131
NVDA,2009-04-06,11.13,11.45,10.98,11.35,2.6026
AAPL,2009-03-30,104.51,105.0112,102.6088,104.4904,3.1551
NVDA,2009-04-03,10.59,11.345,10.41,11.32,2.5957
AAPL,2009-03-19,101.85,103.1996,100.2512,101.6204,3.0684
AAPL,2009-03-27,108.2312,108.5308,106.4,106.8508,3.2264
NVDA,2009-03-31,9.94,10.1,9.79,9.86,2.2609
NVDA,2009-04-02,10.49,10.77,10.34,10.58,2.426
NVDA,2009-03-30,10.06,10.19,9.65,9.79,2.2449
AAPL,2009-03-26,107.8308,109.9812,107.5788,109.8692,3.3175
NVDA,2009-03-27,10.45,10.705,10.3,10.46,2.3985
AAPL,2009-03-17,95.2392,99.6912,95.0712,99.6604,3.0093
AAPL,2009-03-16,96.53,97.3896,94.1808,95.4212,2.8813
AAPL,2009-03-25,107.5788,108.36,103.8604,106.4896,3.2155
AAPL,2009-03-24,106.3608,109.4408,105.3892,106.5008,3.2158
AAPL,2009-03-23,102.7096,108.1612,101.7492,107.66,3.2508
NVDA,2009-04-01,9.74,10.2,9.37,10.11,2.3182
NVDA,2009-03-20,10.23,10.24,9.27,9.53,2.1852
NVDA,2009-03-19,10.27,10.27,10.01,10.08,2.3113
AAPL,2009-03-13,96.3004,97.1992,95.0096,95.9308,2.8966
AAPL,2009-03-12,92.9012,96.5804,91.9996,96.3508,2.9093
AAPL,2009-03-11,89.81,94.0688,89.5804,92.68,2.7985
AAPL,2009-03-10,84.8708,89.1688,84.3612,88.6312,2.6762
AAPL,2009-03-09,84.1792,87.6008,82.5692,83.1096,2.5095
AAPL,2009-03-18,99.9096,103.4796,99.7192,101.5196,3.0654
NVDA,2009-03-26,10.1,10.58,9.99,10.56,2.4214
NVDA,2009-03-25,10.08,10.4,9.555,9.94,2.2792
NVDA,2009-03-24,9.97,10.06,9.734,9.78,2.2426
NVDA,2009-03-23,9.83,10.24,9.61,10.22,2.3434
AAPL,2009-03-06,88.34,88.3988,82.3312,85.2992,2.5756
AAPL,2009-03-03,88.9308,90.7396,87.8808,88.3708,2.6684
AAPL,2009-03-02,88.1188,91.1988,87.6708,87.9396,2.6553
NVDA,2009-03-18,9.74,10.49,9.73,10.2,2.3389
AAPL,2009-03-05,90.4596,91.8708,88.4492,88.8412,2.6826
NVDA,2009-03-17,9.45,9.91,9.33,9.89,2.2678
NVDA,2009-03-16,9.9,9.91,9.34,9.42,2.16
NVDA,2009-03-13,9.71,9.94,9.55,9.8,2.2471
NVDA,2009-03-03,7.72,8.18,7.47,7.88,1.8069
AAPL,2009-02-20,89.4012,92.4,89.0008,91.1988,2.7538
NVDA,2009-03-02,8.08,8.25,7.55,7.58,1.7381
AAPL,2009-02-19,93.3688,94.2508,90.1096,90.6388,2.7369
NVDA,2009-03-05,8.34,8.68,8.22,8.26,1.894
NVDA,2009-03-06,8.26,8.6899,8.15,8.39,1.9238
AAPL,2009-02-27,87.9312,91.2996,87.6708,89.3088,2.6967
AAPL,2009-02-26,91.9996,92.9208,88.9588,89.1912,2.6931
AAPL,2009-02-25,89.8604,92.9208,89.25,91.1596,2.7526
AAPL,2009-02-24,87.4496,90.8908,86.9988,90.2496,2.7251
AAPL,2009-02-23,91.6496,91.9996,86.5088,86.9512,2.6255
AAPL,2009-03-04,90.1796,92.7696,89.4488,91.1708,2.7529
NVDA,2009-03-12,9.27,9.95,9.15,9.85,2.2586
NVDA,2009-03-11,9.05,11.85,8.9,9.3,2.1325
NVDA,2009-03-04,8.09,8.7,8.02,8.46,1.9399
NVDA,2009-03-10,8.6,9.21,8.52,9.05,2.0752
AAPL,2009-02-18,95.0488,95.8496,92.7192,94.3712,2.8496
NVDA,2009-03-09,8.33,8.96,8.28,8.3,1.9032
AAPL,2009-02-13,98.9912,99.9404,98.1204,99.1592,2.9941
NVDA,2009-02-27,8.05,8.47,7.99,8.28,1.8986
NVDA,2009-02-25,7.89,8.24,7.62,8,1.8344
NVDA,2009-02-26,8.28,8.54,8.16,8.26,1.894
NVDA,2009-02-23,7.74,7.78,7.21,7.26,1.6647
NVDA,2009-02-24,7.3,7.92,7.29,7.91,1.8138
NVDA,2009-02-17,8,8.19,7.8,7.83,1.7954
NVDA,2009-02-20,7.32,7.73,7.25,7.61,1.745
AAPL,2009-02-05,92.7696,97.2496,92.6212,96.46,2.9126
AAPL,2009-02-04,93.2204,96.25,93.1,93.5508,2.8248
NVDA,2009-02-13,8.13,8.41,8.07,8.31,1.9055
NVDA,2009-02-19,8.2,8.27,7.42,7.42,1.7014
AAPL,2009-02-17,96.8688,97.0396,94.2788,94.5308,2.8544
AAPL,2009-02-12,95.83,99.75,95.83,99.2712,2.9975
AAPL,2009-02-03,91.9212,93.38,90.2804,92.9796,2.8075
AAPL,2009-02-11,96.3704,98.3108,95.7712,96.8212,2.9235
AAPL,2009-02-10,101.3292,102.5108,97.0592,97.8292,2.954
AAPL,2009-02-09,99.9992,103.0008,99.5008,102.5108,3.0953
NVDA,2009-02-18,7.83,8.3,7.82,8.04,1.8436
AAPL,2009-01-30,92.5988,93.6208,90.0088,90.1292,2.7215
AAPL,2009-02-06,97.02,99.9992,97.0004,99.7192,3.011
NVDA,2009-01-30,8.22,8.44,7.85,7.95,1.8229
NVDA,2009-02-05,8.49,9.46,8.4,9.36,2.1463
NVDA,2009-02-04,8.5,9.15,8.5,8.72,1.9995
AAPL,2009-01-29,93.0888,94.3404,92.5988,92.9992,2.8081
AAPL,2009-01-28,92.12,95.0012,91.5012,94.2004,2.8444
AAPL,2009-01-27,90.1908,91.5488,89.74,90.7312,2.7396
AAPL,2009-01-26,88.8608,90.9692,88.3008,89.6392,2.7067
NVDA,2009-02-03,8.4,8.55,8.17,8.48,1.9445
AAPL,2009-01-23,86.8196,89.8688,86.5004,88.3596,2.668
NVDA,2009-02-12,7.97,8.37,7.86,8.32,1.9078
NVDA,2009-02-11,8.575,8.89,7.86,8.15,1.8688
NVDA,2009-02-10,9.73,9.86,9.14,9.32,2.1371
NVDA,2009-02-09,9.83,9.97,9.47,9.74,2.2334
NVDA,2009-02-06,9.39,9.93,9.23,9.87,2.2632
AAPL,2009-02-02,89.0988,91.9996,88.9,91.5096,2.7631
NVDA,2009-01-22,7.32,7.62,7.15,7.42,1.7014
NVDA,2009-01-21,7.35,7.61,7.08,7.56,1.7335
AAPL,2009-01-20,81.9308,82.0008,78.2012,78.2012,2.3613
NVDA,2009-01-29,8.5,8.6,8.24,8.28,1.8986
AAPL,2009-01-14,86.24,87.2508,84.7196,85.33,2.5766
AAPL,2009-01-13,88.2392,89.74,86.3492,87.71,2.6484
AAPL,2009-01-12,90.4596,90.9888,87.5504,88.6592,2.6771
NVDA,2009-01-20,7.97,8,7.15,7.21,1.6533
AAPL,2009-01-09,93.2092,93.38,90.1404,90.58,2.7351
AAPL,2009-01-08,90.4288,93.1504,90.0396,92.6996,2.7991
NVDA,2009-02-02,7.83,8.47,7.79,8.38,1.9215
AAPL,2009-01-22,88.0404,90.0004,85.82,88.3596,2.668
AAPL,2009-01-21,79.3912,82.88,79.31,82.8296,2.5011
NVDA,2009-01-15,7.35,7.69,7.2,7.57,1.7358
NVDA,2009-01-27,8.1,8.5,8.07,8.44,1.9353
AAPL,2009-01-05,93.17,96.18,92.7108,94.5812,2.8559
NVDA,2009-01-28,8.74,8.93,8.46,8.79,2.0156
NVDA,2009-01-26,7.745,8.2025,7.62,7.97,1.8275
NVDA,2009-01-23,7.21,7.94,7.2,7.71,1.7679
NVDA,2009-01-14,7.38,7.47,7.2,7.31,1.6762
AAPL,2009-01-16,84.2996,84.3808,80.3992,82.3312,2.486
NVDA,2009-01-13,7.35,7.939,7.21,7.65,1.7541
NVDA,2009-01-12,7.93,7.97,7.5,7.61,1.745
NVDA,2009-01-09,8.4,8.4,7.91,7.93,1.8184
NVDA,2009-01-08,8.51,8.51,7.88,8.4,1.9261
AAPL,2009-01-07,91.8092,92.5008,90.2608,91.0112,2.7481
AAPL,2009-01-06,95.9504,97.1712,92.3888,93.0188,2.8087
AAPL,2009-01-15,80.57,84.1204,80.0492,83.3812,2.5177
AAPL,2008-12-30,87.4188,88.0488,84.7196,86.2904,2.6056
NVDA,2009-01-16,7.78,8.0599,7.53,7.99,1.8321
AAPL,2008-12-29,86.52,87.6204,85.0696,86.6096,2.6152
AAPL,2008-12-26,86.6404,87.4188,85.2404,85.8088,2.591
NVDA,2009-01-05,8.61,9.07,8.55,8.87,2.0339
NVDA,2008-12-31,7.92,8.27,7.78,8.07,1.8505
AAPL,2008-12-24,86.1392,86.2512,84.5488,85.0388,2.5678
NVDA,2008-12-26,7.72,7.82,7.3,7.51,1.722
NVDA,2008-12-29,7.61,7.7515,7.12,7.75,1.7771
AAPL,2009-01-02,85.8788,91.0392,85.1592,90.7508,2.7402
AAPL,2008-12-23,86.87,87.8696,85.9012,86.38,2.6083
NVDA,2008-12-30,7.85,8.14,7.67,8.02,1.839
AAPL,2008-12-22,90.02,90.0312,84.6888,85.7388,2.5889
NVDA,2008-12-24,7.75,7.94,7.56,7.72,1.7702
NVDA,2008-12-23,8.07,8.24,7.79,7.91,1.8138
NVDA,2006-02-24,45.87,46.4204,45.42,45.66,3.49
AAPL,2008-12-31,85.9712,87.7408,85.3412,85.3496,2.5771
NVDA,2009-01-06,9.13,9.43,8.93,9.172,2.1031
NVDA,2009-01-07,8.96,8.96,8.3075,8.62,1.9766
AAPL,2008-12-12,92.8004,98.9996,92.5288,98.2688,2.9672
AAPL,2008-12-11,97.3504,101.2396,94.8304,95.0012,2.8686
NVDA,2008-12-18,9.26,9.2899,8.35,8.46,1.9399
AAPL,2008-12-10,97.8712,99.4896,96.4992,98.21,2.9655
AAPL,2008-12-09,98.0392,103.6,97.2104,100.0608,3.0214
AAPL,2008-12-19,89.9388,90.9412,88.7992,90.0004,2.7176
NVDA,2009-01-02,8.07,8.77,8.04,8.71,1.9972
NVDA,2006-02-23,46.2404,46.55,45.54,45.6704,3.4907
AAPL,2008-12-17,91.0308,91.1008,88.0208,89.1604,2.6922
AAPL,2008-12-18,89.3088,90.8292,88.4408,89.4292,2.7003
NVDA,2008-12-22,8.65,8.6703,7.71,8.02,1.839
NVDA,2008-12-16,8.4,8.9,8.32,8.88,2.0362
AAPL,2008-12-16,93.9792,96.4796,92.75,95.4296,2.8815
NVDA,2008-12-19,8.57,8.9,8.49,8.52,1.9536
AAPL,2008-12-15,95.9896,96.2108,92.9992,94.7492,2.861
NVDA,2008-12-15,8.65,8.7,8.05,8.32,1.9078
NVDA,2008-12-04,7.43,7.8,6.91,7.08,1.6234
AAPL,2008-11-28,94.6988,94.7604,91.8596,92.6688,2.7981
AAPL,2008-11-26,89.9192,95.2504,89.8492,95.0012,2.8686
AAPL,2008-11-25,94.6288,94.71,88.1608,90.8012,2.7418
AAPL,2008-12-08,97.2804,100.8,95.7992,99.7192,3.011
NVDA,2008-12-12,7.95,8.65,7.79,8.6,1.972
AAPL,2008-11-24,85.2096,94.7912,84.84,92.9488,2.8066
NVDA,2008-12-11,8.5,8.8,8.09,8.19,1.878
NVDA,2008-12-10,7.96,8.75,7.83,8.55,1.9605
AAPL,2008-12-05,90.3504,94.4888,88.8608,93.9988,2.8383
NVDA,2008-12-17,8.72,9.45,8.6,9.32,2.1371
NVDA,2008-12-09,7.03,8.09,6.95,7.81,1.7908
AAPL,2008-12-04,94.43,95.2112,89.0596,91.4088,2.7601
AAPL,2008-12-03,89.4012,96.2304,88.7992,95.9,2.8957
NVDA,2008-12-01,7.17,7.24,6.823,6.83,1.5661
NVDA,2008-11-28,7.49,7.6,7.37,7.47,1.7129
NVDA,2008-11-26,6.87,7.63,6.83,7.61,1.745
NVDA,2008-11-25,7.1,7.115,6.79,6.99,1.6028
NVDA,2008-11-24,6.77,6.88,6.4,6.8,1.5592
NVDA,2008-12-08,7.5,7.65,6.95,7.12,1.6326
AAPL,2008-11-21,81.9308,84.1204,79.1392,82.5804,2.4935
NVDA,2008-12-03,6.93,7.59,6.87,7.58,1.7381
AAPL,2008-11-20,85.2404,86.45,79.9988,80.4888,2.4304
NVDA,2006-02-22,45.8,46.7504,44.7,46.38,3.545
AAPL,2008-12-02,90.0312,92.6492,86.5004,92.47,2.7921
AAPL,2008-12-01,91.2996,92.2712,88.9196,88.9308,2.6853
AAPL,2008-11-19,89.4404,91.5796,86.2092,86.2904,2.6056
NVDA,2008-12-05,6.86,7.39,6.74,7.36,1.6877
AAPL,2008-11-18,89.6392,90.9888,86.8588,89.9108,2.7149
AAPL,2008-11-10,100.17,100.3996,94.5,95.8804,2.8951
NVDA,2008-11-18,7.16,7.2,6.56,6.79,1.5569
AAPL,2008-11-17,88.48,90.5492,87.2592,88.1412,2.6614
NVDA,2008-11-21,6.09,6.38,5.75,6.38,1.4629
NVDA,2008-11-20,6.18,6.49,5.83,5.9,1.3529
AAPL,2008-11-14,93.7608,93.9904,90.0004,90.2412,2.7248
NVDA,2008-11-19,6.73,6.9,6.2,6.23,1.4285
AAPL,2008-11-13,89.8688,96.4404,86.0188,96.4404,2.912
AAPL,2008-11-12,92.4308,93.24,90.0088,90.1208,2.7212
AAPL,2008-11-11,94.8108,97.1712,92.26,94.7688,2.8616
NVDA,2008-12-02,6.96,7.295,6.87,7.21,1.6533
NVDA,2008-11-14,7.62,7.66,7.14,7.17,1.6441
NVDA,2008-11-13,7,7.95,6.8602,7.94,1.8206
NVDA,2008-11-12,7.56,7.74,7.25,7.34,1.6831
NVDA,2008-11-11,8.04,8.1,7.715,7.8,1.7885
NVDA,2008-11-10,9.05,9.1,7.97,8.16,1.8711
AAPL,2006-02-13,66.6288,66.7492,64.6408,64.7108,1.954
AAPL,2008-11-04,109.9896,111.79,106.6688,110.9892,3.3513
AAPL,2008-11-07,99.2404,99.8508,95.7208,98.2408,2.9664
AAPL,2008-11-06,101.0492,102.7796,98,99.1004,2.9924
AAPL,2008-11-05,108.9088,109.7208,102.9896,103.3004,3.1192
NVDA,2008-11-17,7.1,7.29,6.95,7.02,1.6097
AAPL,2008-11-03,105.9296,109.0992,104.86,106.96,3.2297
NVDA,2008-10-31,8.36,8.93,8.34,8.76,2.0087
NVDA,2008-11-07,8.68,9.07,8.1,8.72,1.9995
NVDA,2008-11-05,8.65,8.9,8.51,8.51,1.9513
NVDA,2008-11-06,8.01,8.31,7.6,7.62,1.7473
AAPL,2008-10-31,107.3996,110.7792,105.14,107.59,3.2487
NVDA,2008-11-04,8.73,8.98,8.5,8.98,2.0591
AAPL,2008-10-23,96.5104,99.2488,91.8988,98.2296,2.9661
AAPL,2008-10-24,90.3308,97.8992,90.1096,96.3788,2.9102
NVDA,2008-10-30,8.75,8.8,8.1,8.63,1.9789
AAPL,2008-10-22,97.37,101.2508,92.9292,96.8688,2.925
AAPL,2008-10-30,108.2312,112.1904,107.6096,111.0396,3.3529
AAPL,2008-10-29,100.8588,109.5388,99.9404,104.5492,3.1569
AAPL,2008-10-28,95.4296,100.5004,92.3692,99.9096,3.0168
NVDA,2008-10-29,7.97,8.8,7.93,8.28,1.8986
AAPL,2008-10-27,95.0712,97.6304,91.8596,92.0892,2.7806
NVDA,2008-10-28,7.34,8.03,7.21,8.02,1.839
NVDA,2008-10-27,6.57,7.38,6.36,6.97,1.5982
AAPL,2008-10-21,96.95,97.8992,91.1596,91.49,2.7626
NVDA,2008-11-03,8.95,9.11,8.3,8.44,1.9353
NVDA,2008-10-14,8.35,8.4,7.65,7.87,1.8046
AAPL,2008-10-20,99.7808,100.03,93.6404,98.4396,2.9724
AAPL,2008-10-07,100.4808,101.5,88.9504,89.1604,2.6922
NVDA,2008-10-21,7.65,7.73,7.16,7.2,1.651
NVDA,2008-10-23,6.91,7.08,6.26,6.54,1.4996
AAPL,2008-10-10,85.6996,99.9992,84.9996,96.7988,2.9229
AAPL,2008-10-09,93.3492,95.7992,86.6012,88.7404,2.6795
AAPL,2008-10-08,85.9096,96.3312,85.68,89.7904,2.7112
NVDA,2008-10-20,7.91,7.97,7.61,7.8,1.7885
AAPL,2008-10-06,91.9604,98.7812,87.5392,98.14,2.9634
NVDA,2008-10-24,6,6.95,5.97,6.61,1.5157
NVDA,2008-10-22,7.1,7.4,6.74,6.93,1.5891
AAPL,2008-10-17,99.5988,102.0404,85.89,97.4008,2.941
AAPL,2008-10-15,103.8408,106.9992,97.8908,97.9496,2.9576
AAPL,2008-10-16,99.7696,103.4292,91.7392,101.8892,3.0766
AAPL,2008-10-14,116.2588,116.3988,103.1408,104.0788,3.1427
AAPL,2008-10-13,104.5492,110.53,101.0212,110.2612,3.3294
NVDA,2008-10-07,8.13,8.15,7.18,7.24,1.6601
NVDA,2008-10-09,7.66,7.7698,6.84,6.92,1.5868
NVDA,2008-10-08,6.98,7.82,6.91,7.39,1.6945
NVDA,2008-10-10,6.32,7.33,6.28,6.81,1.5615
AAPL,2008-10-02,108.01,108.7912,99.9992,100.1,3.0225
AAPL,2008-10-03,104.0004,106.5008,94.6512,97.0704,2.9311
AAPL,2008-10-01,111.9188,112.3612,107.3912,109.1188,3.2949
AAPL,2008-09-30,108.2508,114.9988,106.2992,113.6604,3.432
AAPL,2008-09-29,119.6188,119.6804,100.59,105.2604,3.1784
NVDA,2008-10-17,7.48,8.0901,7.34,7.65,1.7541
NVDA,2008-10-15,7.82,7.86,7.02,7.02,1.6097
NVDA,2008-10-16,7.23,7.74,6.9,7.7,1.7656
NVDA,2008-10-13,7.39,8.06,7.3,8.05,1.8459
AAPL,2008-09-23,131.8492,135.8,126.6608,126.84,3.83
NVDA,2008-10-06,8.6,8.62,7.31,7.85,1.8
AAPL,2008-09-22,139.9412,140.2492,130.6592,131.0512,3.9571
NVDA,2008-09-23,11.08,11.49,10.81,10.85,2.4879
AAPL,2008-09-26,124.9108,129.7996,123.0012,128.24,3.8722
AAPL,2008-09-24,127.2712,130.9504,125.1488,128.7104,3.8864
AAPL,2008-09-25,129.7996,134.7892,128.52,131.9304,3.9837
NVDA,2008-10-03,9.48,9.75,8.9702,9.03,2.0706
NVDA,2008-09-22,11.32,11.65,11.1101,11.17,2.5613
AAPL,2008-09-12,150.9088,150.9088,146.4988,148.9404,4.4973
AAPL,2008-09-11,148.1788,152.9892,146.0004,152.6504,4.6093
AAPL,2008-09-10,152.32,154.9912,148.8004,151.6088,4.5778
NVDA,2008-09-26,11.19,11.77,10.98,11.69,2.6805
NVDA,2008-09-24,10.71,11.47,10.65,11.25,2.5796
NVDA,2008-09-25,11.25,11.74,11.06,11.47,2.6301
AAPL,2008-09-19,142.6012,144.2,136.3096,140.91,4.2548
AAPL,2008-09-18,130.5696,135.4304,120.68,134.0892,4.0488
AAPL,2008-09-17,138.4908,138.5104,127.8312,127.8312,3.8599
AAPL,2008-09-15,142.03,147.6888,140.3612,140.3612,4.2382
AAPL,2008-09-16,133.8596,142.5004,132.1488,139.8796,4.2237
NVDA,2008-10-02,10.48,10.48,9.28,9.33,2.1394
NVDA,2008-10-01,10.55,10.74,10.22,10.41,2.387
NVDA,2008-09-30,10.26,10.81,10.15,10.71,2.4558
NVDA,2008-09-29,11.38,11.52,10,10.1,2.3159
AAPL,2008-09-09,156.8588,159.9612,149.7888,151.6788,4.58
AAPL,2008-09-08,164.57,164.8892,151.4604,157.92,4.7684
NVDA,2008-09-09,11.15,11.83,10.77,10.81,2.4787
NVDA,2008-09-19,11.41,11.5,10.895,11.41,2.6163
NVDA,2008-09-18,10.12,11.42,10.1,10.89,2.4971
NVDA,2008-09-15,9.83,9.98,9.18,9.3,2.1325
NVDA,2008-09-17,9.37,10.22,9.28,10,2.293
NVDA,2008-09-16,8.97,9.66,8.8,9.59,2.199
NVDA,2008-09-12,10.21,10.28,9.61,10.19,2.3366
AAPL,2008-08-22,175.8204,177.5004,175.5712,176.7892,5.3382
NVDA,2008-09-08,11.78,11.78,11,11.19,2.5659
AAPL,2008-08-28,175.28,176.2488,172.7488,173.74,5.2461
AAPL,2008-08-27,173.3088,175.7588,172.1888,174.6696,5.2742
AAPL,2008-08-26,172.76,174.8796,172.6088,173.6392,5.2431
NVDA,2008-09-11,10.2,10.52,9.96,10.3,2.3618
NVDA,2008-09-10,10.94,11.16,10.75,10.82,2.481
AAPL,2008-09-05,158.5892,162.4,157.6512,160.1796,4.8366
AAPL,2008-09-03,166.8408,168.6804,163.9988,166.9612,5.0414
AAPL,2008-09-04,165.8608,167.9104,160.8096,161.2212,4.8681
AAPL,2008-09-02,172.3988,173.4992,165.0012,166.1912,5.0182
AAPL,2008-08-29,172.9588,173.4992,169.0388,169.5288,5.1189
NVDA,2008-09-05,11.4,11.7,11.39,11.67,2.6759
NVDA,2008-09-04,11.53,11.65,11.43,11.5,2.637
NVDA,2008-09-03,12.15,12.2,11.55,11.66,2.6736
NVDA,2008-08-28,13.21,13.35,13.01,13.14,3.013
NVDA,2008-08-27,12.79,13.35,12.67,13.19,3.0245
NVDA,2008-08-26,13.48,13.4899,12.95,13.09,3.0015
AAPL,2008-08-20,174.7704,176.9404,173.6112,175.84,5.3095
AAPL,2008-08-21,174.4708,175.4508,171.8892,174.2888,5.2627
NVDA,2008-08-22,13.72,13.88,13.32,13.61,3.1208
AAPL,2008-08-19,174.5408,177.0692,171.8108,173.53,5.2398
AAPL,2008-08-18,175.5712,177.8112,173.8212,175.3892,5.2959
AAPL,2008-08-15,179.0404,179.7488,175.0504,175.7392,5.3065
NVDA,2008-08-25,13.53,13.85,13.37,13.41,3.0749
NVDA,2008-09-02,12.85,12.96,12.15,12.32,2.825
AAPL,2008-08-25,176.1508,176.2292,171.6596,172.55,5.2102
NVDA,2008-08-29,12.96,12.9999,12.6,12.64,2.8984
AAPL,2008-08-08,163.8588,169.6492,163.7496,169.5512,5.1196
AAPL,2008-08-14,178.3292,180.4488,177.8392,179.3204,5.4146
AAPL,2008-08-13,177.9792,180.0008,175.8988,179.3008,5.414
AAPL,2008-08-12,173.5188,179.2896,173.5104,176.7304,5.3364
NVDA,2008-08-20,13.62,14.12,13.52,14.08,3.2285
AAPL,2006-02-10,65.1812,67.6704,62.8992,67.3092,2.0324
NVDA,2008-08-14,12.17,13.49,12.17,13,2.9809
NVDA,2008-08-13,11.95,12.44,11.66,12.26,2.8112
NVDA,2008-08-12,11.32,11.35,10.91,11.07,2.5384
AAPL,2008-08-07,162.7108,166.1492,161.5012,163.5704,4.939
AAPL,2008-08-06,159.9696,167.4008,158.0012,164.1892,4.9577
AAPL,2008-08-05,155.4196,160.8012,154.8204,160.6388,4.8505
AAPL,2008-08-04,156.6012,157.9004,152.9108,153.23,4.6268
AAPL,2008-07-31,157.5392,162.2012,156.9792,158.9504,4.7995
AAPL,2008-07-30,157.78,160.4904,156.0804,159.88,4.8276
AAPL,2008-07-29,155.4112,159.4488,153.65,157.08,4.7431
NVDA,2008-08-08,11.4,11.5,10.96,11,2.5223
NVDA,2008-08-21,13.83,13.94,13.34,13.62,3.1231
NVDA,2008-08-19,12.95,13.5,12.95,13.42,3.0772
NVDA,2008-08-18,13.05,13.34,12.91,13.22,3.0314
AAPL,2008-08-11,170.0692,176.5008,169.6688,173.5608,5.2407
NVDA,2008-08-15,13.23,13.38,12.87,12.96,2.9717
NVDA,2008-08-07,11.39,11.9,11.18,11.31,2.5934
NVDA,2008-08-06,11.22,11.59,10.86,11.49,2.6347
NVDA,2008-08-04,10.84,10.9,10.55,10.58,2.426
NVDA,2008-08-05,10.78,11.19,10.66,11.19,2.5659
AAPL,2008-08-01,159.8996,159.9892,155.75,156.66,4.7304
NVDA,2008-08-11,11.08,11.5,11.04,11.23,2.575
AAPL,2008-07-25,160.4008,162.9992,158.6508,162.12,4.8952
AAPL,2008-07-17,174.1012,174.9804,171.3908,171.8108,5.1879
AAPL,2008-07-16,170.2008,172.9308,168.5992,172.8104,5.218
AAPL,2008-07-15,172.48,173.74,166.39,169.6408,5.1223
NVDA,2008-07-25,11.14,11.6,10.91,11.56,2.6507
AAPL,2008-07-28,162.3412,162.47,154.0196,154.4004,4.6621
NVDA,2008-07-29,11.55,11.94,11.42,11.65,2.6713
NVDA,2008-08-01,11.14,11.18,10.7,10.84,2.4856
NVDA,2008-07-31,11.45,11.69,11.32,11.44,2.6232
NVDA,2008-07-30,11.88,11.9,11.22,11.48,2.6324
AAPL,2008-07-24,164.3208,165.2588,158.4492,159.0288,4.8019
AAPL,2008-07-11,175.4704,177.1112,170.9988,172.5808,5.2111
AAPL,2008-07-23,164.99,168.3696,161.56,166.2612,5.0203
AAPL,2008-07-22,148.9992,162.7612,146.5296,162.0192,4.8922
AAPL,2008-07-21,166.8996,167.4988,161.1204,166.2892,5.0211
NVDA,2008-07-28,11.41,11.91,11.3599,11.53,2.6438
NVDA,2008-07-17,11.5,11.5,10.92,11.36,2.6049
NVDA,2008-07-16,11.3,11.62,10.99,11.32,2.5957
NVDA,2008-07-15,11.04,11.49,10.7,11.26,2.5819
AAPL,2008-07-10,174.9188,177.3408,171.3712,176.6296,5.3334
AAPL,2008-07-09,180.1996,180.9108,174.1404,174.2496,5.2615
AAPL,2008-07-08,175.4004,179.7012,172.7404,179.55,5.4215
AAPL,2008-07-07,173.1604,177.1308,171.9004,175.1596,5.289
NVDA,2008-07-22,11.52,11.57,11.16,11.38,2.6094
NVDA,2008-07-23,11.46,11.84,11.41,11.72,2.6874
NVDA,2008-07-24,11.6,11.71,11,11.03,2.5292
NVDA,2008-07-21,11.74,11.91,11.53,11.63,2.6668
AAPL,2008-07-14,179.2392,179.3008,173.0792,173.88,5.2503
AAPL,2008-07-18,168.5208,169.6492,165.0012,165.1496,4.9867
NVDA,2008-07-11,11.55,11.96,11.32,11.67,2.6759
NVDA,2008-07-18,11.28,11.63,10.96,11.56,2.6507
AAPL,2008-06-25,174.6108,178.8304,173.88,177.3912,5.3564
NVDA,2008-07-02,18.66,18.78,18,18.03,4.1343
NVDA,2008-07-01,18.5,18.77,18.16,18.75,4.2994
NVDA,2008-06-30,19.06,19.23,18.59,18.72,4.2925
NVDA,2008-07-14,11.76,11.85,11.06,11.14,2.5544
AAPL,2008-07-03,169.5904,172.1692,165.7488,170.1196,5.1368
NVDA,2008-07-10,11.884,12.02,11.57,11.79,2.7035
AAPL,2008-07-02,175.1988,177.45,168.1792,168.1792,5.0782
AAPL,2008-07-01,164.2312,174.72,163.9988,174.6808,5.2745
AAPL,2008-06-30,170.1896,172.0012,166.6196,167.44,5.0559
NVDA,2008-06-25,20.3,20.45,19.78,20.1,4.6089
AAPL,2008-06-24,172.3708,175.7812,171.6288,173.25,5.2313
AAPL,2008-06-23,174.7396,175.8792,171.5588,173.1604,5.2286
AAPL,2008-06-20,179.3512,181.0004,175,175.2688,5.2923
AAPL,2008-06-19,178.5504,182.3388,176.8004,180.8996,5.4623
NVDA,2008-07-09,12.06,12.24,11.8151,11.82,2.7103
NVDA,2008-07-08,12.18,12.48,11.8,12.03,2.7585
NVDA,2008-07-07,12.68,12.76,11.76,12.1,2.7745
NVDA,2008-07-03,12.98,13.13,12.4,12.49,2.864
AAPL,2008-06-27,166.5104,170.5704,164.15,170.0888,5.1359
NVDA,2008-06-24,19.24,20.45,19.24,19.99,4.5837
AAPL,2008-06-26,174.0704,174.8404,168.0112,168.2604,5.0806
NVDA,2008-06-23,19.91,19.93,19.18,19.35,4.437
NVDA,2008-06-20,19.42,19.98,19.41,19.76,4.531
NVDA,2008-06-19,20.02,20.3,19.38,19.86,4.5539
AAPL,2008-06-13,171.64,174.16,165.3092,172.3708,5.2048
NVDA,2008-06-27,19.15,19.39,18.71,19.28,4.4209
AAPL,2008-06-17,178.0996,181.9888,177.4108,181.4288,5.4783
AAPL,2008-06-18,181.1208,182.1988,177.3492,178.7492,5.3974
AAPL,2008-06-16,171.3012,177.9008,169.0696,176.8396,5.3397
AAPL,2008-05-23,180.7708,181.9888,177.8,181.1712,5.4705
NVDA,2008-06-26,19.5,19.65,19.065,19.07,4.3728
AAPL,2008-06-12,181.4904,182.5992,171.2004,173.2612,5.2316
NVDA,2008-06-17,21.32,21.33,20.46,20.51,4.703
NVDA,2008-06-18,20.3,21,19.58,19.91,4.5654
AAPL,2008-06-11,184.3408,186.0012,179.5892,180.81,5.4596
NVDA,2008-06-16,21.08,21.28,20.85,21.02,4.8199
AAPL,2008-06-10,180.5104,186.7796,179.0208,185.64,5.6054
AAPL,2008-06-09,184.7888,184.94,175.7504,181.6108,5.4838
AAPL,2008-06-06,188.0004,189.9492,185.5504,185.64,5.6054
AAPL,2008-06-05,186.34,189.84,185.6988,189.4312,5.7199
AAPL,2008-05-22,179.2588,181.3308,172.0012,177.0496,5.346
AAPL,2008-05-21,185.6708,187.95,176.2488,178.1892,5.3804
NVDA,2006-02-21,47.37,47.45,46.05,46.46,3.5511
NVDA,2008-06-13,21.41,21.66,20.68,21.31,4.8864
NVDA,2008-06-10,23.05,23.08,22.14,22.29,5.1111
NVDA,2008-06-09,23.92,24.25,23.21,23.69,5.4321
NVDA,2008-06-06,24.55,24.58,23.92,24.06,5.517
NVDA,2008-06-05,25.08,25.35,24.5703,24.85,5.6981
NVDA,2008-05-30,24.19,24.78,24.12,24.7,5.6637
AAPL,2008-05-30,187.4488,189.5404,187.3788,188.7508,5.6994
AAPL,2008-06-03,186.8608,188.1992,182.3388,185.3712,5.5973
AAPL,2008-06-04,184.0188,187.0904,183.2292,185.1892,5.5918
AAPL,2008-06-02,188.5996,189.6496,184.5312,186.0992,5.6193
AAPL,2008-05-20,181.8208,186.1608,180.1212,185.9004,5.6133
AAPL,2008-05-19,187.8604,188.6892,181.3,183.5988,5.5438
AAPL,2008-05-16,190.1088,190.2992,187.0008,187.6196,5.6652
NVDA,2008-05-29,23.59,23.63,23.09,23.52,5.3931
NVDA,2008-06-12,21.73,22.15,21.2,21.38,4.9024
NVDA,2008-05-28,24,24.06,23.31,23.58,5.4069
NVDA,2008-06-11,22.29,22.83,21.22,21.25,4.8726
AAPL,2008-05-29,186.76,188.1992,185.5,186.69,5.6371
AAPL,2008-05-07,186.0488,188.1992,180.5412,182.5908,5.5134
NVDA,2008-06-04,23.43,24.29,23.3,24.24,5.5582
NVDA,2008-06-03,24.88,24.92,23.67,23.96,5.494
AAPL,2008-05-28,187.4096,187.95,183.7192,187.0092,5.6468
NVDA,2008-06-02,24.7,24.99,24.43,24.8,5.6866
AAPL,2008-05-27,182.7504,186.4296,181.8404,186.4296,5.6293
NVDA,2008-05-27,23.15,23.39,22.71,23.36,5.3565
NVDA,2008-05-23,23.61,23.8,22.77,23.11,5.2991
AAPL,2008-05-08,183.7696,186.4996,183.0696,185.0604,5.5879
NVDA,2008-05-15,22.02,23.88,21.92,23.78,5.4528
NVDA,2008-05-22,23.42,23.84,23.05,23.65,5.423
NVDA,2008-05-21,23.34,24.24,23.04,23.09,5.2945
AAPL,2008-05-15,186.8104,189.8988,184.2008,189.7308,5.7289
NVDA,2008-05-09,22.01,23.43,21.97,22.53,5.1661
NVDA,2008-05-08,22.18,22.25,21.01,21.95,5.0331
NVDA,2008-05-07,22.59,22.89,21.82,22.01,5.0469
AAPL,2008-05-01,174.9608,180.0008,174.86,180.0008,5.4351
AAPL,2008-05-06,184.66,187.1212,182.1792,186.6592,5.6362
AAPL,2008-05-05,181.9188,185.3096,181.0508,184.73,5.5779
AAPL,2008-05-02,180.1912,181.9188,178.5504,180.9388,5.4635
AAPL,2008-04-30,176.19,180.0008,172.9196,173.95,5.2524
NVDA,2008-05-06,21.9,22.58,21.56,22.53,5.1661
NVDA,2008-05-05,22.37,22.47,21.91,21.96,5.0354
AAPL,2008-04-29,171.1108,175.6608,170.2512,175.0504,5.2857
AAPL,2008-05-14,191.2288,192.2396,185.57,186.2588,5.6241
NVDA,2008-05-19,24.42,25.31,23.73,23.9,5.4803
NVDA,2008-05-20,23.25,23.52,23.01,23.28,5.3381
AAPL,2008-05-13,188.6108,191.45,187.8604,189.9604,5.7359
NVDA,2008-05-16,24.18,24.46,23.63,24.41,5.5972
NVDA,2008-05-14,21.71,22.64,21.44,22.07,5.0607
NVDA,2008-05-13,22,22,21.28,21.44,4.9162
AAPL,2008-05-12,185.2088,188.8712,182.8512,188.16,5.6815
NVDA,2008-05-12,22.82,22.82,21.67,21.89,5.0194
AAPL,2008-05-09,183.1592,184.2512,181.37,183.4504,5.5393
NVDA,2008-05-02,22.09,22.52,21.755,22.52,5.1638
AAPL,2008-04-28,169.75,173.7512,169.1312,172.2392,5.2008
NVDA,2008-04-25,20.14,20.2,19.51,20.15,4.6204
AAPL,2008-04-25,170.6992,171.0996,166.4208,169.7304,5.125
AAPL,2008-04-24,165.34,169.9796,159.1912,168.9408,5.1012
AAPL,2008-04-23,164.0492,164.8388,161.0812,162.89,4.9185
NVDA,2008-04-24,20.56,20.66,19.65,19.95,4.5745
NVDA,2008-04-23,19.77,20.66,19.51,20.44,4.6869
AAPL,2008-04-17,154.1708,155.9992,153.3504,154.49,4.6648
AAPL,2008-04-16,151.7208,154.1008,150.6204,153.7004,4.641
NVDA,2008-04-17,17.97,18.65,17.9599,18.58,4.2604
NVDA,2008-04-16,18.81,19.08,18.48,18.84,4.32
NVDA,2008-05-01,20.8,21.55,20.7,21.5,4.93
AAPL,2008-04-22,167.4008,168,158.0908,160.1992,4.8372
AAPL,2008-04-21,162.2096,168.5012,161.7588,168.1596,5.0776
AAPL,2008-04-15,149.3996,149.7188,145.7204,148.3804,4.4804
NVDA,2008-04-30,20.435,20.77,20.3,20.55,4.7121
NVDA,2008-04-15,18,18.19,17.61,18.12,4.1549
NVDA,2008-04-22,19.51,19.72,19.08,19.5,4.4714
NVDA,2008-04-21,18.87,20,18.87,19.87,4.5562
AAPL,2008-04-18,159.1212,162.26,158.3792,161.0392,4.8626
AAPL,2008-04-14,146.7704,149.2512,144.5388,147.7812,4.4623
NVDA,2008-04-29,19.57,20.45,19.57,20.2,4.6319
NVDA,2008-04-14,18.46,18.5,17.8,17.91,4.1068
NVDA,2008-04-18,19.15,19.32,18.76,19.02,4.3613
NVDA,2008-04-11,19.5,19.62,18.41,18.53,4.2489
NVDA,2008-04-10,19.71,20.51,19.29,19.88,4.5585
NVDA,2008-04-28,20.06,20.36,19.71,19.79,4.5379
AAPL,2008-04-11,152.7204,153.3,146.4008,147.14,4.4429
AAPL,2008-04-02,148.7808,151.2,145.8492,147.49,4.4535
AAPL,2008-04-01,146.3,149.66,143.6092,149.5312,4.5151
AAPL,2008-04-09,153.3112,153.8908,150.4608,151.4408,4.5728
AAPL,2008-04-07,156.1308,159.6896,155.1088,155.89,4.7071
AAPL,2008-04-03,147.0588,153.6304,147,151.6088,4.5778
AAPL,2008-04-08,153.5492,156.45,152.32,152.8408,4.615
AAPL,2008-04-04,152.1912,154.7112,150.7492,153.0788,4.6222
AAPL,2008-04-10,151.13,155.4196,150.6008,154.5488,4.6666
AAPL,2008-03-31,143.2704,145.7092,142.52,143.5,4.333
NVDA,2008-03-27,19.37,19.92,19.07,19.39,4.4461
AAPL,2008-03-28,141.8004,144.6508,141.5988,143.01,4.3182
NVDA,2008-03-24,18.93,20.14,18.86,20.03,4.5929
AAPL,2008-03-27,144.9504,145.3088,139.9888,140.2492,4.2348
AAPL,2008-03-25,139.9608,143.0996,137.3288,140.98,4.2569
AAPL,2008-03-24,134.0108,140.8512,133.6412,139.5296,4.2131
AAPL,2008-03-26,140.8708,145.74,140.6412,145.0596,4.3801
AAPL,2008-03-20,131.1212,133.2912,129.1808,133.2688,4.0241
AAPL,2008-03-19,133.1204,134.2908,129.6708,129.6708,3.9154
AAPL,2008-03-18,129.1808,133,128.6712,132.8208,4.0105
AAPL,2008-03-17,122.5504,128.59,122.5504,126.7308,3.8267
AAPL,2008-03-14,129.8808,130.3008,124.1996,126.6104,3.823
NVDA,2008-03-25,20.12,20.7,19.93,20.32,4.6594
NVDA,2008-03-26,20.05,20.19,19.45,19.67,4.5103
AAPL,2008-03-13,124.0988,129.5,123.0012,127.9404,3.8632
NVDA,2008-03-20,17.87,18.56,17.55,18.52,4.2466
NVDA,2008-04-01,20.38,21.05,20.09,21,4.8153
NVDA,2008-04-09,19.34,19.7,19.16,19.5,4.4714
NVDA,2008-04-03,20.19,20.22,19.39,19.98,4.5814
NVDA,2008-04-02,21.06,21.06,20.2,20.36,4.6686
NVDA,2008-04-04,19.58,19.68,18.73,18.78,4.3063
NVDA,2008-04-08,19,19.74,19,19.12,4.3842
NVDA,2008-03-19,18.53,18.79,17.66,17.66,4.0494
NVDA,2008-04-07,19.24,19.52,19.08,19.23,4.4094
NVDA,2008-03-31,19.89,20.26,19.54,19.79,4.5379
NVDA,2008-03-18,18.28,19,17.76,18.97,4.3498
NVDA,2008-03-17,17.52,18.48,17.31,17.86,4.0953
NVDA,2008-03-14,19.8,19.82,18.18,18.32,4.2008
NVDA,2008-03-13,18.23,19.98,18.12,19.7,4.5172
NVDA,2008-03-28,19.74,20.19,19.54,19.68,4.5126
AAPL,2008-03-12,127.0388,128.6796,125.1712,126.0308,3.8055
AAPL,2008-02-26,117.6392,121.0888,115.4412,119.1512,3.5978
AAPL,2008-03-11,124.0988,127.4812,121.9988,127.3496,3.8453
AAPL,2008-03-10,121.9792,123.4604,119.3696,119.6888,3.614
AAPL,2008-02-25,118.5912,120.1704,116.6592,119.7392,3.6155
AAPL,2008-02-22,122.4804,122.5112,115.8696,119.4592,3.6071
AAPL,2008-03-07,120.4112,122.9788,119.0504,122.2508,3.6914
AAPL,2008-03-06,124.6112,127.5008,120.8088,120.9292,3.6515
AAPL,2008-03-05,123.5808,125.1404,122.2508,124.4908,3.759
AAPL,2008-03-04,121.9904,124.88,120.4,124.6196,3.7629
AAPL,2008-03-03,124.4404,125.9804,118.0004,121.73,3.6757
AAPL,2008-02-21,126.0504,126.4704,120.8592,121.5396,3.6699
AAPL,2008-02-20,122.2004,124.6,121.6796,123.8188,3.7387
AAPL,2008-02-19,125.9888,126.7504,121.4388,122.1808,3.6893
AAPL,2008-02-15,126.2688,127.0808,124.0596,124.6308,3.7632
AAPL,2008-02-29,129.29,130.2112,124.7988,125.02,3.775
AAPL,2008-02-28,127.2012,132.1992,125.7704,129.9088,3.9226
AAPL,2008-02-14,129.3992,130.7992,127.0108,127.4588,3.8486
AAPL,2008-02-13,126.6804,129.78,125.6304,129.3992,3.9072
NVDA,2008-02-27,22.39,23.03,22.25,22.85,5.2395
NVDA,2008-03-10,19.31,19.55,18.4,18.43,4.226
NVDA,2008-03-11,19,19.23,18.24,19.04,4.3659
NVDA,2008-02-11,25.2,25.61,24.9,25.07,5.7486
NVDA,2008-03-07,19.48,20.32,19,19.55,4.4828
NVDA,2008-03-06,20.91,21.05,19.81,19.84,4.5493
NVDA,2008-03-05,21.13,21.67,20.91,21.1699,4.8543
NVDA,2008-03-04,21,21.04,20.11,20.93,4.7993
NVDA,2008-03-03,21.36,21.51,20.86,21.14,4.8474
AAPL,2008-02-27,118.23,123.0488,118.09,122.9592,3.7128
NVDA,2008-02-29,21.63,21.92,21.3,21.39,4.9047
NVDA,2008-02-28,22.65,22.69,21.99,21.99,5.0423
AAPL,2008-02-11,128.0104,129.9788,127.2012,129.4496,3.9087
NVDA,2008-03-12,19.22,19.39,18.36,18.52,4.2466
NVDA,2008-02-08,24.32,25.18,24,24.99,5.7302
NVDA,2008-02-26,22.18,22.84,21.84,22.5,5.1593
NVDA,2008-02-25,22.3,22.56,21.72,22.31,5.1157
AAPL,2008-02-08,122.08,125.7004,121.6012,125.4792,3.7889
AAPL,2008-01-29,131.1492,132.79,129.0492,131.5412,3.9719
AAPL,2008-02-07,119.9688,124.7792,117.2696,121.24,3.6609
AAPL,2008-02-06,130.83,131.9192,121.7692,121.9988,3.6838
NVDA,2008-02-07,23.61,25.24,23.1,24.55,5.6293
AAPL,2008-02-05,130.4296,133.9996,128.9008,129.36,3.906
AAPL,2008-02-04,134.2096,135.9008,131.4208,131.6504,3.9752
AAPL,2008-02-12,130.7012,131.0008,123.62,124.8604,3.7702
NVDA,2008-02-22,21.46,22.36,21.3,22.32,5.118
NVDA,2008-02-21,22,22.11,21.16,21.29,4.8818
NVDA,2008-02-06,24.65,25.33,23.86,24.31,5.5743
NVDA,2008-02-20,21.3,22.1,21.21,21.78,4.9942
NVDA,2008-02-05,25.5,25.51,24.38,24.39,5.5926
NVDA,2008-02-19,22.68,22.72,21.75,21.94,5.0309
AAPL,2008-02-01,136.2396,136.5896,132.1796,133.7504,4.0386
AAPL,2008-01-31,129.4496,136.6512,129.3992,135.3604,4.0872
AAPL,2008-01-30,131.3704,135.45,130.0012,132.1796,3.9912
NVDA,2008-02-04,27.44,27.59,25.88,26.02,5.9664
NVDA,2008-02-15,22.52,23.13,21.91,22.27,5.1065
NVDA,2008-02-01,24.54,27,24.33,26.8601,6.159
NVDA,2008-02-14,26.23,26.25,22.55,22.61,5.1845
NVDA,2008-02-13,26.2,27.1,25.92,27.02,6.1957
NVDA,2008-02-12,25.45,26.36,25.31,26,5.9618
NVDA,2008-01-31,24.64,25.05,23.83,24.59,5.6385
NVDA,2008-01-30,25,25.57,24.47,25.19,5.7761
AAPL,2008-01-28,128.1588,133.1988,126.4508,130.0096,3.9257
NVDA,2008-01-28,24.86,25.11,24.1216,24.65,5.6523
AAPL,2008-01-25,138.9892,139.09,129.6092,130.0096,3.9257
AAPL,2008-01-24,139.9888,140.7,132.0088,135.6012,4.0945
AAPL,2008-01-23,136.1892,140,126.14,139.0704,4.1993
AAPL,2008-01-22,148.0612,159.9808,146.0004,155.6408,4.6996
AAPL,2008-01-18,161.7112,165.7488,159.6112,161.3612,4.8723
AAPL,2008-01-11,175.9996,177.8504,169.9992,172.69,5.2144
AAPL,2008-01-17,161.5096,165.3596,158.4212,160.8908,4.8581
AAPL,2008-01-16,165.2308,169.0108,156.6992,159.6392,4.8203
AAPL,2008-01-15,177.7188,179.2196,164.6596,169.0388,5.1042
NVDA,2008-01-29,25.09,25.51,24.44,25.41,5.8265
AAPL,2008-01-14,177.52,179.4212,175.1708,178.78,5.3983
NVDA,2008-01-25,26.86,27.46,24.83,24.95,5.721
AAPL,2006-02-09,69.1012,69.23,64.5288,64.9488,1.9611
NVDA,2008-01-24,24.5,25.88,24.27,25.87,5.932
NVDA,2008-01-23,22.64,24.7399,22.42,24.03,5.5101
NVDA,2008-01-22,22.47,24.18,22.33,23.68,5.4298
AAPL,2008-01-09,171.3012,179.4996,168.2996,179.3988,5.417
AAPL,2008-01-10,177.5788,181.0004,175.4088,178.0212,5.3754
AAPL,2008-01-08,180.1408,182.4592,170.8,171.2508,5.1709
AAPL,2008-01-07,181.2496,183.5988,170.2288,177.6404,5.3639
AAPL,2008-01-04,191.45,193.0012,178.8892,180.0512,5.4367
NVDA,2008-01-18,23.37,24.97,22.52,24.84,5.6958
NVDA,2008-01-17,24.08,24.72,23.24,23.3,5.3427
AAPL,2008-01-03,195.4092,197.3888,192.6904,194.9304,5.886
NVDA,2008-01-16,25.05,25.36,23.16,23.71,5.4367
NVDA,2008-01-14,27.45,28.89,27.01,28.85,6.6153
AAPL,2008-01-02,199.2704,200.2588,192.5504,194.8408,5.8832
NVDA,2008-01-15,27.75,28.08,26.26,26.73,6.1292
AAPL,2007-12-31,199.5,200.4996,197.75,198.0804,5.9811
NVDA,2007-12-24,35.42,35.95,35.16,35.78,8.2044
NVDA,2006-02-17,50.6804,50.72,47.2004,47.4704,3.6283
NVDA,2006-02-15,44.04,45.1004,43.9304,44.9804,3.438
NVDA,2006-02-16,45.92,47.3,45.51,47.2004,3.6077
NVDA,2006-02-14,44.0504,44.2904,43.55,44.13,3.373
AAPL,2007-12-24,195.0312,199.3292,194.7904,198.8,6.0028
AAPL,2007-12-21,190.12,193.9112,189.8904,193.9112,5.8552
NVDA,2008-01-11,27.62,28.2,26.85,27.05,6.2026
NVDA,2008-01-10,28.1,28.74,27.73,28.29,6.4869
NVDA,2008-01-09,27.84,28.9,27.43,28.89,6.6245
AAPL,2007-12-28,200.5892,201.5608,196.8792,199.8304,6.0339
NVDA,2008-01-08,27.05,29.29,26.42,27.47,6.2989
AAPL,2007-12-13,190.19,192.1192,187.8212,191.8308,5.7924
AAPL,2007-12-20,185.43,187.8296,183.33,187.2108,5.6529
NVDA,2007-12-21,35.59,35.9,34.84,35.16,8.0622
AAPL,2007-12-19,182.98,184.6404,180.8996,183.12,5.5293
AAPL,2007-12-18,186.5192,187.3312,178.6008,182.98,5.5251
AAPL,2007-12-17,190.7192,192.6512,182.98,184.3996,5.568
NVDA,2008-01-07,30.2,30.45,26.35,26.9,6.1682
NVDA,2007-12-20,35,35.25,34.27,35.17,8.0645
NVDA,2008-01-04,31.77,31.93,29.8,30,6.879
NVDA,2007-12-28,35.08,35.5,34.49,34.79,7.9774
NVDA,2007-12-19,34.01,34.77,33.87,34.45,7.8994
NVDA,2008-01-03,33.2,33.86,32.63,32.75,7.5096
NVDA,2008-01-02,34.12,34.25,32.56,33.01,7.5692
NVDA,2007-12-18,33.79,34.5,33.45,34.13,7.826
NVDA,2007-12-17,34.7,35.03,33.2,33.28,7.6311
NVDA,2007-12-14,34.34,35.45,34.11,35.07,8.0416
NVDA,2007-12-31,34.51,35.14,34.01,34.02,7.8008
AAPL,2007-12-14,190.3692,193.2,189.5404,190.3888,5.7488
AAPL,2006-02-08,68.4908,69.0788,65.9988,68.81,2.0777
AAPL,2007-12-12,193.4408,194.4796,185.7604,190.8592,5.763
AAPL,2007-12-27,198.9512,202.9608,197.8004,198.5704,5.9959
AAPL,2007-12-11,194.7512,196.8288,187.39,188.5408,5.693
AAPL,2007-12-26,199.01,200.9588,196.8204,198.9512,6.0074
AAPL,2007-12-10,193.5892,195.6612,192.6904,194.2108,5.8642
AAPL,2007-12-03,181.86,184.1392,177.6992,178.8612,5.4007
NVDA,2007-12-13,35.04,35.27,33.48,34.5,7.9109
AAPL,2007-12-07,190.54,194.9892,188.0396,194.3004,5.8669
NVDA,2007-12-27,36.2,36.4,35.05,35.14,8.0576
NVDA,2007-12-26,35.85,36.26,35.5,36.26,8.3144
AAPL,2007-12-06,186.1888,190.1004,186.1188,189.9492,5.7355
AAPL,2007-12-04,177.1504,180.8996,176.9908,179.8104,5.4294
AAPL,2007-12-05,182.8904,186.0012,182.4088,185.5,5.6012
AAPL,2007-11-15,166.39,169.5904,160.3,164.3012,4.9611
NVDA,2007-12-07,34.45,34.49,33.53,33.88,7.7687
NVDA,2007-12-04,32.14,32.25,31.35,31.97,7.3307
NVDA,2007-12-06,33.55,34.42,33.25,34.31,7.8673
NVDA,2007-12-05,33.19,34.25,32.78,33.63,7.7114
NVDA,2007-11-28,31.76,33.29,31.61,32.85,7.5325
NVDA,2007-12-03,32,32.59,31.51,32,7.3376
NVDA,2007-11-30,34.2,34.2,31.44,31.54,7.2321
AAPL,2007-11-28,176.82,180.6,175.35,180.2192,5.4417
AAPL,2007-11-30,187.3396,187.7008,179.7012,182.2212,5.5022
NVDA,2007-11-27,29.94,30.88,29.71,30.79,7.0602
AAPL,2006-02-07,68.2696,69.4792,66.6792,67.6004,2.0412
NVDA,2007-12-12,35.74,36.09,34.78,35.47,8.1333
AAPL,2007-11-27,175.2212,175.7896,170.0104,174.8096,5.2784
NVDA,2007-11-26,30.2,30.82,29.46,29.52,6.7689
AAPL,2007-11-26,173.5888,177.2708,172.3512,172.5388,5.2098
NVDA,2007-12-11,34.98,35.62,34.21,34.2896,7.8626
NVDA,2007-12-10,33.99,34.65,33.89,34.25,7.8535
AAPL,2007-11-29,179.4296,185.1696,179.1496,184.2904,5.5647
AAPL,2007-11-14,177.1588,177.5704,163.7412,166.11,5.0157
NVDA,2007-11-23,29.92,30.35,29.54,30.22,6.9295
NVDA,2007-11-19,31.99,32.1501,30.09,30.26,6.9386
AAPL,2007-11-23,172.0012,172.0488,169.75,171.5392,5.1797
NVDA,2007-11-29,32.8,34.1,32.6561,33.12,7.5944
AAPL,2007-11-21,165.8412,172.3512,164.6708,168.4592,5.0866
AAPL,2007-11-20,165.6704,171.7912,163.5312,168.8512,5.0985
AAPL,2007-11-19,166.0988,168.1988,162.1004,163.9512,4.9505
NVDA,2007-11-20,30.83,30.88,29.11,30.03,6.8859
AAPL,2007-11-16,165.3008,167.02,159.3312,166.39,5.0242
NVDA,2007-11-16,32,32.54,31.74,32.45,7.4408
NVDA,2007-11-15,31.964,32.26,31,31.74,7.278
NVDA,2007-11-21,29.4,30.42,29.31,29.71,6.8125
AAPL,2007-10-30,186.1804,189.3696,184.73,187.0008,5.6465
AAPL,2007-11-13,160.8488,170.9792,153.7592,169.96,5.132
AAPL,2007-10-29,185.4496,186.5892,184.6992,185.0912,5.5889
AAPL,2007-11-12,165.2812,167.7004,150.6288,153.7592,4.6428
AAPL,2007-10-25,184.87,185.9004,181.6612,182.7812,5.5191
AAPL,2007-11-09,171.15,175.1204,165.2112,165.3708,4.9934
AAPL,2007-11-08,186.6704,186.9,167.7704,175.4704,5.2984
NVDA,2007-11-14,33.51,33.83,32,32.17,7.3766
AAPL,2007-11-07,190.61,192.6792,186.13,186.3008,5.6254
AAPL,2007-11-06,187.0512,191.9988,185.2704,191.7888,5.7911
AAPL,2007-11-05,185.29,188.9608,184.24,186.1804,5.6217
NVDA,2007-11-13,30.52,32.71,30.03,32.68,7.4935
NVDA,2007-11-12,33.35,33.59,30.03,30.03,6.8859
AAPL,2007-10-31,187.6308,190.12,184.9512,189.9492,5.7355
AAPL,2007-10-26,185.29,185.3712,182.8792,184.6992,5.577
NVDA,2007-10-31,35.03,35.4,33.94,35.38,8.1126
AAPL,2007-10-24,185.8108,187.2108,179.2392,185.9312,5.6142
NVDA,2007-11-09,34.55,34.8,32.65,33.36,7.6495
AAPL,2007-10-23,188.5604,188.5996,182.7588,186.1608,5.6212
AAPL,2007-10-22,170.3492,174.8992,169.96,174.3588,5.2648
AAPL,2007-10-19,174.2412,174.6304,169.9992,170.4192,5.1458
NVDA,2007-11-08,35.75,36.4,32.81,33.8375,7.759
AAPL,2007-11-02,189.21,189.4396,183.4896,187.8688,5.6727
AAPL,2007-11-01,188.5996,190.1004,180.0008,187.4404,5.6598
AAPL,2007-10-18,171.5,174.1908,171.0492,173.4992,5.2388
NVDA,2007-10-15,36.25,36.86,36.08,36.39,8.3442
NVDA,2007-10-30,33.86,35.53,33.3,34.82,7.9842
NVDA,2007-10-29,33.22,33.75,32.56,33.59,7.7022
NVDA,2007-11-07,37.88,38.03,35.8,36.1,8.2777
NVDA,2007-11-06,37.09,38.2,36.92,37.9,8.6905
NVDA,2007-11-05,36.43,37.62,36.2,36.74,8.4245
NVDA,2007-11-02,35.87,37,35.37,36.74,8.4245
NVDA,2007-11-01,34.83,36.09,34.35,35.38,8.1126
AAPL,2007-10-15,167.9804,169.5708,163.5004,166.9808,5.042
AAPL,2007-10-03,157.78,159.18,157.01,157.92,4.7684
AAPL,2007-10-17,172.69,173.04,169.1788,172.7488,5.2162
NVDA,2007-10-12,35.66,36.13,35.11,36.13,8.2846
NVDA,2007-10-25,36.85,37.2,33.59,34.7,7.9567
NVDA,2007-10-26,35.8,36.04,33.9,34.4,7.8879
NVDA,2007-10-17,38.15,39.65,38.11,39.54,9.0665
AAPL,2007-10-12,163.0104,167.2804,161.8008,167.2496,5.0501
AAPL,2007-10-11,169.4896,171.8808,153.2104,162.2292,4.8985
AAPL,2007-10-10,167.5492,167.8796,165.6004,166.7904,5.0363
AAPL,2007-10-09,170.2008,171.1108,166.6812,167.86,5.0686
AAPL,2007-10-08,163.4892,167.9104,162.9712,167.9104,5.0701
NVDA,2007-10-11,36.57,37.03,34.87,35.27,8.0874
NVDA,2007-10-22,37.15,39.24,36.85,39.16,8.9794
NVDA,2007-10-24,38.5,38.5,36.15,38.02,8.718
NVDA,2007-10-23,39.67,39.67,38.28,39.35,9.023
NVDA,2007-10-08,37.19,37.59,36.75,37.53,8.6056
NVDA,2007-10-09,37.53,37.7,36.32,36.8712,8.4546
AAPL,2007-10-05,158.3708,161.5796,157.6988,161.4508,4.875
AAPL,2007-10-04,158.0012,158.0796,153.4988,156.24,4.7177
NVDA,2007-10-10,37.12,37.12,36.02,36.91,8.4635
NVDA,2007-10-04,35.78,36.19,34.75,35.98,8.2502
NVDA,2007-10-19,39.42,39.44,37.38,37.39,8.5735
NVDA,2007-10-18,39.41,39.67,38.42,39.51,9.0597
NVDA,2007-10-05,36.55,37.13,36.16,36.9299,8.468
AAPL,2007-10-02,156.5508,158.5892,155.89,158.4492,4.7844
AAPL,2007-10-16,165.5388,170.1812,165.1496,169.5792,5.1205
AAPL,2007-10-01,154.63,157.4104,152.9304,156.3408,4.7207
NVDA,2007-10-16,36.35,37.37,36.22,36.72,8.4199
AAPL,2007-09-14,136.57,138.9808,136.2004,138.81,4.1914
NVDA,2007-10-03,36.75,36.75,35.23,35.8201,8.2136
AAPL,2007-09-27,153.7704,154.5208,152.32,154.5012,4.6652
AAPL,2007-09-28,153.44,154.5992,152.7512,153.4708,4.6341
AAPL,2007-09-25,146.8404,153.2188,146.8208,153.1796,4.6253
AAPL,2007-09-26,154.4704,154.9996,151.2504,152.7708,4.6129
AAPL,2007-09-24,146.7312,149.8504,146.65,148.2796,4.4773
AAPL,2007-09-13,138.8296,139.0004,136.6512,137.2,4.1428
AAPL,2007-09-12,135.9904,139.4008,135.7496,136.85,4.1322
AAPL,2007-09-10,136.99,138.04,133.9492,136.71,4.128
AAPL,2007-09-11,137.9,138.3004,133.7504,135.4892,4.0911
AAPL,2007-09-07,132.0088,132.3,130.0012,131.7708,3.9788
AAPL,2007-09-20,140.1512,141.7892,139.3196,140.3108,4.2367
AAPL,2007-09-21,141.1396,144.6508,140.3108,144.1496,4.3526
NVDA,2007-09-27,37.02,37.2,36.39,36.7801,8.4337
NVDA,2007-09-28,37,37.13,36.16,36.24,8.3098
AAPL,2007-09-06,135.5592,137.5696,132.7088,135.0104,4.0767
NVDA,2007-09-18,32.52,35.5,32.47,35,8.0255
NVDA,2007-09-25,35.16,35.97,35.06,35.8201,8.2136
NVDA,2007-09-24,34.7,35.9,34.45,35.37,8.1104
NVDA,2007-09-26,36,36.75,35.91,36.67,8.4084
NVDA,2007-09-20,34.38,34.75,33.78,34.16,7.8329
NVDA,2007-09-21,34.5,35,34.16,34.49,7.9086
AAPL,2007-09-18,139.0592,142.8504,137.83,140.9212,4.2551
NVDA,2007-10-02,37.68,37.75,36.86,37.4075,8.5776
NVDA,2007-09-17,32.3,32.64,31.83,32.18,7.3789
NVDA,2007-10-01,36.55,37.95,36.51,37.7699,8.6607
AAPL,2007-09-19,143.0212,143.1612,139.4008,140.77,4.2506
AAPL,2007-09-17,138.9892,140.5908,137.6004,138.4096,4.1793
AAPL,2007-09-05,144.97,145.8408,136.0996,136.7604,4.1295
NVDA,2007-08-24,47.86,48.34,47.51,48.25,7.3758
NVDA,2007-09-19,35.32,36,34.02,34.3599,7.8787
NVDA,2007-09-14,32.9,32.94,32.15,32.25,7.3949
NVDA,2007-09-12,34.95,35.12,32.88,33.22,7.6174
NVDA,2007-09-13,33.85,33.888,32.99,33.23,7.6197
NVDA,2007-09-11,34.265,34.84,33.91,34.58,7.9292
NVDA,2007-09-10,51.75,52.65,50.37,50.79,7.7641
NVDA,2007-09-07,51.11,51.64,49.67,50.65,7.7427
AAPL,2007-09-04,139.9412,145.7288,139.8404,144.1608,4.353
NVDA,2007-09-06,52.99,53.47,52.35,52.57,8.0362
NVDA,2007-08-22,48.53,48.69,47.55,48.41,7.4003
AAPL,2007-08-20,123.9588,124.4992,120.5008,122.22,3.6905
NVDA,2007-08-23,48.64,49.21,47.79,48,7.3376
AAPL,2007-08-17,122.01,123.4996,119.8204,122.0604,3.6856
AAPL,2007-08-31,139.4904,139.65,137.41,138.4796,4.1814
NVDA,2007-09-05,52.51,54,52.3,52.34,8.0011
NVDA,2007-09-04,51.39,52.96,50.59,52.74,8.0622
AAPL,2007-08-21,122.2088,128.9596,120.9992,127.5708,3.852
NVDA,2007-08-31,49.7,51.35,49.43,51.16,7.8207
NVDA,2007-08-21,45.17,47.69,44.5,47.33,7.2352
AAPL,2007-08-16,117.0092,118.4988,111.6192,117.0512,3.5344
AAPL,2007-08-30,132.6696,138.25,132.3,136.2508,4.1141
AAPL,2007-08-29,129.8808,134.1788,129.5392,134.0808,4.0486
AAPL,2007-08-28,130.9896,132.4092,126.63,126.8204,3.8294
AAPL,2007-08-27,133.3892,134.6604,132.1012,132.2496,3.9933
AAPL,2007-08-23,133.0896,133.3388,129.7604,131.0708,3.9577
AAPL,2007-08-24,130.5304,135.3688,129.8108,135.2988,4.0854
AAPL,2007-08-22,131.2192,132.7508,130.3288,132.51,4.0012
AAPL,2007-08-14,128.2904,128.2988,123.7096,124.0288,3.7451
AAPL,2007-08-15,122.7408,124.8604,119.6496,119.8988,3.6204
AAPL,2007-08-13,128.3212,129.3488,126.5012,127.7892,3.8586
AAPL,2007-08-10,123.1188,127.75,120.2992,125.0004,3.7744
AAPL,2007-08-07,134.9404,137.2392,132.6304,135.03,4.0773
AAPL,2007-08-09,131.11,133,125.09,126.3892,3.8163
NVDA,2007-08-30,48.49,49.89,48.47,48.68,7.4416
NVDA,2007-08-29,47.3,49.02,47.2,48.96,7.4844
AAPL,2007-08-08,136.7604,136.8612,132.0004,134.0108,4.0465
NVDA,2007-08-28,49.5,49.7,46.22,46.33,7.0823
NVDA,2007-08-20,45.11,45.6,44.35,44.9,6.8637
NVDA,2007-08-27,48.25,49.85,48.03,49.34,7.5425
NVDA,2007-08-17,43.75,45.12,42.39,45.08,6.8912
NVDA,2007-08-03,45.07,45.4,42.52,42.54,6.503
NVDA,2007-08-07,42.9,44.29,42.33,43.58,6.6619
AAPL,2007-08-03,135.2596,135.9512,131.4992,131.8492,3.9812
NVDA,2007-08-01,45.1,46.21,43.3,45.42,6.9432
AAPL,2007-08-01,133.6412,135.38,127.7696,134.9992,4.0763
AAPL,2007-08-02,136.6512,136.9592,134.1508,136.4888,4.1213
AAPL,2007-07-31,142.9708,143.4804,131.5188,131.7596,3.9785
AAPL,2007-07-30,144.3288,145.4488,139.5688,141.4308,4.2705
AAPL,2007-07-27,146.1908,148.9208,143.78,143.85,4.3436
AAPL,2007-07-26,145.9108,148.5008,136.9592,146.0004,4.4085
AAPL,2007-07-25,137.3512,138.3592,134.9992,137.2588,4.1445
NVDA,2007-08-14,43.81,45.9,43.68,45.2,6.9096
NVDA,2007-08-16,42.86,43.17,40.5,42.57,6.5075
NVDA,2007-08-15,44.96,45.6,43.23,43.29,6.6176
NVDA,2007-08-13,44.34,44.64,42.6,43.51,6.6512
AAPL,2007-08-06,132.8992,135.2708,128.2988,135.2512,4.0839
NVDA,2007-08-10,42.35,44.29,41.39,43.99,6.7246
NVDA,2007-08-09,45.9,47.4,44.85,46.13,7.0518
NVDA,2007-08-02,45.94,45.98,44.61,45.22,6.9126
NVDA,2007-08-08,44.3652,46.95,44.03,45.59,6.9692
NVDA,2007-07-31,47.29,47.93,45.7,45.76,6.9952
AAPL,2007-07-23,143.3096,145.2192,140.9296,143.6988,4.339
NVDA,2007-07-30,44.41,45.56,44.4,45.49,6.9539
NVDA,2007-07-27,44.25,46.29,44.23,44.25,6.7644
NVDA,2007-08-06,42.9,43.22,41.7,42.9,6.558
NVDA,2007-07-26,43.67,44.98,43.08,44.36,6.7812
NVDA,2007-07-25,44.36,44.99,43.12,44.14,6.7475
NVDA,2007-07-24,45.37,45.75,44.07,44.3464,6.7791
AAPL,2007-07-24,138.88,140.9996,134.1508,134.89,4.073
AAPL,2007-07-20,141.6492,144.1804,140,143.7492,4.3405
AAPL,2007-07-18,138.1912,138.4404,136.0408,138.1212,4.1706
AAPL,2007-07-19,140.2996,140.8092,139.65,140,4.2273
AAPL,2007-07-17,138.3004,139.5996,137.4996,138.9108,4.1944
AAPL,2007-07-16,138.39,139.9804,137.4996,138.0988,4.1699
AAPL,2007-07-02,121.0496,122.0912,119.2996,121.2596,3.6615
AAPL,2007-07-12,133.8512,134.2404,132.3896,134.0696,4.0483
AAPL,2007-07-13,135.03,137.8496,134.5204,137.7292,4.1588
AAPL,2007-07-11,132.0704,133.7,131.3088,132.3896,3.9975
NVDA,2007-07-20,45.9,46.06,44.88,45.1,6.8943
AAPL,2007-06-29,121.9708,124.0008,121.0888,122.0408,3.685
NVDA,2007-07-23,44.94,46.48,44.84,45.55,6.9631
AAPL,2007-06-27,120.61,122.0408,119.2604,121.8896,3.6805
AAPL,2007-06-28,122.36,122.4888,119.9996,120.5596,3.6403
AAPL,2007-06-26,123.9812,124.0008,118.72,119.6496,3.6128
NVDA,2007-07-09,43.93,45.25,43.92,45.04,6.8851
AAPL,2007-07-10,128.8812,134.5008,128.8112,132.3504,3.9963
NVDA,2007-07-19,46.3,46.53,45.2752,45.6,6.9707
NVDA,2007-07-18,45.83,45.97,44.75,45.65,6.9784
AAPL,2007-07-09,132.3812,132.8992,129.1808,130.3288,3.9353
NVDA,2007-07-16,45.91,46.89,45.9,46.7,7.1389
NVDA,2007-07-17,46.89,47.83,46.46,46.5036,7.1089
AAPL,2007-06-25,124.1912,125.09,121.0608,122.3404,3.6941
NVDA,2007-07-12,45.6,46.2,45.28,46.1536,7.0554
NVDA,2007-07-13,46.02,46.57,45.82,45.87,7.012
NVDA,2007-07-11,45.47,45.78,44.65,45.28,6.9218
NVDA,2007-07-03,43,43.44,42.65,43.1,6.5886
NVDA,2007-07-10,44.81,45.75,44.33,45.48,6.9524
NVDA,2007-07-02,41.9,43.048,41.77,43.03,6.5779
NVDA,2007-07-06,43.5,43.94,43.42,43.77,6.691
AAPL,2007-06-22,123.8496,124.4488,122.3796,123.0012,3.714
NVDA,2007-06-28,41.71,42.44,41.3,41.99,6.4189
NVDA,2007-06-27,40.5,41.64,40.3,41.59,6.3577
NVDA,2007-06-29,42.27,42.28,41.29,41.31,6.3149
NVDA,2007-06-26,42.36,42.48,40.4,40.5,6.1911
AAPL,2007-06-21,121.6992,124.2892,120.7192,123.9,3.7412
AAPL,2007-07-06,133.1288,133.3388,130.3988,132.3,3.9948
AAPL,2007-07-05,128.8,132.9692,128.6908,132.7508,4.0084
AAPL,2007-07-03,121.9988,127.4,121.5004,127.1704,3.8399
AAPL,2007-06-11,126,126.1512,119.5404,120.19,3.6292
NVDA,2007-07-05,43.11,43.7,42.9,43.56,6.6589
NVDA,2007-06-21,40.63,43.33,40.32,42.98,6.5702
NVDA,2007-06-25,42.4,43.44,42.01,42.47,6.4923
NVDA,2007-06-11,36.55,36.9,36.35,36.68,5.6072
AAPL,2007-06-06,122.3012,124.0512,121.9512,123.6396,3.7333
AAPL,2007-06-20,123.8692,124.6588,121.5004,121.5508,3.6702
AAPL,2007-06-18,123.2812,125.1796,122.5392,125.09,3.7771
AAPL,2007-06-19,124.6896,125.0088,122.9088,123.6592,3.7339
AAPL,2007-06-05,121.4108,122.6904,120.5008,122.6708,3.7041
AAPL,2007-06-14,117.1996,119.4508,116.4212,118.7508,3.5857
AAPL,2007-06-15,120.6212,120.6688,119.8596,120.5008,3.6385
AAPL,2007-06-04,118.6304,121.73,117.8996,121.3296,3.6636
AAPL,2007-05-31,120.0696,122.1696,119.5404,121.1896,3.6593
AAPL,2007-06-13,121.1504,121.1896,115.3992,117.4992,3.5479
AAPL,2007-06-12,119.35,121.7104,118.3112,120.3804,3.6349
NVDA,2007-06-22,43,43.87,42.35,43.62,6.6681
NVDA,2007-06-20,40,40.2,39.59,39.86,6.0933
NVDA,2007-06-19,39.32,39.91,39.05,39.82,6.0872
NVDA,2007-06-18,39.95,40.09,39.25,39.57,6.0489
AAPL,2007-06-01,121.1,121.1896,118.2888,118.4008,3.5751
AAPL,2007-05-30,114.2988,118.8796,113.5288,118.7704,3.5863
AAPL,2007-05-29,114.45,114.8588,112.6888,114.3492,3.4528
NVDA,2007-06-07,36.21,36.75,35.98,35.99,5.5017
NVDA,2007-06-14,37,37.97,36.95,37.83,5.783
NVDA,2007-06-15,38.26,39.85,38.25,39.55,6.0459
AAPL,2007-06-08,125.8208,125.8292,122.29,124.4908,3.759
AAPL,2007-06-07,124.9892,127.61,123.1888,124.0708,3.7463
NVDA,2007-06-13,36.7,37.18,36.23,37.17,5.6821
NVDA,2007-06-12,36.49,37,36.28,36.3,5.5491
NVDA,2007-06-08,35.69,36.6,35.25,36.55,5.5873
AAPL,2007-05-25,112,113.7808,111.4988,113.6212,3.4308
NVDA,2007-05-21,34.92,36,34.75,35.13,5.3702
AAPL,2007-05-22,112.49,113.75,112.0112,113.54,3.4284
AAPL,2007-05-21,110.3088,112.4508,110.0512,111.9804,3.3813
NVDA,2007-06-06,35.86,36.96,35.71,36.38,5.5613
NVDA,2007-06-05,35.17,36.17,35.11,36.11,5.52
NVDA,2007-06-04,34.56,35.27,34.42,35.07,5.361
NVDA,2007-05-22,35.16,35.6408,34.59,35.32,5.3993
NVDA,2007-05-18,34.6,35.12,34.31,35.02,5.3534
AAPL,2007-05-24,112.8092,114.4612,110.3704,110.6896,3.3423
AAPL,2007-05-23,114.0188,114.9988,112.5908,112.8904,3.4087
AAPL,2007-05-18,110.2304,110.6392,109.7712,110.0204,3.3221
AAPL,2007-05-17,107.1504,109.8692,107.1504,109.4408,3.3046
AAPL,2007-05-16,108.5308,108.8304,103.4208,107.3408,3.2412
AAPL,2007-05-15,109.5696,110.1996,106.4812,107.52,3.2466
AAPL,2007-05-10,106.6296,108.8388,105.9212,107.3408,3.2412
AAPL,2007-05-14,109.62,110.0008,108.2508,109.3596,3.3021
NVDA,2007-06-01,35.03,35.55,34.82,34.88,5.332
NVDA,2007-05-31,34.35,34.85,34.19,34.6392,5.2952
NVDA,2007-05-30,33.62,34.1,33.2,34.1,5.2128
NVDA,2007-05-29,33.52,34.13,33.42,34.02,5.2005
AAPL,2007-05-09,104.9104,106.96,104.8908,106.8788,3.2272
NVDA,2007-05-17,34.82,35,34.14,34.34,5.2495
NVDA,2007-05-16,34.51,34.92,33.85,34.92,5.3381
NVDA,2007-05-15,34.89,35.1,34.4,34.48,5.2709
NVDA,2007-05-14,35,35.33,34.46,34.79,5.3182
NVDA,2007-05-11,34.59,35.48,34.06,35.14,5.3717
NVDA,2007-05-25,33.38,33.83,33.28,33.66,5.1455
AAPL,2007-05-03,100.73,101.4496,100.0104,100.3996,3.0316
AAPL,2007-05-02,99.6492,100.5396,99.47,100.3912,3.0313
AAPL,2007-05-01,99.5904,100.3492,98.5488,99.47,3.0035
NVDA,2007-05-24,34.54,34.64,33,33.14,5.066
NVDA,2007-05-23,35.34,35.55,34.28,34.38,5.2556
AAPL,2007-05-11,107.7412,109.13,106.7808,108.7408,3.2834
AAPL,2007-05-08,103.4712,105.1512,103.4208,105.0588,3.1723
AAPL,2007-04-30,100.0888,100.9988,99.6688,99.8004,3.0135
AAPL,2007-05-07,101.08,104.3504,101.01,103.9192,3.1379
AAPL,2007-05-04,100.8,101.6008,100.5004,100.8112,3.044
NVDA,2007-05-09,33.05,33.63,32.67,33.44,5.1119
NVDA,2007-05-10,33.58,34.02,32.53,32.82,5.0171
AAPL,2007-04-26,101.5812,102.4996,98.2996,98.84,2.9845
AAPL,2007-04-25,94.2312,95.3988,93.8,95.3512,2.8791
NVDA,2007-05-03,33.16,33.69,33.1,33.47,5.1165
NVDA,2007-05-02,33.41,33.55,32.68,32.85,5.0217
NVDA,2007-05-01,33.49,33.71,32.97,33.24,5.0813
AAPL,2007-04-13,90.8992,91.4004,90.0592,90.2412,2.7248
NVDA,2007-04-30,33.52,33.94,32.88,32.89,5.0278
AAPL,2007-04-27,98.1792,99.9488,97.6892,99.9208,3.0171
NVDA,2007-04-24,31.9,32.84,31.69,32.55,4.9758
NVDA,2007-05-08,32.84,33.37,32.2,33.29,5.0889
NVDA,2007-05-07,34.2,34.58,33,33.04,5.0507
NVDA,2007-04-27,33.41,33.78,32.54,33.07,5.0553
AAPL,2007-04-24,93.9596,96.39,91.2996,93.24,2.8154
AAPL,2007-04-23,91.5908,93.8,91.42,93.5088,2.8235
NVDA,2007-04-23,31.74,31.8,31.28,31.37,4.7954
NVDA,2007-04-20,31.98,32,31.47,31.89,4.8749
AAPL,2007-04-20,90.8908,91.1792,90.5492,90.9692,2.7468
AAPL,2007-04-19,90.1908,91.2492,89.8296,90.2692,2.7257
AAPL,2007-04-18,90.16,90.8488,89.6,90.4008,2.7297
AAPL,2007-04-17,91.9996,92.2992,89.7008,90.3504,2.7281
AAPL,2007-04-16,90.5688,91.5012,90.2496,91.4312,2.7608
NVDA,2007-05-04,33.65,33.88,33.33,33.71,5.1531
AAPL,2007-04-12,92.0388,92.3104,90.72,92.19,2.7837
AAPL,2007-04-11,93.9008,93.9512,92.33,92.5904,2.7958
NVDA,2007-04-19,30.84,31.7,30.75,31.52,4.8184
NVDA,2007-04-18,30.66,31.36,30.5,31.09,4.7526
NVDA,2007-04-26,33.11,33.77,32.81,33.52,5.1241
NVDA,2007-04-25,32.5,33.29,32.35,33.11,5.0614
NVDA,2007-04-17,31.19,31.9,30.56,30.71,4.6945
NVDA,2007-04-16,30.5,30.73,30.03,30.42,4.6502
AAPL,2007-04-10,93.6712,94.2592,93.4108,94.2508,2.8459
AAPL,2007-04-09,95.2112,95.3008,93.0412,93.6488,2.8277
AAPL,2007-03-23,93.3492,94.0688,93.2988,93.52,2.8238
NVDA,2007-04-13,30.23,30.64,29.86,30.58,4.6747
NVDA,2007-04-10,30.3,30.65,29.97,30.03,4.5906
AAPL,2007-03-22,93.73,94.36,92.9992,93.9596,2.8371
NVDA,2007-04-09,30.9,31.25,30.28,30.34,4.638
AAPL,2007-04-05,94.1192,94.6792,93.52,94.6792,2.8589
AAPL,2007-04-04,94.9396,95.1412,94.1304,94.2704,2.8465
AAPL,2007-04-03,94.1388,95.2308,93.7608,94.5,2.8534
AAPL,2007-04-02,94.1388,94.2508,93.0188,93.6488,2.8277
AAPL,2007-03-21,91.9912,93.9988,91.6496,93.87,2.8344
AAPL,2007-03-20,91.35,91.84,91.0588,91.4788,2.7622
AAPL,2007-03-19,90.2412,91.5488,89.5888,91.1288,2.7516
NVDA,2007-03-28,29.53,29.78,29.16,29.21,4.4652
AAPL,2007-03-30,94.2788,94.6792,92.75,92.9096,2.8054
NVDA,2007-04-12,29.33,30.42,29.14,30.33,4.6365
NVDA,2007-04-11,30.09,30.39,29.39,29.49,4.508
AAPL,2007-03-28,94.8808,95.3988,93.1504,93.24,2.8154
AAPL,2007-03-27,95.7096,96.8296,95.0012,95.4604,2.8824
NVDA,2007-04-05,28.7,30.93,28.7,30.9,4.7236
NVDA,2007-04-04,28.6,28.83,28.5,28.58,4.3689
NVDA,2007-04-03,28.75,29.07,28.37,28.64,4.3781
NVDA,2007-04-02,28.71,28.95,28.28,28.75,4.3949
NVDA,2007-03-27,30.28,30.34,29.75,29.78,4.5524
AAPL,2007-03-16,89.5412,89.9892,89.32,89.5888,2.7051
AAPL,2007-03-15,89.9612,90.3588,89.3088,89.5692,2.7046
NVDA,2007-03-30,29.09,29.3,28.63,28.78,4.3995
AAPL,2007-03-29,94.1892,94.1892,92.2292,93.7496,2.8308
NVDA,2007-03-26,30.31,30.6,29.8,30.35,4.6395
AAPL,2007-03-14,88.6004,90.0004,87.92,90.0004,2.7176
AAPL,2007-03-13,89.4096,90.5996,88.3988,88.3988,2.6692
NVDA,2007-03-22,30,30.81,29.86,30.63,4.6823
NVDA,2007-03-21,29.5,30.44,28.9412,29.97,4.5814
NVDA,2007-03-20,28.4,29.05,28.24,28.35,4.3338
NVDA,2007-03-19,28.5,28.95,28.4,28.49,4.3552
AAPL,2007-03-26,93.9904,95.9,93.2988,95.8496,2.8942
NVDA,2007-03-29,29.65,29.69,28.23,28.7,4.3873
NVDA,2007-03-23,30.4,30.94,30.07,30.29,4.6303
NVDA,2007-03-14,29.13,29.3,28.04,28.91,4.4194
NVDA,2007-03-13,30.02,30.2,29.03,29.05,4.4408
NVDA,2007-03-02,30.35,30.72,29.71,29.77,4.5508
AAPL,2007-03-02,86.7692,87.5392,85.2096,85.4112,2.579
AAPL,2007-03-01,84.0308,88.3092,83.7508,87.0604,2.6288
NVDA,2007-03-16,28.64,28.69,28.15,28.35,4.3338
AAPL,2007-02-26,89.8408,90.0004,87.6092,88.5108,2.6726
AAPL,2007-03-12,88.0712,89.9892,87.99,89.8688,2.7136
NVDA,2007-03-15,28.84,29.1,28.18,28.62,4.3751
NVDA,2007-03-01,30.33,31.19,29.93,30.62,4.6808
AAPL,2007-02-23,89.1604,90.3392,88.8496,89.0708,2.6895
AAPL,2007-03-09,88.7992,88.8496,87.3992,87.9704,2.6563
AAPL,2007-03-08,88.5892,88.7208,87.4608,88.0012,2.6572
NVDA,2007-03-12,30.16,30.77,30.12,30.33,4.6365
AAPL,2007-02-22,90.8012,90.8096,88.5304,89.5104,2.7028
NVDA,2007-03-09,31.25,31.6,30.16,30.51,4.664
AAPL,2007-02-20,84.6496,86.1588,84.1596,85.9012,2.5938
AAPL,2007-03-06,87.7996,88.3092,87.3992,88.1888,2.6629
AAPL,2007-03-05,85.89,88.6508,85.7612,86.3212,2.6065
AAPL,2007-03-07,88.0488,88.97,87.4496,87.7212,2.6488
AAPL,2007-02-21,85.9796,89.4908,85.96,89.1996,2.6934
AAPL,2007-02-16,85.2488,85.4112,84.6608,84.8288,2.5614
AAPL,2007-02-14,84.63,85.6408,84.5712,85.2992,2.5756
AAPL,2007-02-28,83.0004,85.5988,83.0004,84.6104,2.5548
AAPL,2007-02-27,86.2988,87.08,83.4092,83.93,2.5343
NVDA,2007-03-08,30.22,31.16,30.2,30.82,4.7114
NVDA,2007-03-07,30.31,30.45,29.47,29.6,4.5249
NVDA,2007-03-06,29.39,30.79,29.27,30.46,4.6563
NVDA,2007-03-05,29.25,29.83,28.66,28.762,4.3968
NVDA,2007-02-28,31.09,31.67,30.71,31,4.7389
NVDA,2007-02-27,31.8,32.55,31.13,31.18,4.7664
AAPL,2007-02-15,85.4392,85.6212,84.7812,85.2096,2.5729
AAPL,2007-02-09,85.8788,86.2008,83.2104,83.2692,2.5143
NVDA,2007-02-14,34.3,34.5,33.47,33.55,5.1287
NVDA,2007-02-08,34.3,34.87,34,34.38,5.2556
AAPL,2007-02-08,85.4308,86.5088,85.4112,86.1812,2.6023
AAPL,2007-02-07,84.4788,86.38,83.5492,86.1504,2.6013
AAPL,2007-02-06,84.4508,84.4704,82.8604,84.1512,2.541
AAPL,2007-02-05,84.2996,85.2292,83.9412,83.9412,2.5346
NVDA,2007-02-26,32.74,32.99,32.1,32.15,4.9147
NVDA,2007-02-23,33.04,33.06,32.64,32.65,4.9911
AAPL,2007-02-13,85.1592,85.2908,84.2996,84.7,2.5575
AAPL,2007-02-12,84.4312,85.1788,83.6304,84.8792,2.5629
AAPL,2007-01-30,86.4304,86.4892,85.2488,85.5512,2.5832
NVDA,2007-02-22,33.03,33.56,32.65,32.73,5.0033
AAPL,2007-01-29,86.2988,86.6488,85.5288,85.9404,2.595
NVDA,2007-02-07,33.79,34.91,33.59,34.83,5.3244
NVDA,2007-02-05,32,32.64,31.95,32.37,4.9483
NVDA,2007-02-20,32.77,33.19,32.54,33.01,5.0461
NVDA,2007-02-06,33.1,33.94,32.61,33.52,5.1241
NVDA,2007-02-02,31.21,32,30.95,31.85,4.8688
NVDA,2007-02-21,32.74,33.09,32.19,32.52,4.9712
NVDA,2007-02-16,33.61,33.65,32.62,32.72,5.0018
NVDA,2007-02-13,33.91,34.27,33.57,34,5.1975
NVDA,2007-02-12,32.89,34.08,32.54,33.37,5.1012
AAPL,2007-02-02,84.1204,85.2488,83.7004,84.7504,2.5591
AAPL,2007-02-01,86.2288,86.2708,84.7392,84.7392,2.5587
NVDA,2007-02-01,30.36,31.2,30.3,31.04,4.745
NVDA,2007-01-31,30.61,30.94,30.23,30.65,4.6854
AAPL,2007-01-31,84.8596,85.9992,84.35,85.7304,2.5886
NVDA,2007-02-15,33.53,33.92,33.21,33.75,5.1593
AAPL,2007-01-26,87.1108,87.3712,84.9912,85.3804,2.5781
AAPL,2007-01-22,89.1408,89.1604,85.6492,86.7888,2.6206
AAPL,2007-01-23,85.7304,87.5112,85.5092,85.6996,2.5877
AAPL,2007-01-25,87.1108,88.4996,86.03,86.2512,2.6044
NVDA,2007-01-30,30.38,30.96,30.11,30.76,4.7022
NVDA,2007-01-29,31.3252,31.35,29.9112,30.18,4.6135
NVDA,2007-02-09,34.55,34.84,32.52,32.65,4.9911
AAPL,2007-01-12,94.5896,95.06,93.2288,94.6204,2.8571
NVDA,2007-01-19,31.35,32.54,31.13,31.8796,4.8733
NVDA,2007-01-18,34.25,34.25,31.26,31.69,4.8444
AAPL,2007-01-11,95.9392,96.7792,95.0992,95.7992,2.8927
NVDA,2007-01-17,34.8,35.01,34.42,34.55,5.2816
AAPL,2007-01-24,86.6796,87.15,86.0804,86.6992,2.6179
AAPL,2007-01-10,94.7492,97.8012,93.45,97.0004,2.9289
AAPL,2006-12-29,83.9496,85.4,83.3588,84.84,2.5618
AAPL,2007-01-09,86.45,92.9796,85.1508,92.5708,2.7952
AAPL,2007-01-08,85.96,86.5312,85.2796,85.47,2.5808
AAPL,2007-01-05,85.7696,86.2008,84.4004,85.05,2.5681
NVDA,2007-01-16,35.5,35.52,34.89,35.29,5.3947
AAPL,2007-01-04,84.0504,85.9488,83.8208,85.6604,2.5865
AAPL,2007-01-03,86.2904,86.5788,81.9,83.8012,2.5304
NVDA,2007-01-12,34.24,35.37,34.08,35.23,5.3855
AAPL,2006-12-26,82.1492,82.5692,80.8892,81.5108,2.4612
AAPL,2007-01-19,88.6312,89.6504,88.1188,88.4996,2.6723
AAPL,2007-01-18,92.1004,92.1088,89.0512,89.0708,2.6895
AAPL,2007-01-17,97.5604,97.5996,94.8192,94.9508,2.8671
NVDA,2007-01-26,32,32.31,30.9,31.47,4.8107
NVDA,2007-01-11,34.89,35.16,34.19,34.76,5.3137
AAPL,2007-01-16,95.6788,97.2496,95.4492,97.1012,2.932
NVDA,2007-01-25,33.18,33.3,31.57,31.73,4.8505
NVDA,2007-01-24,32.3,33.31,32.15,32.88,5.0263
NVDA,2006-12-29,37.24,38.02,36.97,37.01,5.6576
AAPL,2006-12-28,80.22,81.2504,79.6488,80.8696,2.4419
AAPL,2006-12-22,83.4596,84.0392,81.6004,82.1996,2.482
AAPL,2006-12-21,84.7,85.4812,82.1996,82.8996,2.5032
AAPL,2006-12-20,86.4696,86.6712,84.7392,84.7588,2.5593
AAPL,2006-12-19,84.7308,86.6796,83.6192,86.31,2.6061
NVDA,2006-12-28,37.55,37.59,37.07,37.24,5.6928
NVDA,2007-01-23,31.73,32.4,31.138,31.89,4.8749
NVDA,2007-01-22,32.18,32.7,31.76,31.88,4.8734
NVDA,2007-01-10,32.9,35.2,32.4,34.89,5.3335
NVDA,2007-01-09,33.96,34.19,33.21,33.25,5.0828
AAPL,2006-12-13,87.9508,89.0708,87.15,89.0512,2.6889
AAPL,2006-12-18,87.6288,88.0012,84.5908,85.47,2.5808
AAPL,2006-12-27,78.1508,82.0008,76.7704,81.5192,2.4615
NVDA,2006-12-27,37.18,37.64,37.18,37.51,5.734
NVDA,2006-12-22,37.87,38,36.85,37.03,5.6607
NVDA,2006-12-21,38.47,38.58,37.5,37.93,5.7982
NVDA,2007-01-08,33.78,34.56,33.2,33.91,5.1837
NVDA,2007-01-05,35.06,35.2,33.42,33.66,5.1455
NVDA,2006-12-20,38.5,38.96,38.23,38.26,5.8487
AAPL,2006-12-12,88.6088,88.8412,85.5288,86.1392,2.601
AAPL,2006-12-15,89.0204,89.2192,87.3292,87.7212,2.6488
NVDA,2007-01-04,35.95,36.08,35.03,35.91,5.4895
NVDA,2006-12-19,37.6572,38.9,37.61,38.7,5.916
NVDA,2007-01-03,37.07,37.52,34.79,36.08,5.5154
NVDA,2006-12-18,37.5352,38.6,37.52,38.15,5.8319
AAPL,2006-12-14,89.0512,90.0004,88.2588,88.55,2.6738
AAPL,2006-12-08,87.2312,89.39,86.9988,88.2588,2.665
NVDA,2006-12-26,37.23,37.56,36.87,37.02,5.6591
AAPL,2006-12-11,88.9,89.3004,88.0488,88.7488,2.6798
AAPL,2006-12-07,90.0312,90.4988,86.9008,87.0408,2.6282
AAPL,2006-12-06,90.6388,91.3892,89.67,89.8296,2.7124
NVDA,2006-12-07,36.55,36.75,35.35,35.67,5.4528
NVDA,2006-12-08,35.41,36.04,34.9,35.55,5.4344
AAPL,2006-12-05,91.6496,92.33,90.8712,91.2688,2.7559
NVDA,2006-12-06,36.72,36.72,36.05,36.55,5.5873
AAPL,2006-11-28,90.3588,91.9688,89.9108,91.8092,2.7722
NVDA,2006-12-15,37.09,37.5,36.86,37.5,5.7325
NVDA,2006-12-13,36.08,36.5,36.08,36.21,5.5353
NVDA,2006-12-05,36.59,36.81,36.19,36.6,5.5949
AAPL,2006-12-04,91.8792,92.05,90.4988,91.1204,2.7514
NVDA,2006-12-12,35.89,36.01,35.31,35.79,5.4711
NVDA,2006-12-04,36,37.44,35.87,36.98,5.653
NVDA,2006-12-14,36.5,37.31,36.47,36.85,5.6331
AAPL,2006-12-01,91.8008,92.33,90.1012,91.3192,2.7574
AAPL,2006-11-16,84.8708,86.2988,84.6188,85.61,2.585
AAPL,2006-11-27,92.5092,93.1588,89.4992,89.5412,2.7037
NVDA,2006-12-11,35.56,36.59,35.48,36.16,5.5277
NVDA,2006-12-01,36.58,36.63,35.22,35.54,5.4329
AAPL,2006-11-15,85.05,85.9012,84,84.0504,2.5379
AAPL,2006-11-30,92.2096,92.68,91.0588,91.6608,2.7677
AAPL,2006-11-29,92.9992,93.1504,90.2496,91.8008,2.7719
NVDA,2006-11-27,36.76,37.25,35.06,35.31,5.3977
AAPL,2006-11-14,84.8008,84.9996,83.8992,84.9996,2.5666
NVDA,2006-11-30,36.5,37.29,36.06,36.99,5.6545
AAPL,2006-11-24,89.53,93.0804,89.4992,91.63,2.7668
AAPL,2006-11-22,88.9896,90.7508,87.85,90.3112,2.727
AAPL,2006-11-21,87.4188,88.6004,87.1108,88.6004,2.6753
NVDA,2006-11-29,36.3,36.94,36.16,36.5,5.5796
AAPL,2006-11-20,85.4,86.9988,85.2012,86.4696,2.611
NVDA,2006-11-16,35.91,36.35,35.6,36.22,5.5368
AAPL,2006-11-17,85.1396,85.9404,84.9996,85.8508,2.5923
NVDA,2006-11-28,35.19,36.29,34.64,35.97,5.4986
AAPL,2006-11-13,83.2188,84.4508,82.6392,84.35,2.547
NVDA,2006-11-24,36.53,37.06,36.2,36.98,5.653
AAPL,2006-11-10,83.5492,83.5996,82.4992,83.1208,2.5098
NVDA,2006-11-15,36.25,36.75,35.56,35.76,5.4665
NVDA,2006-11-22,36.22,36.75,36.03,36.71,5.6117
NVDA,2006-11-21,36.77,36.83,35.84,36.09,5.517
NVDA,2006-11-20,35.87,36.86,35.6,36.66,5.6041
AAPL,2006-11-09,82.8996,84.6888,82.1212,83.3392,2.5164
NVDA,2006-11-17,35.97,36.42,35.75,36.32,5.5521
AAPL,2006-10-31,81.4492,81.6788,80.2312,81.0796,2.4482
NVDA,2006-11-09,35.3052,36.2,34.99,35.29,5.3947
AAPL,2006-11-08,80.0212,82.6896,79.8896,82.4488,2.4896
AAPL,2006-10-30,79.9904,80.9004,79.5004,80.4188,2.4283
NVDA,2006-11-08,33.86,35.02,33.78,34.6,5.2892
AAPL,2006-11-07,80.4496,81.0012,80.1304,80.5112,2.431
NVDA,2006-11-07,33.84,34.46,33.65,34.1,5.2128
AAPL,2006-10-25,81.3512,82.0008,81.0096,81.6788,2.4663
AAPL,2006-11-06,78.9488,80.0604,78.4308,79.7104,2.4069
NVDA,2006-10-31,33.49,34.87,33.32,34.87,5.3305
AAPL,2006-10-24,81.2112,81.6788,80.2004,81.0488,2.4473
NVDA,2006-11-14,35.87,36.43,35.1,36.36,5.5582
AAPL,2006-10-23,79.9904,81.9,79.7496,81.4604,2.4597
NVDA,2006-11-06,32.69,34.04,32.28,33.59,5.1348
NVDA,2006-11-13,34.5052,36.1,34.5,36,5.5032
NVDA,2006-10-30,32.6,33.35,32.25,32.77,5.0094
AAPL,2006-11-03,79.3604,79.5312,77.7896,78.2908,2.364
NVDA,2006-11-03,32.32,32.64,31.8,32.6,4.9835
AAPL,2006-11-02,78.9208,79.3212,78.5008,78.9796,2.3848
NVDA,2006-11-02,32.33,33.03,31.52,31.96,4.8856
AAPL,2006-11-01,81.0992,81.3792,78.3608,79.1588,2.3902
AAPL,2006-10-27,81.7488,82.4488,80.01,80.4104,2.428
AAPL,2006-10-20,78.9712,79.9904,78.6688,79.9512,2.4141
AAPL,2006-10-19,79.2596,79.9512,78.1592,78.9908,2.3851
AAPL,2006-10-18,74.7488,75.3704,73.9088,74.5304,2.2505
NVDA,2006-11-10,34.99,35.16,33.57,34.44,5.2647
NVDA,2006-11-01,34.41,34.73,31.7,32.18,4.9193
NVDA,2006-10-23,32.05,32.49,31.5,31.58,4.8275
AAPL,2006-10-26,81.9,82.6,81.13,82.1912,2.4818
NVDA,2006-10-27,33.84,34.59,32,32.38,4.9498
NVDA,2006-10-20,32.41,32.43,31.3292,31.79,4.8596
AAPL,2006-10-17,75.04,75.2696,74.0404,74.2896,2.2432
NVDA,2006-10-26,32.88,33.95,32.88,33.84,5.173
AAPL,2006-10-16,75.1912,75.88,74.7908,75.4012,2.2768
NVDA,2006-10-25,32.81,33.3,32.26,32.8,5.014
NVDA,2006-10-24,31.64,32.86,31.55,32.5,4.9682
AAPL,2006-10-06,74.4212,75.04,73.8108,74.2196,2.2411
AAPL,2006-10-05,74.5304,76.16,74.13,74.83,2.2595
AAPL,2006-10-04,74.0992,75.46,73.1612,75.3788,2.2761
NVDA,2006-10-19,31.44,32.4,31.19,32.16,4.9162
NVDA,2006-10-18,32.9052,33.25,31.33,31.56,4.8245
AAPL,2006-10-03,74.4492,74.9504,73.1892,74.0796,2.2368
NVDA,2006-10-13,32.37,33.96,31.84,33.77,5.1623
NVDA,2006-10-06,30.25,31.25,30.16,30.93,4.7282
NVDA,2006-10-05,30.96,31.27,30.12,30.2,4.6166
NVDA,2006-10-04,28.34,31.09,28.26,31.08,4.7511
AAPL,2006-10-13,75.6308,76.8796,74.7404,75.0204,2.2653
NVDA,2006-10-12,32.53,33.15,32.01,32.48,4.9651
AAPL,2006-10-12,73.6092,75.39,73.6008,75.2612,2.2725
AAPL,2006-10-02,75.0988,75.8688,74.3008,74.8608,2.2604
AAPL,2006-09-29,77.1092,77.5208,76.6808,76.9804,2.3244
AAPL,2006-09-28,77.0196,77.4788,75.95,77.0112,2.3254
AAPL,2006-10-11,73.4188,73.9788,72.6012,73.2312,2.2112
AAPL,2006-09-27,77.1708,77.4704,75.8212,76.4092,2.3072
NVDA,2006-10-03,28.3,28.52,27.67,28.3,4.3261
NVDA,2006-10-11,32,32.92,31.51,32.35,4.9452
NVDA,2006-10-10,32.75,32.88,31.8,32.17,4.9177
NVDA,2006-10-09,30.8552,33.33,30.77,32.92,5.0324
NVDA,2006-10-17,33.16,33.39,32.1,32.42,4.9559
AAPL,2006-09-26,76.1796,77.7812,76.1012,77.6104,2.3435
AAPL,2006-09-25,73.8108,75.8604,73.7212,75.7512,2.2873
AAPL,2006-10-10,74.5388,74.5808,73.08,73.8108,2.2287
AAPL,2006-10-09,73.7996,75.0792,73.5308,74.6312,2.2535
NVDA,2006-10-02,29.45,29.64,28.6,28.84,4.4087
NVDA,2006-10-16,33.88,34.43,33.11,33.71,5.1531
NVDA,2006-09-29,29.77,30,29.43,29.59,4.5233
AAPL,2006-09-22,74.3008,74.34,72.5788,72.9988,2.2042
AAPL,2006-09-20,74.3792,75.6812,74.2196,75.2612,2.2725
AAPL,2006-09-21,75.25,76.0592,74.0208,74.6508,2.2541
NVDA,2006-09-18,29.64,30.73,29.55,30.68,4.69
NVDA,2006-09-28,28.96,29.69,28.8312,29.57,4.5203
AAPL,2006-09-18,73.7996,74.8608,73.3012,73.8892,2.2311
NVDA,2006-09-27,30.14,31.1,29.85,30.14,4.6074
NVDA,2006-09-26,30.85,30.93,29.84,30.23,4.6212
NVDA,2006-09-25,30.2552,31.01,29.44,30.88,4.7205
NVDA,2006-09-22,30.6252,30.82,29.47,29.81,4.557
AAPL,2006-09-07,70.5992,73.4804,70.2492,72.8,2.1982
AAPL,2006-09-08,73.3712,73.57,71.9096,72.52,2.1898
AAPL,2006-09-06,71.0808,71.6912,69.7004,70.0308,2.1146
AAPL,2006-09-05,68.9696,71.5008,68.5496,71.4812,2.1584
AAPL,2006-09-19,74.0992,74.3596,72.8,73.7688,2.2275
NVDA,2006-09-07,26.63,28.22,26.34,27.61,4.2207
NVDA,2006-09-20,30.27,31.01,30.21,30.97,4.7343
NVDA,2006-09-08,28.05,28.17,27.09,27.7,4.2344
NVDA,2006-09-21,30.94,31.25,30.43,30.72,4.6961
AAPL,2006-09-15,74.6004,74.9812,73.29,74.0992,2.2374
NVDA,2006-09-06,28,28.04,27,27.07,4.1381
AAPL,2006-08-31,67.2812,68.3004,66.6596,67.8496,2.0487
AAPL,2006-08-30,67.34,67.8188,66.6792,66.9592,2.0218
NVDA,2006-09-15,29.09,29.7,28.95,29.56,4.5187
NVDA,2006-09-14,28.96,29.5,28.61,28.99,4.4316
NVDA,2006-09-13,28.94,29.48,28.85,29.1,4.4484
AAPL,2006-09-14,73.7212,74.6704,73.4608,74.1692,2.2395
AAPL,2006-08-29,66.99,67.2588,65.1196,66.4804,2.0074
NVDA,2006-09-05,27.98,28.61,27.57,28.5,4.3567
AAPL,2006-09-13,72.8504,74.3204,72.2988,74.2,2.2405
AAPL,2006-09-01,68.4796,68.6504,67.8188,68.3788,2.0647
NVDA,2006-09-19,30.48,30.7,29.63,29.88,4.5677
AAPL,2006-09-12,72.8112,73.4496,71.4504,72.6292,2.193
NVDA,2006-09-12,28,29.05,27.93,28.87,4.4133
NVDA,2006-09-11,27.08,28.45,26.77,28.13,4.3001
AAPL,2006-08-28,68.4992,68.6112,66.6792,66.9788,2.0224
AAPL,2006-09-11,72.4304,73.7296,71.4196,72.5004,2.1892
AAPL,2006-08-21,67.3008,67.3092,66.15,66.5588,2.0098
AAPL,2006-08-25,67.34,69.0508,67.3092,68.7512,2.076
NVDA,2006-09-01,28.68,28.91,27.78,27.89,4.2635
AAPL,2006-08-17,68.0008,68.6588,67.1804,67.5892,2.0409
AAPL,2006-08-16,67.0992,68.0708,66.3292,67.9812,2.0527
NVDA,2006-08-21,26.95,27,26.29,26.35,4.028
NVDA,2006-08-31,29.15,29.28,28.48,29.11,4.45
AAPL,2006-08-15,65.3408,66.5,64.8004,66.4496,2.0065
AAPL,2006-08-14,64.05,65.2204,63.5992,63.9408,1.9307
AAPL,2006-08-24,67.8888,68.1912,66.2704,67.8104,2.0475
AAPL,2006-08-23,68.0008,68.6504,66.9396,67.3092,2.0324
NVDA,2006-08-30,28.7852,29.52,28.72,29.22,4.4668
AAPL,2006-08-22,66.6792,68.32,66.5,67.62,2.0418
NVDA,2006-08-18,26.95,27.5,26.01,27.36,4.1824
AAPL,2006-08-18,67.7096,68.4012,67.2588,67.9112,2.0506
AAPL,2006-08-11,63.2296,64.1312,62.58,63.6496,1.9219
NVDA,2006-08-29,27.65,28.76,27.45,28.63,4.3766
AAPL,2006-08-04,67.0488,68.6112,64.96,68.3004,2.0623
NVDA,2006-08-28,26.92,28.17,26.87,27.39,4.187
NVDA,2006-08-14,23.6852,23.93,23.15,23.28,3.5587
NVDA,2006-08-25,26.36,26.95,26.1,26.48,4.0479
NVDA,2006-08-11,22.3952,24.01,22.32,23.4,3.5771
NVDA,2006-08-24,26.36,26.7,25.94,26.56,4.0601
NVDA,2006-08-10,24.06,24.3,23.65,24.16,3.6933
NVDA,2006-08-09,24.82,25.5,24.15,24.33,3.7193
NVDA,2006-08-08,23.9,24.85,23.84,24.34,3.7208
AAPL,2006-08-10,63.2492,64.8088,62.7004,64.0696,1.9346
AAPL,2006-08-09,65.4304,65.6012,63.4004,63.5908,1.9201
AAPL,2006-08-08,67.0908,67.1104,64.5092,64.7808,1.9561
AAPL,2006-08-07,67.7208,69.5996,66.3096,67.2112,2.0295
NVDA,2006-08-17,27.01,27.72,26.65,26.92,4.1152
NVDA,2006-08-23,26.51,26.78,25.71,26.29,4.0189
NVDA,2006-08-22,26.27,27.04,26.25,26.31,4.0219
AAPL,2006-08-03,67.9112,70,67.8104,69.5912,2.1013
AAPL,2006-07-27,64.5008,65.0188,62.86,63.4004,1.9144
NVDA,2006-08-07,23.57,24.01,23.25,23.71,3.6245
AAPL,2006-08-02,67.6508,68.6812,67.5108,68.1604,2.0581
AAPL,2006-08-01,67.2196,67.9308,65.94,67.1804,2.0285
AAPL,2006-07-31,66.8304,68.6308,66.2788,67.9588,2.052
NVDA,2006-08-16,25.66,27.46,25,27.35,4.1809
NVDA,2006-08-15,23.88,25.65,23.65,25.52,3.9012
NVDA,2006-08-02,21.72,22.99,21.67,22.88,3.4976
NVDA,2006-08-01,21.87,21.91,20.85,21.25,3.2484
AAPL,2006-07-26,62.0004,64.6408,61.6812,63.8708,1.9286
NVDA,2006-07-31,22.43,22.66,22.08,22.14,3.3845
AAPL,2006-07-25,61.7792,62.09,60.7796,61.9304,1.87
AAPL,2006-07-21,59.8192,61.1492,59.64,60.7208,1.8335
AAPL,2006-07-24,61.2612,62.1012,60.4296,61.4208,1.8546
NVDA,2006-08-04,24.96,25,23.37,23.99,3.6673
NVDA,2006-08-03,22.8,24.94,22.48,24.32,3.7177
AAPL,2006-07-28,63.9408,65.6796,63.5012,65.59,1.9805
NVDA,2006-07-27,20.51,21.35,20.17,20.54,3.1399
NVDA,2006-07-25,19.8,20.46,19.51,20.25,3.0956
NVDA,2006-07-26,20.25,20.49,19.65,20.25,3.0956
AAPL,2006-07-20,60.9588,61.5888,59.7212,60.4996,1.8268
NVDA,2006-07-28,21.07,22.71,20.95,22.67,3.4655
NVDA,2006-07-20,19.95,20.3,19.18,19.21,2.9366
NVDA,2006-07-24,18.4272,20.01,18.33,19.56,2.9901
NVDA,2006-07-19,18.7,19.84,18.56,19.6,2.9962
AAPL,2006-07-19,52.9592,55.0788,52.36,54.0988,1.6335
AAPL,2006-07-18,53.1608,53.8496,51.8504,52.9004,1.5973
NVDA,2006-07-21,18.56,18.64,17.63,17.77,2.7164
NVDA,2006-07-18,18.42,18.97,17.76,18.78,2.8708
AAPL,2006-07-14,52.5,52.8892,50.1592,50.6688,1.53
AAPL,2006-07-13,52.0296,54.1212,51.4108,52.2508,1.5777
AAPL,2006-07-17,51.73,53.1104,51.6488,52.3712,1.5814
NVDA,2006-07-17,17.59,18.01,17.5,17.81,2.7226
AAPL,2006-07-12,55.1712,55.2412,52.92,52.9592,1.5991
AAPL,2006-07-11,55.1096,55.9888,54.53,55.65,1.6804
AAPL,2006-07-07,55.4792,56.5488,54.67,55.4008,1.6728
AAPL,2006-06-30,57.5904,57.75,56.5012,57.2712,1.7293
AAPL,2006-07-10,55.7004,56.49,54.4992,55.0004,1.6607
NVDA,2006-07-14,18.09,18.19,17.17,17.67,2.7012
NVDA,2006-07-13,17.95,18.4,17.67,17.76,2.7149
NVDA,2006-07-07,20.13,20.17,19.15,19.37,2.961
NVDA,2006-07-12,19.08,19.3,18.21,18.23,2.7868
NVDA,2006-07-11,18.47,19.22,18.2,19.15,2.9274
AAPL,2006-07-06,57.0892,57.4,55.6108,55.7704,1.684
NVDA,2006-07-10,19.4152,19.56,18.36,18.53,2.8326
AAPL,2006-07-05,57.1508,57.5988,56.56,56.9996,1.7211
NVDA,2006-07-06,20.63,20.83,19.78,19.99,3.0558
AAPL,2006-06-29,56.7588,59.0912,56.3892,58.9708,1.7806
NVDA,2006-07-05,21.26,21.45,20.63,20.63,3.1536
AAPL,2006-07-03,57.5204,58.1812,57.3412,57.9488,1.7498
AAPL,2006-06-28,57.2908,57.2992,55.4092,56.0196,1.6915
AAPL,2006-06-27,59.0912,59.22,57.4,57.4308,1.7341
AAPL,2006-06-26,59.1696,59.2004,58.3688,58.9904,1.7812
NVDA,2006-07-03,21.78,21.8,21.45,21.6,3.3019
AAPL,2006-06-22,58.2008,59.7492,58.0692,59.5812,1.7991
AAPL,2006-06-21,57.7388,58.7104,57.2992,57.8592,1.7471
AAPL,2006-06-23,59.7212,60.1692,58.73,58.8308,1.7764
NVDA,2006-06-30,21.7,22.04,21.13,21.29,3.2545
NVDA,2006-06-29,20,21.49,19.93,21.49,3.2851
AAPL,2006-06-16,58.9596,59.1892,57.5204,57.5596,1.738
NVDA,2006-06-28,19.63,20.88,19.12,20.56,3.1429
NVDA,2006-06-27,20.24,20.26,19.21,19.48,2.9778
AAPL,2006-06-20,57.61,58.3492,57.2908,57.47,1.7353
NVDA,2006-06-26,20.28,20.5,20.02,20.12,3.0757
AAPL,2006-06-09,61.18,61.5608,59.0996,59.2396,1.7887
NVDA,2006-06-22,21.14,21.2,20.16,20.3,3.1032
NVDA,2006-06-20,20.43,21.15,20.35,20.68,3.1613
AAPL,2006-06-19,57.8312,58.1812,56.9996,57.2012,1.7272
NVDA,2006-06-23,20.26,20.73,20.07,20.31,3.1047
NVDA,2006-06-21,20.59,21.24,20.59,20.91,3.1964
NVDA,2006-06-19,21.9,22.01,20.96,21.01,3.2117
AAPL,2006-06-15,57.2992,59.7408,56.7504,59.3796,1.793
AAPL,2006-06-14,58.2792,58.7804,56.6888,57.61,1.7395
AAPL,2006-06-13,57.61,59.0996,57.3608,58.3296,1.7613
NVDA,2006-06-16,22.08,22.14,21.45,21.66,3.3111
AAPL,2006-06-12,59.3992,59.7296,56.9604,56.9996,1.7211
NVDA,2006-06-09,21.7,22.07,21.17,21.35,3.2637
AAPL,2006-06-08,58.4388,60.9308,57.1508,60.76,1.8347
AAPL,2006-06-07,60.0992,60.3988,58.3492,58.5592,1.7682
AAPL,2006-06-02,62.9888,63.1008,60.8804,61.6588,1.8618
AAPL,2006-05-26,64.3104,64.5596,63.14,63.5488,1.9189
AAPL,2006-05-25,64.26,64.4504,63.2912,64.33,1.9425
NVDA,2006-06-06,23.12,23.14,21.6,22.22,3.3967
NVDA,2006-06-15,21.19,22.3,21.02,22.23,3.3982
NVDA,2006-06-14,19.98,20.5,19.77,20.44,3.1246
AAPL,2006-06-06,60.2196,60.6312,58.9092,59.7212,1.8033
NVDA,2006-06-13,20.16,20.57,19.67,19.86,3.0359
NVDA,2006-06-12,20.98,21.26,20.05,20.17,3.0833
AAPL,2006-06-05,61.1492,61.1492,59.9704,60.0012,1.8117
NVDA,2006-06-08,21.57,21.85,20.56,21.42,3.2744
NVDA,2006-06-07,22.46,22.5,21.65,21.82,3.3356
AAPL,2006-05-23,64.8592,65.1896,63,63.1512,1.9069
NVDA,2006-06-05,23.7,24.14,22.76,22.83,3.49
AAPL,2006-06-01,59.85,62.2804,59.5196,62.1712,1.8773
AAPL,2006-05-31,61.7596,61.7904,58.6908,59.7688,1.8047
AAPL,2006-05-30,63.2912,63.2996,61.2192,61.2192,1.8485
NVDA,2006-05-26,24.01,24.17,23.72,23.97,3.6642
NVDA,2006-05-25,24.5,24.86,23.79,23.92,3.6566
AAPL,2006-05-24,62.9888,63.6496,61.5608,63.3388,1.9125
NVDA,2006-06-02,24.57,24.69,23.59,23.83,3.6428
AAPL,2006-05-19,63.2604,64.8788,62.8208,64.5092,1.9479
AAPL,2006-05-16,68.0988,68.25,64.75,64.9796,1.9621
AAPL,2006-05-18,65.6796,66.2592,63.1204,63.1792,1.9077
AAPL,2006-05-15,67.3708,68.3788,67.1188,67.7908,2.047
AAPL,2006-05-12,67.8496,68.6896,66.8612,67.7012,2.0442
AAPL,2006-05-11,70.7896,70.84,67.55,68.1492,2.0578
NVDA,2006-05-22,24.2,24.25,23.34,24,3.6688
NVDA,2006-06-01,23.24,24.18,22.88,24.18,3.6963
AAPL,2006-05-22,63.8708,63.9912,62.7704,63.3808,1.9138
NVDA,2006-05-31,23.28,23.5,22.84,22.98,3.5129
NVDA,2006-05-30,24.01,24.02,22.96,22.97,3.5114
NVDA,2006-05-19,24.05,24.9,23.81,24.33,3.7193
NVDA,2006-05-24,23.95,24.76,23.41,24.05,3.6764
AAPL,2006-05-10,71.2908,71.33,69.6108,70.5992,2.1318
NVDA,2006-05-23,24.5,25.07,23.64,23.74,3.6291
AAPL,2006-05-09,71.82,72.5592,70.6188,71.0304,2.1448
AAPL,2006-05-17,64.7108,65.6992,64.0696,65.2596,1.9705
NVDA,2006-05-12,27.7852,27.93,25.74,26.33,4.025
NVDA,2006-05-18,25.16,25.4,23.8,23.83,3.6428
NVDA,2006-05-10,29.83,30.18,29.22,29.52,4.5126
AAPL,2006-05-03,71.8312,71.9488,70.1792,71.1396,2.1481
NVDA,2006-05-09,31.1,31.26,30.15,30.19,4.6151
NVDA,2006-05-11,29.82,30.1,28.24,28.47,4.3521
AAPL,2006-05-02,70.1512,71.9796,70.1092,71.6212,2.1626
AAPL,2006-05-05,71.8592,72.2512,71.1508,71.89,2.1707
AAPL,2006-05-01,70.77,71.54,69.16,69.5996,2.1016
NVDA,2006-05-17,25.92,26.07,24.5,24.96,3.8156
AAPL,2006-05-08,72.9904,73.7996,71.7192,71.89,2.1707
NVDA,2006-05-16,26.86,26.87,25.84,26.01,3.9761
AAPL,2006-05-04,71.2208,72.8896,70.4592,71.1312,2.1478
NVDA,2006-05-15,26.2752,26.94,26.05,26.71,4.0831
AAPL,2006-04-28,69.3812,71.2992,69.1992,70.3892,2.1254
AAPL,2006-04-27,67.7292,69.86,67.3512,69.3588,2.0943
NVDA,2006-05-08,31.2,31.88,30.85,31.14,4.7603
NVDA,2006-05-02,31.13,31.5,30.33,30.86,4.7175
NVDA,2006-05-05,31.02,31.39,30.59,31.28,4.7817
AAPL,2006-04-26,66.6512,68.2808,66.3992,68.1492,2.0578
NVDA,2006-05-01,29.42,31.47,29.42,30.9,4.7236
AAPL,2006-04-25,65.9596,66.5896,65.5592,66.1696,1.998
NVDA,2006-04-28,29.1852,29.59,28.94,29.22,4.4668
NVDA,2006-05-04,30.45,31.2,30.29,30.86,4.7175
AAPL,2006-04-20,69.51,70,66.2004,67.6312,2.0421
NVDA,2006-04-26,29.02,29.46,28.4,28.71,4.3888
AAPL,2006-04-19,66.8192,67.0012,65.4696,65.6488,1.9823
NVDA,2006-04-25,28.6,28.98,28.1,28.91,4.4194
NVDA,2006-04-27,28.6,29.44,27.98,29.17,4.4591
AAPL,2006-04-18,65.0412,66.4692,64.7892,66.22,1.9995
AAPL,2006-04-21,68.1912,68.6392,66.4692,67.0404,2.0243
AAPL,2006-04-17,66.5112,66.8388,64.3496,64.8088,1.9569
NVDA,2006-04-24,28.25,29.21,27.75,28.93,4.4224
AAPL,2006-04-13,66.3404,67.4408,65.8112,66.4692,2.007
NVDA,2006-05-03,30.51,31.4,30.48,31.0612,4.7482
AAPL,2006-04-24,66.85,66.92,65.5004,65.7496,1.9853
NVDA,2006-04-19,28.8,29.48,28.4,29.16,4.4576
AAPL,2006-04-12,68.0092,68.1688,66.3012,66.71,2.0143
NVDA,2006-04-18,29.15,29.16,28.19,28.98,4.4301
AAPL,2006-04-05,64.7108,67.2112,64.1508,67.2112,2.0295
AAPL,2006-04-11,68.9892,69.3,67.0712,67.9896,2.053
NVDA,2006-04-17,29.55,30.42,29.44,29.68,4.5371
AAPL,2006-04-10,70.2912,70.9296,68.4488,68.67,2.0735
AAPL,2006-04-07,70.9296,71.2096,68.4712,69.79,2.1073
NVDA,2006-04-21,29.21,29.33,27.73,28.07,4.291
NVDA,2006-04-13,29.8,30.14,29.48,29.6,4.5249
NVDA,2006-04-20,28.9,29.64,28.42,29.12,4.4515
NVDA,2006-04-11,30.1,30.1,29.09,29.27,4.4744
AAPL,2006-04-04,62.1012,62.2188,61.0512,61.1688,1.847
NVDA,2006-04-10,30.46,30.64,29.77,30,4.586
NVDA,2006-04-12,29.46,30.61,29.3,30.45,4.6548
AAPL,2006-04-03,63.6692,64.12,62.6108,62.65,1.8917
AAPL,2006-03-29,59.1304,62.5212,57.6688,62.3308,1.8821
NVDA,2006-04-07,30.48,30.75,29.93,30.53,4.667
AAPL,2006-04-06,68.3004,72.0496,68.1996,71.2404,2.1511
AAPL,2006-03-31,63.2492,63.6104,62.2412,62.72,1.8938
NVDA,2006-02-13,43.76,44.36,43.46,44.0504,3.3669
AAPL,2006-03-30,62.8208,63.2996,61.53,62.7508,1.8948
AAPL,2006-02-06,72.0188,72.5088,66.7408,67.3008,2.0322
AAPL,2006-03-28,59.6288,60.1412,58.2512,58.7104,1.7728
NVDA,2006-02-10,44.31,44.51,42.87,43.9004,3.3554
NVDA,2006-04-06,60.9404,61.68,60.1004,61.22,4.6793
AAPL,2006-03-27,60.3512,61.3788,59.3992,59.5112,1.7969
NVDA,2006-04-05,60.5,61.4,59.21,61.1,4.6701
NVDA,2006-02-09,45.05,45.75,43.8704,44.15,3.3745
AAPL,2006-02-03,72.24,72.7888,71.0388,71.8508,2.1695
NVDA,2006-02-08,43.7804,44.91,43.7804,44.91,3.4326
NVDA,2006-02-07,45.35,45.35,43.6304,43.65,3.3363
AAPL,2006-01-30,71.1704,76.5996,70.8708,75.0008,2.2647
NVDA,2006-02-06,43.9004,45.3104,43.71,45.26,3.4594
AAPL,2006-02-02,75.0988,75.3592,72.0496,72.1,2.1771
AAPL,2006-02-01,74.9504,76.4596,74.6396,75.4208,2.2773
AAPL,2006-01-31,75.4992,76.3392,73.7492,75.5104,2.28
NVDA,2006-01-30,46.4504,46.5,45.5204,45.7304,3.4953
NVDA,2006-02-03,43.3352,44.5604,43.2,44.0204,3.3646
NVDA,2006-02-02,45.4004,45.4304,43.55,43.62,3.334
NVDA,2006-02-01,44.13,45.17,43.98,44.99,3.4387
AAPL,2006-01-27,72.9512,73.6008,71.1004,72.03,2.175
AAPL,2006-01-20,79.2792,80.0408,75.8296,76.09,2.2975
AAPL,2006-01-19,81.2504,81.6592,78.7388,79.0412,2.3867
AAPL,2006-01-17,85.6996,86.38,83.8712,84.7112,2.5579
AAPL,2006-01-18,83.0788,84.0504,81.8496,82.4908,2.4908
AAPL,2006-01-23,76.1012,79.5592,76.0004,77.6692,2.3452
AAPL,2006-01-26,74.5304,75.4292,71.9292,72.3296,2.184
NVDA,2006-01-31,45.68,45.75,44.61,44.96,3.4364
AAPL,2006-01-25,77.3892,77.5012,73.2508,74.2,2.2405
NVDA,2006-01-27,45.83,46.76,45.6,46.25,3.535
AAPL,2006-01-24,78.7612,79.4192,75.7708,76.0396,2.296
NVDA,2006-01-23,44.1552,44.43,43.55,44.06,3.3677
NVDA,2006-01-26,44.5304,45.4304,44.25,45.39,3.4693
NVDA,2006-01-25,44.5004,44.79,43.3604,43.89,3.3547
NVDA,2006-01-24,44.16,45.2,44.04,44.28,3.3845
AAPL,2006-01-06,75.25,76.7004,74.55,76.3,2.3039
AAPL,2006-01-13,84.9912,86.0104,84.5992,85.5904,2.5844
AAPL,2006-01-12,84.9688,86.3996,83.6192,84.2912,2.5452
AAPL,2006-01-05,74.83,74.9,73.7492,74.3792,2.2459
AAPL,2006-01-04,75.1296,75.9808,74.4996,74.97,2.2637
AAPL,2006-01-03,72.38,74.7488,72.2512,74.7488,2.2571
NVDA,2006-01-20,45.14,45.66,43.8,43.8104,3.3486
AAPL,2006-01-11,83.8404,84.8008,82.5888,83.8992,2.5333
NVDA,2006-01-19,43.2704,45.66,43.19,45.0704,3.4449
AAPL,2006-01-10,76.2496,81.8888,75.8296,80.8612,2.4416
NVDA,2006-01-18,41.19,42.84,40.8,42.7004,3.2637
NVDA,2006-01-17,41.93,42.5,41.37,42.48,3.2469
AAPL,2006-01-09,76.7312,77.1988,75.74,76.0508,2.2964
NVDA,2006-01-13,42.7904,43.14,41.91,42.51,3.2492
AAPL,2005-12-28,74.4688,74.76,73.3208,73.57,2.2215
AAPL,2005-12-30,70.91,72.4304,70.3388,71.89,2.1707
NVDA,2006-01-11,42.03,43.7504,41.96,43.5104,3.3256
NVDA,2006-01-10,41.78,41.99,41.25,41.99,3.2094
NVDA,2006-01-12,43.5,44.1704,42.5804,42.89,3.2782
NVDA,2006-01-09,40.82,42.2,40.73,41.9804,3.2087
NVDA,2006-01-06,40.64,40.9904,39.05,40.8404,3.1215
AAPL,2005-12-23,74.1692,74.2588,73.3012,73.3488,2.2148
AAPL,2005-12-29,73.78,73.8192,71.4196,71.4504,2.1575
AAPL,2005-12-22,73.9088,74.4912,73.6008,74.0208,2.2351
NVDA,2005-12-30,37.0652,37.07,36.41,36.56,2.7944
AAPL,2005-12-20,71.6296,72.38,71.12,72.1112,2.1774
AAPL,2005-12-19,71.1088,72.6012,71.0388,71.3804,2.1553
AAPL,2005-12-21,72.6012,73.6092,72.5396,73.5,2.2193
AAPL,2005-12-16,72.1392,72.2988,71.0612,71.1088,2.1471
NVDA,2006-01-05,39.3,40.25,39.23,40.1804,3.0711
AAPL,2005-12-27,74.0012,75.18,73.9508,74.2308,2.2414
NVDA,2006-01-04,38.51,39.35,38.1104,39.29,3.0031
NVDA,2006-01-03,36.7652,38.5004,36.65,38.22,2.9213
NVDA,2005-12-29,38.1,38.22,37.11,37.2704,2.8487
AAPL,2005-12-15,72.6796,72.8588,71.3496,72.1812,2.1795
NVDA,2005-12-27,37.5,38.18,37.38,37.77,2.8869
NVDA,2005-12-28,37.77,38.24,37.53,38.12,2.9136
NVDA,2005-12-23,37.2104,37.59,37.1,37.5404,2.8693
NVDA,2005-12-21,36.39,36.69,35.82,36.15,2.7631
NVDA,2005-12-16,36.66,37.01,36.3104,36.8504,2.8166
AAPL,2005-12-13,74.8496,75.46,74.2112,74.9812,2.2641
NVDA,2005-12-22,36.12,37.29,36.11,37.25,2.8471
AAPL,2005-12-14,72.5312,73.3012,70.2688,72.0104,2.1744
AAPL,2005-12-06,73.9312,74.83,73.3488,74.0488,2.2359
NVDA,2005-12-15,36.9704,37.25,36.15,36.53,2.7921
AAPL,2005-12-05,71.9488,72.5312,71.4896,71.82,2.1686
AAPL,2005-12-08,73.2004,74.1692,72.6012,74.0796,2.2368
AAPL,2005-12-02,72.2708,72.7412,70.7,72.6292,2.193
AAPL,2005-12-01,68.95,71.7304,68.81,71.5988,2.1619
AAPL,2005-12-09,74.2112,74.5892,73.3488,74.3288,2.2444
AAPL,2005-12-12,74.8692,75.3508,74.5612,74.9112,2.262
NVDA,2005-12-20,36.2,36.75,35.7404,36.2204,2.7684
NVDA,2005-12-14,37.07,37.25,36.56,37.0004,2.828
NVDA,2005-12-19,36.93,37.2,36.15,36.24,2.7699
NVDA,2005-12-13,36.9404,37.67,36.6704,37.35,2.8548
AAPL,2005-12-07,74.2308,74.4604,73.1192,73.9508,2.233
NVDA,2005-12-07,36.2,36.42,35.5004,36.12,2.7608
NVDA,2005-12-08,35.93,36.4004,35.42,35.8304,2.7386
NVDA,2005-12-09,35.94,36.39,35.4404,36.3404,2.7776
NVDA,2005-12-12,36.44,36.95,36.38,36.87,2.8181
AAPL,2005-11-30,68.4292,68.8492,67.5192,67.8188,2.0478
AAPL,2005-11-25,67.6592,69.5408,67.4996,69.3392,2.0937
AAPL,2005-11-21,64.82,65.1896,63.7196,64.96,1.9615
NVDA,2005-11-30,35.2304,36.33,35.22,36.15,2.7631
NVDA,2005-12-06,35.97,36.5504,35.9204,36.06,2.7562
NVDA,2005-12-05,36.6704,36.6704,35.79,35.91,2.7447
AAPL,2005-11-23,66.8808,67.9812,66.6904,67.1104,2.0264
NVDA,2005-12-02,36.75,36.84,36.1004,36.59,2.7967
NVDA,2005-12-01,36.45,36.75,36.06,36.5804,2.7959
NVDA,2005-11-25,37.88,38.13,37.62,38.07,2.9098
AAPL,2005-11-29,69.9888,70.2996,67.3512,68.0988,2.0563
AAPL,2005-11-18,65.31,65.4304,64.3692,64.5596,1.9494
AAPL,2005-11-16,63.1512,65.0608,63.0896,64.9488,1.9611
AAPL,2005-11-22,64.8396,66.7604,64.5204,66.5196,2.0086
NVDA,2005-11-18,36.3752,36.68,35.48,36.1904,2.7661
AAPL,2005-11-28,70.7196,71.0696,69.0704,69.6612,2.1034
AAPL,2005-11-17,65.59,65.8812,64.2488,64.5204,1.9482
NVDA,2005-11-28,38.1704,38.5004,37.2,37.88,2.8953
NVDA,2005-11-23,37.85,38.25,37.5,37.7,2.8815
NVDA,2005-11-16,34.85,35.07,34.04,34.7204,2.6538
NVDA,2005-11-15,34.9652,35.3,34.73,34.8404,2.6629
NVDA,2005-11-14,34.05,35,33.53,34.76,2.6568
NVDA,2005-11-17,34.9604,36.29,34.6004,36.26,2.7715
AAPL,2005-11-15,61.6,63.0812,61.46,62.2804,1.8806
AAPL,2005-11-14,61.5412,61.9808,60.9112,61.4488,1.8555
NVDA,2005-11-22,37.02,38.1704,36.7304,37.8104,2.8899
NVDA,2005-11-21,36.23,36.89,35.99,36.83,2.815
AAPL,2005-11-10,60.6396,61.1996,59.01,61.18,1.8473
AAPL,2005-11-04,60.3512,61.2388,59.6204,61.1492,1.8464
AAPL,2005-11-11,61.5412,62.1096,61.3396,61.5412,1.8582
AAPL,2005-11-09,60.0012,61.2108,60.0012,60.1104,1.815
AAPL,2005-11-02,57.7192,60.0012,57.5988,59.9508,1.8102
NVDA,2005-11-29,35.64,36.65,35.3204,35.48,2.7119
NVDA,2005-11-08,34.04,34.07,33.1304,33.2804,2.5437
AAPL,2005-11-07,60.8496,61.67,60.1412,60.2308,1.8187
NVDA,2005-11-10,36.06,36.77,32.84,33.4904,2.5598
NVDA,2005-11-04,34.67,34.7504,33.7004,34.0604,2.6033
NVDA,2005-11-02,33.15,35.1,33,35.06,2.6798
NVDA,2005-11-11,33.78,34.44,33.63,34.04,2.6018
NVDA,2005-11-09,33.3452,35,32.97,34.7804,2.6584
AAPL,2005-11-08,59.9508,60.3792,59.0996,59.9004,1.8087
AAPL,2005-11-03,60.2588,62.3196,60.0712,61.8492,1.8675
AAPL,2005-10-25,56.4004,56.8512,55.6892,56.1008,1.694
AAPL,2005-10-31,55.1992,57.9796,54.7512,57.5904,1.739
NVDA,2005-11-01,33.5504,33.8,32.88,33.14,2.533
AAPL,2005-10-27,56.9912,57.0108,55.4092,55.4092,1.6731
AAPL,2005-10-28,56.0392,56.4312,54.1688,54.4712,1.6448
NVDA,2005-11-07,34.2404,34.3556,33.77,33.9104,2.5919
AAPL,2005-11-01,57.2404,58.1392,56.8708,57.5008,1.7362
AAPL,2005-10-26,56.28,57.5596,55.9188,57.0304,1.722
AAPL,2005-10-21,56.84,56.98,55.3588,55.6612,1.6807
NVDA,2005-11-03,35.3,35.5004,34.37,34.65,2.6484
AAPL,2005-10-24,55.2496,56.7896,55.09,56.7896,1.7148
NVDA,2005-10-28,31.53,32.48,30.75,32.42,2.478
AAPL,2005-10-20,54.4712,56.5012,54.3508,56.14,1.6952
NVDA,2005-10-26,33.03,33.1004,32.07,32.12,2.455
NVDA,2005-10-24,32.22,32.81,31.9304,32.81,2.5078
AAPL,2005-10-18,53.2504,53.9504,52.2004,52.2088,1.5765
AAPL,2005-10-19,52.0688,54.9612,51.2092,54.9388,1.6589
NVDA,2005-10-27,32.18,32.28,31.35,31.4504,2.4038
NVDA,2005-10-17,32.0504,32.66,32.0504,32.34,2.4719
AAPL,2005-10-17,53.9812,54.2304,52.6792,53.4408,1.6137
NVDA,2005-10-25,32.5904,33.12,32.45,33.02,2.5238
NVDA,2005-10-21,32.3,32.4,31.7204,31.94,2.4413
AAPL,2005-10-14,54.0288,54.3508,52.7912,54.0008,1.6306
AAPL,2005-10-13,49.4396,53.9504,49.2688,53.7404,1.6227
NVDA,2005-10-20,31.59,32.42,31.4504,31.76,2.4275
AAPL,2005-10-10,51.7608,51.9092,50.2796,50.3692,1.5209
NVDA,2005-10-31,32.55,33.78,32.55,33.5504,2.5643
AAPL,2005-10-07,51.7188,51.9288,50.5512,51.2988,1.549
AAPL,2005-10-06,53.2,53.4912,50.8704,51.6992,1.5611
NVDA,2005-10-14,32.2604,32.66,31.5,32.03,2.4482
NVDA,2005-10-12,31.73,32.69,31.6904,32.2004,2.4612
NVDA,2005-10-11,32.34,32.6204,31.4504,31.82,2.4321
AAPL,2005-10-05,54.3312,54.3592,52.7492,52.78,1.5937
AAPL,2005-10-04,54.95,55.3504,53.6396,53.7488,1.623
AAPL,2005-10-12,48.65,50.2992,47.8688,49.2492,1.4871
NVDA,2005-10-13,32.13,32.18,30.8,32.03,2.4482
AAPL,2005-10-11,51.2288,51.87,50.4,51.59,1.5578
NVDA,2005-10-10,33.23,33.29,32.21,32.22,2.4627
NVDA,2005-10-18,32.46,32.52,31.6004,31.8104,2.4313
AAPL,2005-10-03,54.1604,54.5412,53.6788,54.4404,1.6438
NVDA,2005-10-07,33.5504,33.8856,32.8004,33.06,2.5269
NVDA,2005-10-19,31.4,31.59,30.51,31.5404,2.4107
NVDA,2005-10-06,33.57,34.0904,32.48,33.4904,2.5598
AAPL,2005-09-30,52.3292,53.6508,51.8812,53.6088,1.6187
AAPL,2005-09-27,53.9196,54.2388,53.4296,53.4408,1.6137
AAPL,2005-09-28,53.0712,53.1104,50.5904,51.0804,1.5424
NVDA,2005-10-05,34.8,34.8,33.4004,33.6104,2.5689
AAPL,2005-09-26,54.0288,54.5608,53.3204,53.8412,1.6257
NVDA,2005-10-04,35.37,35.9504,34.68,34.76,2.6568
NVDA,2005-10-03,34.68,35.4704,34.4,35.22,2.692
NVDA,2005-09-30,34.0004,34.59,33.93,34.28,2.6201
AAPL,2005-09-29,51.2288,52.5896,50.8088,52.3404,1.5804
AAPL,2005-09-21,52.9592,53.0488,51.8588,52.1108,1.5735
NVDA,2005-09-28,33.1904,33.38,32.81,33.29,2.5445
NVDA,2005-09-20,33.0288,33.7904,32.9852,33.42,2.5544
NVDA,2005-09-27,33.12,33.414,32.84,33.09,2.5292
AAPL,2005-09-20,52.99,53.8104,52.92,53.1888,1.606
AAPL,2005-09-22,51.8812,52.4692,51.3212,51.9008,1.5672
NVDA,2005-09-26,32.96,33.21,32.37,32.9804,2.5208
NVDA,2005-09-19,33.21,33.32,32.6,32.78,2.5055
AAPL,2005-09-19,51.0496,52.8892,51.0496,52.64,1.5895
AAPL,2005-09-14,51.0608,51.1896,49.4592,49.6104,1.498
AAPL,2005-09-16,50.2292,51.2092,49.9492,51.2092,1.5463
NVDA,2005-09-29,33.3,34.0004,33.03,33.98,2.5972
AAPL,2005-09-15,49.9996,50.1788,49.3304,49.8708,1.5059
AAPL,2005-09-23,52.0996,53.4996,51.8392,53.2,1.6064
AAPL,2005-09-13,51.0188,51.2904,50.3188,50.82,1.5345
NVDA,2005-09-21,33.29,33.95,32.84,33.1304,2.5322
NVDA,2005-09-13,31.9304,33.21,31.9304,33.05,2.5261
NVDA,2005-09-16,33.51,33.69,32.9804,33.2504,2.5414
AAPL,2005-09-09,50.0696,51.3492,49.7896,51.31,1.5493
NVDA,2005-09-15,33.15,33.6,32.9504,33.23,2.5399
AAPL,2005-08-29,45.2704,46.0292,45.2592,45.8388,1.3841
AAPL,2005-09-08,49.35,50.12,49.14,49.7812,1.5032
NVDA,2005-09-22,33.21,33.21,31.65,32.24,2.4642
NVDA,2005-09-14,32.8004,33.24,32.5004,32.6504,2.4956
AAPL,2005-09-07,49.0504,49.4004,47.9192,48.6808,1.4699
AAPL,2005-09-06,46.7012,48.8796,46.55,48.8012,1.4736
NVDA,2005-09-09,32.12,32.2604,31.6004,32.19,2.4604
NVDA,2005-09-06,30.3,30.6,29.84,30.44,2.3266
AAPL,2005-09-02,46.3008,46.7992,46.1188,46.2196,1.3956
AAPL,2005-09-01,47.0008,47.1688,46.0908,46.2588,1.3968
NVDA,2005-09-08,31.22,32.1704,31.22,31.7804,2.4291
AAPL,2005-09-12,51.1,51.6292,50.5792,51.3996,1.552
AAPL,2005-08-31,46.8608,47.0288,46.27,46.8888,1.4158
NVDA,2005-09-23,32.1704,32.99,31.9004,32.7104,2.5001
NVDA,2005-09-02,30.7488,30.75,30.09,30.1904,2.3075
NVDA,2005-09-07,30.4004,31.49,30.32,31.41,2.4008
AAPL,2005-08-30,45.99,46.7908,45.92,46.5696,1.4062
NVDA,2005-09-12,32.22,32.3204,31.7,32.0804,2.452
NVDA,2005-08-31,29.94,31.0604,29.85,30.68,2.345
NVDA,2005-08-30,28.92,30.08,28.88,30.0104,2.2938
NVDA,2005-09-01,30.77,30.9704,30.4304,30.69,2.3457
AAPL,2005-08-25,46.1188,46.4912,45.8108,46.06,1.3908
AAPL,2005-08-22,46.1496,46.7488,45.2592,45.8696,1.385
NVDA,2005-08-29,28.65,29,28.4204,28.97,2.2143
AAPL,2005-08-24,45.6008,47.1212,45.5896,45.7688,1.382
NVDA,2005-08-25,29.3,29.5304,29.0504,29.37,2.2449
AAPL,2005-08-23,45.85,46.0992,45.3208,45.7408,1.3811
AAPL,2005-08-19,46.2812,46.7012,45.7688,45.8304,1.3839
AAPL,2005-08-16,47.39,47.4992,46.2112,46.2504,1.3965
AAPL,2005-08-17,46.3988,47.4404,46.3708,47.1492,1.4237
AAPL,2005-08-18,46.9112,47.0008,45.7492,46.3008,1.3981
AAPL,2005-08-15,46.48,48.3308,46.4492,47.6812,1.4397
NVDA,2005-08-22,29.15,29.6204,28.62,28.9604,2.2135
NVDA,2005-08-24,28.9604,29.79,28.82,29.1704,2.2296
AAPL,2005-08-26,46.1188,46.34,45.36,45.7408,1.3811
NVDA,2005-08-19,29.46,29.55,29.1104,29.2004,2.2319
NVDA,2005-08-15,30.05,31.02,29.67,30.71,2.3473
AAPL,2005-08-11,43.3888,44.1196,43.2488,43.9992,1.3286
NVDA,2005-08-23,28.9304,29.3,28.83,29.15,2.228
NVDA,2005-08-16,30.42,30.69,29.97,30.1904,2.3075
NVDA,2005-08-17,30.06,30.56,30.0404,30.1904,2.3075
NVDA,2005-08-18,29.96,30.11,29.28,29.4104,2.2479
AAPL,2005-08-12,43.4588,46.2196,43.3608,46.0992,1.392
AAPL,2005-08-08,42.9996,43.2488,42.6104,42.6496,1.2878
NVDA,2005-08-26,29.4,29.4,28.64,28.92,2.2105
AAPL,2005-08-10,43.9992,44.3912,43.3104,43.3804,1.3099
AAPL,2005-08-05,42.49,43.3608,42.0196,42.9912,1.2981
AAPL,2005-08-03,43.19,43.3104,42.77,43.2208,1.3051
AAPL,2005-08-09,42.9296,43.89,42.91,43.82,1.3232
AAPL,2005-08-04,42.8904,42.9996,42.2912,42.7112,1.2897
AAPL,2005-08-02,42.8904,43.5008,42.6104,43.19,1.3041
NVDA,2005-08-11,27.86,28.3004,27.59,28.25,2.1592
AAPL,2005-08-01,42.5712,43.0808,42.0812,42.7504,1.2909
NVDA,2005-08-12,29.91,30.21,28.89,29.9504,2.2892
NVDA,2005-08-10,28.4,28.5404,27.57,27.86,2.1294
NVDA,2005-08-08,28.44,28.9712,28.1504,28.35,2.1669
NVDA,2005-08-02,27.5,27.93,27.4604,27.84,2.1279
AAPL,2005-07-28,43.8508,43.9992,43.2992,43.8004,1.3226
AAPL,2005-07-27,43.8312,44.0692,42.6692,43.9908,1.3283
NVDA,2005-08-05,27.51,28.31,27.32,28.25,2.1592
NVDA,2005-08-09,28.3904,28.46,27.9704,28.28,2.1615
NVDA,2005-08-03,27.84,28.1,27.59,27.84,2.1279
AAPL,2005-07-29,43.5596,44.38,42.2604,42.6496,1.2878
NVDA,2005-08-04,27.63,27.75,27.4904,27.5504,2.1057
AAPL,2005-07-22,43.4392,43.9992,43.3888,43.9992,1.3286
NVDA,2005-08-01,27.2204,27.59,27.0404,27.47,2.0996
AAPL,2005-07-26,44.0104,44.1112,43.3608,43.6296,1.3174
AAPL,2005-07-19,41.5212,43.2292,41.0704,43.19,1.3041
AAPL,2005-07-21,43.6996,44.0412,42.8988,43.2908,1.3072
NVDA,2005-07-29,27.1604,27.45,26.84,27.06,2.0683
AAPL,2005-07-20,42.8596,43.8004,42.6496,43.6296,1.3174
NVDA,2005-07-28,27.0104,27.4004,26.64,27.27,2.0843
AAPL,2005-07-18,41.4092,42.1008,41.37,41.4904,1.2528
NVDA,2005-07-27,26.5604,27.18,26.1104,27.06,2.0683
NVDA,2005-07-19,26.3804,26.64,26.18,26.58,2.0316
NVDA,2005-07-26,25.8704,26.5604,25.77,26.52,2.027
NVDA,2005-07-20,26.27,27.09,25.91,26.9804,2.0622
AAPL,2005-07-12,38.2312,38.3992,37.9092,38.2396,1.1547
AAPL,2005-07-25,43.9908,44.2792,43.7304,43.8088,1.3228
NVDA,2005-07-18,26.81,26.82,25.95,26.22,2.0041
AAPL,2005-07-14,40.7904,42.0112,40.2304,40.7512,1.2305
NVDA,2005-07-22,26.6504,27.03,25.64,25.83,1.9743
AAPL,2005-07-13,38.29,38.5,37.9008,38.3488,1.1579
NVDA,2005-07-21,26.63,26.75,25.97,26.52,2.027
AAPL,2005-07-11,38.3712,38.6512,37.7804,38.0996,1.1504
AAPL,2005-07-05,36.5512,38.15,36.5008,37.9792,1.1468
NVDA,2005-07-14,28.74,29.3,27.14,27.18,2.0775
NVDA,2005-07-25,25.53,26.78,25.4204,25.98,1.9857
AAPL,2005-07-07,36.8088,37.7608,36.8004,37.6292,1.1362
NVDA,2005-07-13,28.52,28.6004,27.96,28.44,2.1738
AAPL,2005-07-15,40.9696,41.5688,40.46,41.5492,1.2546
AAPL,2005-07-08,37.87,38.2788,37.4696,38.2508,1.155
NVDA,2005-07-11,28.3904,28.85,28.2704,28.56,2.1829
AAPL,2005-07-06,37.7104,38.1612,37.2008,37.3912,1.129
NVDA,2005-07-05,26.94,27.3704,26.6804,27.26,2.0836
NVDA,2005-07-12,28.5404,28.62,27.8204,28.4,2.1707
NVDA,2005-07-06,27.35,28.11,27.0404,27.99,2.1394
AAPL,2005-06-27,36.8396,38.0996,36.68,37.1,1.1202
AAPL,2005-07-01,36.8312,36.9712,36.2908,36.5008,1.1021
AAPL,2005-06-28,37.4892,37.59,37.17,37.31,1.1266
AAPL,2005-06-20,37.8504,38.0912,37.45,37.6096,1.1356
NVDA,2005-07-07,27.54,28.0004,27.4604,27.7904,2.1241
NVDA,2005-07-15,27.0948,27.18,26.42,26.8904,2.0553
AAPL,2005-06-29,37.2288,37.2904,36.12,36.3692,1.0982
NVDA,2005-07-08,27.96,28.23,27.6,28.14,2.1508
AAPL,2005-06-23,38.8304,39.7796,38.6512,38.8892,1.1743
NVDA,2005-07-01,26.63,26.88,26.3,26.84,2.0515
AAPL,2005-06-21,37.7188,38.1892,37.38,37.8588,1.1432
AAPL,2005-06-24,39.0908,39.1188,37.6796,37.7608,1.1402
AAPL,2005-06-22,38.2592,38.6008,38.1388,38.5504,1.164
NVDA,2005-06-27,26.9204,27.14,26.63,26.87,2.0538
NVDA,2005-06-28,26.9748,27.2204,26.6804,27.0404,2.0668
NVDA,2005-06-23,27.44,28.32,27.4004,27.98,2.1386
AAPL,2005-06-30,36.61,37.1588,36.3104,36.8088,1.1114
NVDA,2005-06-29,27.05,27.1004,26.57,26.79,2.0477
NVDA,2005-06-24,27.7904,27.9404,26.94,27.09,2.0706
NVDA,2005-06-21,27.5,27.71,27.24,27.5804,2.108
AAPL,2005-06-17,38.4692,38.5392,37.8308,38.3096,1.1568
AAPL,2005-06-14,35.9212,36.1508,35.7504,35.9996,1.087
NVDA,2005-06-20,26.91,27.5,26.4704,27.32,2.0882
NVDA,2005-06-13,27.92,29.39,27.92,28.6004,2.186
NVDA,2005-06-22,27.87,28.0604,27.21,27.5504,2.1057
AAPL,2005-06-13,35.8904,36.61,35.8204,35.8988,1.084
AAPL,2005-06-10,37.3996,37.3996,35.5208,35.8092,1.0813
NVDA,2005-06-30,26.97,27.2204,26.51,26.72,2.0423
AAPL,2005-06-16,37.1896,38.08,36.82,37.9792,1.1468
NVDA,2005-06-17,27.3,27.35,26.844,26.91,2.0568
NVDA,2005-06-16,26.82,27.15,25.95,26.97,2.0614
AAPL,2005-06-15,36.8704,37.2988,36.2992,37.1308,1.1212
AAPL,2005-06-08,36.6296,37.2512,36.5708,36.9208,1.1148
AAPL,2005-06-03,38.1612,38.5812,37.7692,38.2396,1.1547
AAPL,2005-06-09,36.9992,37.94,36.82,37.6488,1.1368
AAPL,2005-06-06,38.3292,38.6288,37.5592,37.9204,1.145
NVDA,2005-06-10,28.2704,28.3004,27.7904,27.98,2.1386
NVDA,2005-06-14,28.61,29.0804,26.01,26.91,2.0568
NVDA,2005-06-03,28.2704,28.53,28.0004,28.3004,2.1631
AAPL,2005-06-01,39.8888,40.7596,39.8608,40.3004,1.2169
NVDA,2005-06-15,26.7348,26.9504,25.77,26.8304,2.0507
NVDA,2005-06-08,27.42,27.8,26.87,27.1604,2.0759
AAPL,2005-05-27,40.6392,40.7904,40.0092,40.5608,1.2247
AAPL,2005-05-26,39.9392,40.9388,39.9392,40.74,1.2302
NVDA,2005-06-09,26.9504,28.31,26.9204,28.3004,2.1631
AAPL,2005-06-02,40.0512,40.32,39.6004,40.04,1.209
NVDA,2005-06-06,27.7904,28.34,27.77,28.0304,2.1424
AAPL,2005-05-31,40.6588,40.74,39.5808,39.76,1.2006
AAPL,2005-06-07,37.6012,37.73,36.4504,36.54,1.1033
NVDA,2005-05-26,27.18,27.9104,27.1304,27.7004,2.1172
NVDA,2005-06-02,27.2504,28.37,27.2504,28.37,2.1684
NVDA,2005-05-31,27.4004,27.63,26.6504,27.1004,2.0713
NVDA,2005-06-07,27.84,28.3004,27.2504,27.35,2.0905
NVDA,2005-06-01,26.9204,27.8504,26.6,27.36,2.0912
AAPL,2005-05-24,39.4492,39.9896,39.0292,39.7012,1.1988
AAPL,2005-05-11,35.1988,35.6692,33.11,35.6104,1.0753
AAPL,2005-05-19,35.7812,37.6796,35.7812,37.5508,1.1339
AAPL,2005-05-20,37.2512,37.6488,37.1896,37.5508,1.1339
AAPL,2005-05-18,35.4508,37.5592,34.9888,35.84,1.0822
AAPL,2005-05-17,35.14,35.4592,34.5408,35.3612,1.0677
NVDA,2005-05-24,26.6504,27.39,26.6504,27.29,2.0859
AAPL,2005-05-25,39.4996,39.9504,39.3204,39.7796,1.2012
NVDA,2005-05-27,27.78,27.78,27.23,27.5204,2.1034
AAPL,2005-05-23,37.8504,39.9,37.8504,39.76,1.2006
AAPL,2005-05-16,34.5604,35.7,34.5296,35.5488,1.0734
NVDA,2005-05-25,27.23,27.3704,26.6808,26.94,2.0591
AAPL,2005-05-13,34.1992,35.2296,34.0704,34.7704,1.0499
AAPL,2005-05-12,35.42,35.5908,34.0004,34.1292,1.0305
NVDA,2005-05-23,26.48,27.18,26.4,26.91,2.0568
NVDA,2005-05-13,24.8504,25.47,23.8004,25.3304,1.9361
NVDA,2005-05-12,22.3004,23.09,22.28,22.79,1.7419
AAPL,2005-05-10,36.75,37.2512,36.33,36.4196,1.0997
NVDA,2005-05-20,25.7,26.31,25.5104,26.3,2.0102
AAPL,2005-04-27,35.8904,36.3608,35.5096,35.9492,1.0855
NVDA,2005-05-19,25.95,26.06,25.55,25.8404,1.975
NVDA,2005-05-18,25.64,25.95,25.37,25.89,1.9789
NVDA,2005-05-17,25.2704,25.82,25.25,25.7,1.9643
NVDA,2005-05-11,22.8,22.9004,22.26,22.3004,1.7045
AAPL,2005-05-04,36.1088,37.2008,36.1004,37.1504,1.1218
AAPL,2005-05-05,37.2512,37.2708,36.47,36.68,1.1076
AAPL,2005-05-09,37.2792,37.45,36.75,36.9712,1.1164
NVDA,2005-05-16,25.0304,25.59,25.02,25.4204,1.9429
AAPL,2005-05-06,36.89,37.3296,36.7892,37.24,1.1245
NVDA,2005-05-10,23.3,23.31,22.4204,22.68,1.7335
NVDA,2005-05-09,23.27,23.76,23.13,23.6,1.8038
NVDA,2005-04-28,21.56,21.99,21.35,21.7004,1.6586
AAPL,2005-04-28,36.2908,36.3412,35.2408,35.5404,1.0731
AAPL,2005-04-29,36.1508,36.2292,35.2212,36.0612,1.0889
AAPL,2005-05-03,36.4,36.7388,36.0304,36.2096,1.0934
AAPL,2005-05-02,36.2096,36.6492,36.0192,36.4308,1.1
NVDA,2005-05-04,21.83,22.58,21.7604,22.4204,1.7136
NVDA,2005-04-29,21.9104,22.08,20.9204,21.93,1.6762
NVDA,2005-04-27,21.9,21.98,21.18,21.63,1.6533
NVDA,2005-05-05,22.55,23.1404,22.43,22.86,1.7473
NVDA,2005-05-03,21.87,22.2704,21.6404,21.7304,1.6609
AAPL,2005-04-26,36.7808,37.5088,36.12,36.19,1.0928
AAPL,2005-04-25,36.4896,37.0188,36.1088,36.9796,1.1166
NVDA,2005-05-02,22.19,22.44,21.5204,21.8504,1.6701
NVDA,2005-05-06,23.13,23.18,22.6004,23.1704,1.771
AAPL,2005-04-15,36.6212,37.2512,35.28,35.35,1.0674
AAPL,2005-04-21,36.4,37.2092,35.8988,37.1812,1.1227
NVDA,2005-04-21,21.7004,22.53,21.5088,22.4504,1.7159
AAPL,2005-04-22,36.8396,36.9992,34.8992,35.5012,1.072
NVDA,2005-04-22,22.31,22.46,21.98,22.2404,1.6999
AAPL,2005-04-13,42.9492,42.9912,40.39,41.0396,1.2392
AAPL,2005-04-11,44.1504,44.2512,41.9104,41.9188,1.2657
NVDA,2005-04-26,22.6004,23.07,22.0304,22.49,1.719
NVDA,2005-04-25,22.43,22.76,22.32,22.59,1.7266
AAPL,2005-04-18,35,36.2992,34.0004,35.6188,1.0755
NVDA,2005-04-18,21.2204,21.68,21.1004,21.2,1.6204
AAPL,2005-04-20,37.66,37.7412,35.4396,35.5096,1.0722
AAPL,2005-04-07,42.3304,43.75,42.2492,43.5596,1.3153
NVDA,2005-04-20,22.31,22.4504,21.2504,21.27,1.6257
NVDA,2005-04-15,21.8,22.0004,21.15,21.35,1.6319
AAPL,2005-04-12,42.49,43.19,42.0112,42.6608,1.2881
AAPL,2005-04-19,36.5988,37.4388,35.8708,37.0888,1.1199
AAPL,2005-04-14,38.8108,39.5612,36.8396,37.2596,1.1251
NVDA,2005-04-11,23.6204,23.7,22.92,22.9904,1.7572
NVDA,2005-04-13,23.3,23.36,22.1504,22.3004,1.7045
AAPL,2005-04-04,40.9892,41.3112,40.1604,41.09,1.2407
NVDA,2005-04-14,22.35,22.56,22.04,22.1204,1.6907
AAPL,2005-04-06,42.4004,42.8092,42.1512,42.3304,1.2782
NVDA,2005-04-12,22.92,23.31,22.41,23.27,1.7786
NVDA,2005-04-19,21.5504,22.1,21.45,21.9404,1.677
NVDA,2005-04-06,23.4104,23.8004,23.25,23.33,1.7832
AAPL,2005-03-31,42.4508,42.5208,41.5912,41.6696,1.2582
NVDA,2005-04-07,23.45,24,23.0504,23.76,1.8161
AAPL,2005-04-08,43.6996,44.45,43.54,43.7388,1.3207
AAPL,2005-03-30,42.07,42.8008,41.8208,42.8008,1.2924
NVDA,2005-03-31,24.1604,24.33,23.6504,23.76,1.8161
AAPL,2005-03-28,42.7504,42.9604,42.4704,42.5292,1.2842
NVDA,2005-04-04,23.4704,23.4704,22.8704,23.39,1.7878
AAPL,2005-03-24,42.91,42.9996,42.5012,42.5012,1.2833
NVDA,2005-04-08,23.8604,24.39,23.4,23.45,1.7924
NVDA,2005-03-22,25.02,25.25,24.4604,24.5504,1.8764
AAPL,2005-03-22,43.7108,43.96,42.6804,42.8288,1.2932
NVDA,2005-03-28,25.14,25.5,24.6104,24.8504,1.8994
AAPL,2005-04-05,41.2188,42.2408,41.09,41.8908,1.2649
AAPL,2005-03-23,42.4508,43.4,42.0196,42.5488,1.2848
AAPL,2005-03-18,43.33,43.4392,42.5012,42.9604,1.2972
NVDA,2005-03-24,25.1504,25.83,25.11,25.13,1.9208
NVDA,2005-03-23,24.5204,25.25,24.47,25.08,1.917
NVDA,2005-03-30,24.3104,24.65,23.4704,24.3,1.8573
AAPL,2005-04-01,42.0896,42.1792,40.5692,40.8912,1.2347
AAPL,2005-03-21,43.2908,43.9712,42.8596,43.6996,1.3195
AAPL,2005-03-15,40.6392,41.1404,40.25,40.9612,1.2368
AAPL,2005-03-16,41.2104,42.3108,40.7792,41.1796,1.2434
NVDA,2005-04-05,23.4,23.8904,22.8404,22.98,1.7564
NVDA,2005-03-18,24.69,24.77,23.72,24.17,1.8474
AAPL,2005-03-01,44.9904,45.1108,44.1588,44.5004,1.3437
AAPL,2005-03-29,42.56,42.8288,41.4988,41.7508,1.2607
NVDA,2005-04-01,24.05,24.1904,23.39,23.5304,1.7985
AAPL,2005-03-09,39.6396,40.2808,38.8304,39.3512,1.1882
NVDA,2005-03-21,24.1604,25.0604,24.0104,25.0004,1.9108
NVDA,2005-03-15,26,26.25,25.3304,25.35,1.9376
NVDA,2005-03-09,26.27,26.76,25.67,25.7504,1.9682
AAPL,2005-03-02,44.2512,44.8896,44.0804,44.1196,1.3322
AAPL,2005-03-03,44.3688,44.4108,41.2188,41.79,1.2619
AAPL,2005-03-04,42.7588,43.0108,41.8488,42.8092,1.2926
AAPL,2005-03-07,42.8008,43.2488,42.35,42.7504,1.2909
AAPL,2005-03-14,40.5188,40.7904,39.5192,40.32,1.2175
NVDA,2005-03-16,25.25,25.6496,24.9104,24.92,1.9047
AAPL,2005-03-10,39.5304,40.2612,39.0992,39.83,1.2027
AAPL,2005-03-11,40.2108,40.5888,39.7992,40.2696,1.2159
NVDA,2005-03-29,24.8204,25.1,24.1904,24.3,1.8573
AAPL,2005-03-17,41.5296,42.8792,41.3196,42.2492,1.2757
AAPL,2005-03-08,41.8992,42.1596,40.0988,40.53,1.2238
NVDA,2005-03-14,25.68,25.98,25.5,25.8704,1.9773
NVDA,2005-03-10,25.83,26.06,25.3304,25.74,1.9674
NVDA,2005-03-11,26.01,26.01,24.93,25.16,1.9231
NVDA,2005-03-17,25.0004,25.0904,24.6104,24.6704,1.8856
NVDA,2005-03-08,27.78,27.84,26.2604,26.4404,2.0209
NVDA,2005-03-01,29.12,29.6,28.6304,28.92,2.2105
AAPL,2005-02-25,89.6224,89.908,88.1888,88.9896,1.3435
AAPL,2005-02-24,88.48,89.3088,87.7296,88.928,1.3426
AAPL,2005-02-28,44.6796,45.1388,43.96,44.8588,1.3545
AAPL,2005-02-23,86.7216,88.452,85.5512,88.228,1.332
NVDA,2005-03-02,28.7504,28.76,27.9,28.07,2.1455
NVDA,2005-03-03,28.0004,28.1804,27.2804,27.69,2.1164
NVDA,2005-03-04,27.77,28.01,27.3404,27.57,2.1073
AAPL,2005-02-22,86.3016,88.3008,85.288,85.288,1.2876
NVDA,2005-03-07,27.69,28.43,27.5,27.8504,2.1287
NVDA,2005-02-25,28.47,28.9904,28.16,28.8404,2.2043
NVDA,2005-02-24,27.32,28.47,27.32,28.43,2.173
AAPL,2005-02-18,87.7408,87.8584,86.2512,86.8112,1.3106
NVDA,2005-02-28,28.7,29,28.4504,28.9904,2.2158
AAPL,2005-02-11,79.8616,81.76,78.9376,81.2112,1.2261
AAPL,2005-02-15,86.66,89.0792,85.9992,88.4128,1.3348
AAPL,2005-02-16,88.1496,90.1992,87.3488,90.132,1.3608
NVDA,2005-02-23,28.17,28.52,27.24,27.6992,2.1171
NVDA,2005-02-22,28.14,29.2904,27.83,28.6304,2.1883
AAPL,2005-02-09,81.0376,81.9896,78.0976,78.7416,1.1888
AAPL,2005-02-10,78.7192,79.2792,76.6584,78.3608,1.1831
NVDA,2005-02-15,25.77,26.6504,25.73,25.83,1.9743
NVDA,2005-02-16,25.7504,26.12,25.28,25.74,1.9674
AAPL,2005-02-08,79.072,81.3792,78.792,80.8976,1.2214
AAPL,2005-02-07,78.932,79.352,77.4984,78.9376,1.1918
NVDA,2005-02-18,27.5804,28.3004,26.7104,28.2704,2.1608
AAPL,2005-02-04,77.868,78.932,77.532,78.8424,1.1903
NVDA,2005-02-09,25.8,25.88,24.7004,24.83,1.8978
NVDA,2005-02-08,25.32,26.1404,25.2404,25.73,1.9666
NVDA,2005-02-07,25.82,26.3,25.25,25.4804,1.9475
AAPL,2005-02-14,82.7288,84.7896,82.0512,84.6328,1.2777
NVDA,2005-02-10,24.96,25.5404,24.87,25.41,1.9422
AAPL,2005-02-17,90.6472,90.8824,87.4496,87.808,1.3257
AAPL,2005-02-03,79.1,79.4304,77.3304,77.812,1.1748
NVDA,2005-02-11,25.25,26.34,25.16,26.15,1.9987
AAPL,2005-02-02,77.952,79.912,77.6888,79.632,1.2022
AAPL,2005-01-31,74.5808,77.8904,74.508,76.8992,1.161
NVDA,2005-02-17,26.09,26.1,25.31,25.5104,1.9498
NVDA,2005-02-04,24.4004,25.86,24.39,25.79,1.9712
AAPL,2005-01-28,72.6208,73.9816,72.4416,73.9816,1.1169
AAPL,2005-02-01,77.0504,77.7672,76.58,77.532,1.1705
AAPL,2005-01-27,72.1616,72.9176,71.5512,72.6376,1.0967
NVDA,2005-02-14,26.1404,26.24,25.5,25.6004,1.9567
NVDA,2005-01-31,23.07,23.3504,22.6004,22.92,1.7519
NVDA,2005-02-02,24.27,24.84,23.58,24.65,1.8841
NVDA,2005-02-03,24.35,24.56,24.05,24.39,1.8642
AAPL,2005-01-26,72.66,72.7496,71.2208,72.2512,1.0908
AAPL,2005-01-07,64.9992,69.6304,64.7528,69.2496,1.0455
AAPL,2005-01-21,71.3104,71.6016,70,70.4872,1.0642
NVDA,2005-01-26,21,21.5,20.66,21.21,1.6212
AAPL,2005-01-14,70.252,71.7192,69.188,70.2016,1.0599
AAPL,2005-01-13,73.7072,74.4184,69.7312,69.7984,1.0538
AAPL,2005-01-12,65.4528,65.9008,63.3024,65.4584,0.9883
NVDA,2005-01-25,20.69,21.23,20.55,20.94,1.6005
NVDA,2005-01-21,21.4304,21.86,21.36,21.44,1.6387
NVDA,2005-01-18,21.27,21.9,21.2204,21.8504,1.6701
NVDA,2005-01-19,21.95,22.0004,21.26,21.35,1.6319
NVDA,2005-01-14,21.84,21.89,21.3,21.51,1.6441
NVDA,2005-01-13,21.27,22.0004,20.8004,21.44,1.6387
AAPL,2005-01-25,71.372,72.8392,70.9408,72.0496,1.0878
NVDA,2005-01-28,23,23.09,22.38,22.88,1.7488
NVDA,2005-02-01,22.9004,23.45,22.76,23.3504,1.7847
NVDA,2005-01-27,21.2504,23.01,21.12,22.91,1.7511
AAPL,2005-01-24,70.98,71.7808,70.5488,70.7616,1.0683
AAPL,2005-01-20,69.6472,71.2712,69.468,70.4592,1.0638
AAPL,2005-01-18,69.8488,70.7,67.7488,70.6496,1.0666
AAPL,2005-01-19,70.4872,71.4616,69.748,69.8824,1.0551
NVDA,2005-01-24,21.32,21.63,20.46,20.58,1.573
NVDA,2005-01-20,21.15,21.92,20.9204,21.4004,1.6357
AAPL,2005-01-11,68.2528,69.1488,64.1424,64.5624,0.9747
AAPL,2005-01-10,69.832,70.7,67.8776,68.9584,1.0411
NVDA,2005-01-12,21.6104,21.6704,20.7,21.2204,1.6219
AAPL,2005-01-05,64.4616,65.2512,64.0472,64.5008,0.9738
NVDA,2005-01-03,24.3404,24.72,23.48,23.58,1.8023
AAPL,2005-01-04,63.7896,65.4696,62.972,63.9408,0.9654
NVDA,2005-01-05,22.23,22.95,22.11,22.68,1.7335
AAPL,2005-01-03,64.7808,65.1112,62.6024,63.2912,0.9555
NVDA,2005-01-11,21.87,21.99,21.0704,21.4004,1.6357
AAPL,2004-12-31,64.8928,64.9992,64.0304,64.4,0.9723
NVDA,2005-01-10,22.05,22.3004,21.95,22.08,1.6877
NVDA,2005-01-07,22.5104,22.68,21.7004,22.0304,1.6838
AAPL,2004-12-29,63.812,64.9824,63.5712,64.4392,0.9729
AAPL,2004-12-30,64.8088,65.0272,64.2208,64.7976,0.9783
NVDA,2005-01-04,23.75,23.79,22.11,22.47,1.7175
AAPL,2004-12-27,64.7976,65.1504,62.8824,63.1624,0.9536
AAPL,2004-12-28,63.3024,64.2488,62.048,64.1816,0.969
NVDA,2004-12-29,22.68,23.2304,22.62,22.95,1.7541
NVDA,2004-12-31,23.19,23.6804,23.1,23.5604,1.8008
AAPL,2004-12-22,63.6608,64.3608,63.3976,63.7504,0.9625
AAPL,2004-12-23,63.7504,64.2488,63.5992,64.008,0.9664
AAPL,2004-12-20,65.4696,66.0016,61.7624,62.72,0.9469
NVDA,2004-12-22,23.39,23.55,22.9604,23.01,1.7587
NVDA,2004-12-30,22.9604,23.15,22.76,22.86,1.7473
AAPL,2005-01-06,64.6688,64.9096,63.3304,64.5512,0.9746
NVDA,2004-12-27,23.39,23.49,22.7504,22.8704,1.748
NVDA,2004-12-28,22.92,23.1,22.6604,22.7504,1.7389
AAPL,2004-12-15,65.24,65.4584,64.6576,65.2624,0.9853
AAPL,2004-12-17,66.8416,67.0376,64.8984,64.988,0.9812
NVDA,2004-12-23,22.88,23.33,22.77,23.07,1.7633
AAPL,2004-12-16,66.1472,67.5024,66.052,66.6008,1.0055
NVDA,2004-12-20,23.33,23.69,22.6904,22.8104,1.7434
AAPL,2004-12-13,65.6208,65.9008,64.6016,64.9096,0.98
AAPL,2004-12-14,65.4024,65.8784,65.0216,65.2904,0.9857
NVDA,2005-01-06,23.0804,23.3504,22.3004,22.46,1.7167
AAPL,2004-12-21,63.56,63.7672,61.6,63.6888,0.9615
NVDA,2004-12-17,24.09,24.1904,22.79,23.0592,1.7625
AAPL,2004-12-10,65.0272,66.052,64.7024,65.1504,0.9836
NVDA,2004-12-13,22.9604,23.2604,22.56,22.67,1.7327
AAPL,2004-12-09,62.8096,64.4,62.0704,63.9912,0.9661
NVDA,2004-12-15,23.3552,23.4104,23,23.34,1.784
NVDA,2004-12-14,22.6904,23.15,22.65,23.13,1.7679
AAPL,2004-12-07,65.9288,66.7296,62.5576,62.888,0.9495
AAPL,2004-12-08,63.0784,64.428,62.048,63.28,0.9554
NVDA,2004-12-08,23.16,23.5004,22.9004,23.0804,1.7641
NVDA,2004-12-09,22.61,23.1104,22.23,22.8704,1.748
NVDA,2004-12-16,24.09,24.86,23.61,23.6504,1.8077
NVDA,2004-12-10,23.36,23.5604,23.1704,23.31,1.7817
NVDA,2004-12-21,22.8104,23.1404,22.25,22.98,1.7564
AAPL,2004-11-24,61.6896,65.2008,61.5496,64.0472,0.967
AAPL,2004-12-03,64.5288,64.9992,61.7512,62.6808,0.9463
NVDA,2004-12-07,22.9904,24.96,22.5404,22.8104,1.7434
AAPL,2004-12-06,64.2488,66.2424,62.9496,65.7776,0.9931
AAPL,2004-11-26,65.352,65.7608,64.3384,64.5512,0.9746
AAPL,2004-12-01,67.788,67.9504,66.2704,67.788,1.0234
AAPL,2004-11-29,68.9528,69.5688,67.4128,68.4376,1.0332
NVDA,2004-12-01,19.29,19.61,19.16,19.61,1.4989
AAPL,2004-11-22,61.8016,64.0024,57.8984,61.348,0.9262
AAPL,2004-11-23,62.3,62.4512,61.0512,61.2696,0.925
AAPL,2004-12-02,66.1304,66.8976,64.6576,65.212,0.9845
NVDA,2004-12-03,20.3504,21,20.28,20.73,1.5845
NVDA,2004-11-26,19.7504,20.04,19.58,19.86,1.518
NVDA,2004-11-29,20.01,20.15,19.3004,19.47,1.4882
AAPL,2004-11-30,68.7904,68.7904,67.0488,67.0488,1.0123
AAPL,2004-11-19,55.4904,56.9128,54.4992,55.1712,0.833
NVDA,2004-11-22,19.0304,19.5,18.8504,19.5,1.4905
NVDA,2004-11-23,19.34,19.79,19.1804,19.58,1.4966
NVDA,2004-11-24,19.56,19.98,19.5104,19.6604,1.5027
NVDA,2004-12-02,19.4204,20.0204,19.2704,19.8704,1.5187
NVDA,2004-12-06,20.8304,21.89,20.46,21.72,1.6601
AAPL,2004-11-18,54.2976,55.4512,54.292,55.3896,0.8362
NVDA,2004-11-30,19.55,19.5704,19.02,19.13,1.4622
AAPL,2004-11-09,54.2304,54.5496,53.3792,54.0512,0.816
AAPL,2004-11-12,55.0088,55.692,54.8408,55.5016,0.8379
AAPL,2004-11-17,55.188,55.4512,54.2192,54.9024,0.8289
AAPL,2004-11-16,55.16,55.1992,54.4824,54.9416,0.8295
AAPL,2004-11-10,53.9504,55.3896,53.9112,54.7512,0.8266
NVDA,2004-11-18,18.77,19.02,18.39,18.86,1.4415
AAPL,2004-11-15,55.1992,55.4624,54.3424,55.2384,0.834
AAPL,2004-11-11,54.9472,55.4288,54.2304,55.3,0.8349
AAPL,2004-11-08,54.2696,55.4512,53.8608,54.3816,0.821
NVDA,2004-11-19,20.2604,20.5304,18.81,18.96,1.4492
NVDA,2004-11-12,18.35,18.4004,17.9204,18.1004,1.3834
NVDA,2004-11-17,18.53,19.1084,18.42,18.62,1.4232
NVDA,2004-11-16,18.4304,18.63,17.97,18.3104,1.3995
NVDA,2004-11-15,17.9204,18.5,17.81,18.3704,1.4041
NVDA,2004-11-10,17.7,17.8904,17.6204,17.72,1.3544
NVDA,2004-11-09,17.5604,17.9804,17.55,17.72,1.3544
AAPL,2004-11-05,54.8576,54.9976,52.0408,54.7176,0.8261
NVDA,2004-11-11,17.8304,18.0704,17.7104,18.0704,1.3812
NVDA,2004-11-08,17.4468,18.0704,17.37,17.8304,1.3628
AAPL,2004-11-01,52.5,53.2616,52.0408,52.4496,0.7919
AAPL,2004-11-03,54.3704,56.112,53.9896,55.3112,0.8351
AAPL,2004-11-02,52.3992,54.0792,52.3992,53.5024,0.8078
AAPL,2004-10-27,48.5072,50.6184,48.1712,50.2992,0.7594
AAPL,2004-10-29,51.8392,53.2,51.8,52.3992,0.7911
AAPL,2004-10-26,47.4488,48.048,46.9728,47.9696,0.7242
AAPL,2004-10-25,47.2024,47.8408,47.068,47.5496,0.7179
AAPL,2004-10-28,49.98,52.22,49.4984,52.192,0.788
NVDA,2004-11-05,17.72,18.77,17.4404,17.64,1.3483
NVDA,2004-11-03,15.56,15.65,15.05,15.1304,1.1564
